Customer ID,Recency,Frequency,Monetary,Country,Cluster,PCA1,PCA2,Segment
12346,326,1,77183.6,India,3,4.107553060732491,5.4399916318121715,Loyal Customers
12347,2,7,4310.0,Iceland,0,0.7430438119118514,-0.6707557613143144,New / Low-Value
12348,75,4,1797.24,Finland,0,0.02522940181792972,-0.17467510770468897,New / Low-Value
12349,19,1,1757.55,Italy,0,-0.027490871218167113,-0.7346035976082349,New / Low-Value
12350,310,1,334.4,Norway,1,-1.235593404889959,1.8346846932745176,At Risk / Lost
12352,36,8,2506.04,Norway,0,0.5744476930177808,-0.42718360757578766,New / Low-Value
12353,204,1,89.0,Bahrain,1,-0.8492391887392798,0.8643989296019725,At Risk / Lost
12354,232,1,1079.4,Spain,1,-0.8862080207433969,1.16237954431257,At Risk / Lost
12355,214,1,459.4,Bahrain,1,-0.8612689964080755,0.9715719348218226,At Risk / Lost
12356,23,3,2811.43,Portugal,0,0.20682624549400577,-0.6166996078746496,New / Low-Value
12357,33,1,6207.67,Switzerland,0,0.23213639134136047,-0.4075233861387879,New / Low-Value
12358,2,2,1168.06,Austria,0,0.0835051894905306,-0.8978628277873482,New / Low-Value
12359,58,4,6310.03,Cyprus,0,0.40730078112772705,-0.12530397904900617,New / Low-Value
12360,52,3,2662.06,Austria,0,0.08590064643958001,-0.3609934042469974,New / Low-Value
12361,287,1,189.9,Belgium,1,-1.1581787680268554,1.620041878203423,At Risk / Lost
12362,3,10,5226.23,Belgium,0,1.0668234794469869,-0.569073193631428,New / Low-Value
12363,110,2,552.0,Unspecified,0,-0.3710425641149138,0.05173020467087815,New / Low-Value
12364,8,4,1313.1,Belgium,0,0.24629698673205716,-0.8027850889491188,New / Low-Value
12365,291,2,641.38,Cyprus,1,-1.0539418884408058,1.6936946933395478,At Risk / Lost
12367,4,1,168.9,Denmark,0,-0.0820906808527075,-0.9418813094586022,New / Low-Value
12370,51,4,3541.94,Cyprus,0,0.2393010462581819,-0.3132967059824154,New / Low-Value
12371,45,2,1887.96,Switzerland,0,-0.02960006198046199,-0.47632195827578505,New / Low-Value
12372,72,3,1298.04,Denmark,0,-0.08617081825779534,-0.24142736204370727,New / Low-Value
12373,311,1,364.6,Austria,1,-1.2372773774041712,1.84509398884466,At Risk / Lost
12374,25,1,742.9300000000001,Austria,0,-0.12168528397821457,-0.7259955554026206,New / Low-Value
12375,11,2,457.5,Finland,0,-0.0007305416329653558,-0.8484148028157081,New / Low-Value
12377,315,2,1628.12,Switzerland,1,-1.0759374951128458,1.9553129357196957,At Risk / Lost
12378,130,1,4008.62,Switzerland,0,-0.2918437563689084,0.37124436672696004,New / Low-Value
12379,82,2,852.24,Belgium,0,-0.24331537117840757,-0.1881329376645804,New / Low-Value
12380,22,4,2724.81,Belgium,0,0.2922619488510426,-0.6125243695451167,New / Low-Value
12381,5,5,1845.31,Norway,0,0.382864381395417,-0.7888427395025678,New / Low-Value
12383,185,5,1850.56,Belgium,1,-0.3021433512545164,0.8402839876525582,At Risk / Lost
12384,29,2,585.27,Switzerland,0,-0.060283391668520654,-0.6797722923666878,New / Low-Value
12386,338,2,401.9,Australia,1,-1.2497417530145385,2.108232278920981,At Risk / Lost
12388,16,6,2780.66,Australia,0,0.49447366118837727,-0.63005554116075,New / Low-Value
12390,80,1,549.84,Belgium,0,-0.3446841799809712,-0.23697390447776115,New / Low-Value
12391,22,1,439.66,Cyprus,0,-0.13158841247435782,-0.7667999644973079,New / Low-Value
12393,72,4,1582.6000000000001,Australia,0,0.02155877311215226,-0.2114885111149029,New / Low-Value
12394,64,2,1272.48,Belgium,0,-0.14522622180720582,-0.3320985776955913,New / Low-Value
12395,19,12,3018.63,Belgium,0,1.026100122871037,-0.4894408419805252,New / Low-Value
12397,36,2,2409.9,Belgium,0,0.04137182946731706,-0.5342635350042267,New / Low-Value
12398,46,1,1635.6599999999999,Switzerland,0,-0.13886876577697488,-0.49575875190918434,New / Low-Value
12399,119,4,1108.65,Belgium,0,-0.19072912289390634,0.19249089887318258,New / Low-Value
12401,303,1,84.3,Belgium,1,-1.2265269979661713,1.7600769646875691,At Risk / Lost
12402,323,1,225.6,Belgium,1,-1.292743711626275,1.9474275118773343,At Risk / Lost
12403,50,1,427.7,Denmark,0,-0.23904363159199193,-0.5139555842207464,New / Low-Value
12405,149,1,1710.39,Finland,1,-0.5258016212869079,0.4396935758578999,At Risk / Lost
12406,22,2,3415.3,Denmark,0,0.16537908407281532,-0.6156818788018074,New / Low-Value
12407,50,5,1708.1200000000001,Belgium,0,0.20187289275267714,-0.3877978202638683,New / Low-Value
12408,33,5,2888.55,Belgium,0,0.3496112809598765,-0.4884827415090236,New / Low-Value
12409,79,3,11072.67,Switzerland,0,0.5745318285060219,0.2620696068900318,New / Low-Value
12410,309,2,693.3299999999999,Switzerland,1,-1.1188264335469416,1.8589230319393437,At Risk / Lost
12412,75,3,1226.88,Denmark,0,-0.10259776870226647,-0.21748352226457143,New / Low-Value
12413,67,3,758.1,France,0,-0.10510138407965784,-0.31098779398354354,New / Low-Value
12414,217,3,562.41,Austria,1,-0.6900098182952642,1.0376088922874882,At Risk / Lost
12415,24,21,124914.53,Australia,2,10.368306973749695,5.198900185998178,Champions (VIP)
12417,3,9,3649.1,Belgium,0,0.8681998087130196,-0.6572164247653502,New / Low-Value
12418,113,1,668.58,Switzerland,0,-0.46198676641686787,0.0670028453860039,New / Low-Value
12420,64,1,600.39,Cyprus,0,-0.28020708976251324,-0.3794878904646745,New / Low-Value
12421,16,4,807.04,Spain,0,0.18024943325420578,-0.7531778270626177,New / Low-Value
12422,96,3,803.5600000000001,Australia,0,-0.21232645358249877,-0.046508402524390514,New / Low-Value
12423,1,8,1859.31,Belgium,0,0.6622370941991603,-0.7730345093155124,New / Low-Value
12424,163,2,1760.96,Australia,1,-0.4878334009245114,0.5857873348972659,At Risk / Lost
12425,78,1,777.2,Portugal,0,-0.3210808277577406,-0.24483467325807756,New / Low-Value
12426,195,1,582.73,Germany,1,-0.780251036647094,0.8051870575969992,At Risk / Lost
12427,22,3,825.8,Germany,0,0.0710035378200772,-0.7151618454011222,New / Low-Value
12428,26,9,7956.46,Finland,0,1.0835192808121414,-0.25512017492424166,New / Low-Value
12429,9,4,3750.4,Denmark,0,0.4138813234290536,-0.6839841677093884,New / Low-Value
12430,43,1,256.4,Norway,0,-0.22443597471355203,-0.5850149516665858,New / Low-Value
12431,36,15,6419.95,Australia,3,1.4637099975863723,-0.1310645111046127,Loyal Customers
12432,43,5,5059.32,Norway,0,0.46418426746439473,-0.3002391405072138,New / Low-Value
12433,1,7,13375.87,Norway,0,1.3843673462917112,-0.2715693547929908,New / Low-Value
12434,85,2,806.14,Australia,0,-0.2579800916246099,-0.16306064699463,New / Low-Value
12435,80,2,7829.89,Denmark,0,0.25497128252184115,0.10797160735227082,New / Low-Value
12436,100,1,509.01,Norway,0,-0.42370835372027277,-0.05782466458025725,New / Low-Value
12437,2,18,4951.41,France,3,1.7530593445873586,-0.4534967233047648,Loyal Customers
12438,14,2,2906.85,Norway,0,0.16008585720175575,-0.7109724891815382,New / Low-Value
12441,367,1,173.55,France,1,-1.4639404692551883,2.3432568915613157,At Risk / Lost
12442,3,1,172.06,Spain,0,-0.07806081876378457,-0.950788405439057,New / Low-Value
12444,21,5,5005.46,Norway,0,0.5441650986566766,-0.5017510490009498,New / Low-Value
12445,22,1,133.4,Spain,0,-0.1531247476407509,-0.7805908411860902,New / Low-Value
12446,58,1,1002.3100000000001,RSA,0,-0.22909800501281327,-0.41568579144132295,New / Low-Value
12447,243,1,476.49,Belgium,1,-0.970489056535453,1.2347738262102488,At Risk / Lost
12448,44,1,449.45,Spain,0,-0.21466826505625283,-0.5672725265046971,New / Low-Value
12449,22,4,4067.29,Belgium,0,0.3866657209211118,-0.5520725438507508,New / Low-Value
12450,156,2,197.88,Spain,1,-0.5710963133593431,0.4520561645456813,At Risk / Lost
12451,11,5,9035.52,Switzerland,0,0.8656371496687298,-0.41077150007099517,New / Low-Value
12452,17,2,430.57,Switzerland,0,-0.025470168000748864,-0.7953311157438254,New / Low-Value
12453,134,1,707.09,Austria,0,-0.5392393666961228,0.2587741532708343,New / Low-Value
12454,56,1,3528.34,Spain,0,-0.043851187900492423,-0.32003753351817393,New / Low-Value
12455,73,6,2466.86,Cyprus,0,0.25537108691751265,-0.1283706758248725,New / Low-Value
12456,44,3,3181.04,Switzerland,0,0.1528567398846155,-0.41001887900224054,New / Low-Value
12457,66,7,2363.23,Switzerland,0,0.3624565369087363,-0.17925774117306423,New / Low-Value
12458,71,2,947.4,Switzerland,0,-0.19473953417410061,-0.2833911836409154,New / Low-Value
12461,94,2,826.88,Switzerland,0,-0.2907904916334214,-0.08068220955480439,New / Low-Value
12462,19,2,1189.59,Spain,0,0.020289146403810014,-0.7430536913497131,New / Low-Value
12463,53,4,1344.78,Belgium,0,0.07718050925482628,-0.39413595973708054,New / Low-Value
12464,10,8,1212.05,Belgium,0,0.5824526463514192,-0.7207360876404182,New / Low-Value
12465,17,2,742.1899999999999,Belgium,0,-0.0035569153247499885,-0.7812988784495056,New / Low-Value
12468,188,2,729.5400000000001,Germany,1,-0.6555545379421255,0.7655772963627585,At Risk / Lost
12471,2,30,19788.65,Germany,3,3.8490509693517745,0.42012514902795045,Loyal Customers
12472,32,7,6572.11,Germany,0,0.7878868760286719,-0.2974113101101734,New / Low-Value
12473,29,5,3928.0499999999997,Germany,0,0.43793996698605214,-0.4778716568856751,New / Low-Value
12474,17,18,7324.09,Germany,3,1.8627924816577612,-0.21091416899927448,Loyal Customers
12475,54,1,723.38,Germany,0,-0.2334818846936436,-0.4644435618848825,New / Low-Value
12476,16,11,6816.42,Germany,0,1.2168660911536981,-0.36269979251581186,New / Low-Value
12477,23,6,13219.74,Germany,0,1.2019007182614412,-0.09663841283348441,New / Low-Value
12478,4,1,680.99,Greece,0,-0.046080291394866996,-0.9188219153374027,New / Low-Value
12479,11,1,527.2,Germany,0,-0.08354841715348299,-0.8624013387971866,New / Low-Value
12480,28,4,3281.63,Germany,0,0.3085718740191501,-0.5331544411518836,New / Low-Value
12481,23,10,5579.82,Germany,0,1.0155350900619227,-0.37216323544361685,New / Low-Value
12483,17,8,2484.98,Sweden,0,0.6453120857616021,-0.6000703612620923,New / Low-Value
12484,33,6,4527.32,Spain,0,0.5525695030543103,-0.3975638634114218,New / Low-Value
12488,10,3,1298.66,France,0,0.14994705110132012,-0.8024616647463514,New / Low-Value
12489,336,1,334.93,France,1,-1.3345550227711154,2.06999271646632,At Risk / Lost
12490,5,10,5417.93,France,0,1.0726886069952861,-0.5423421682547519,New / Low-Value
12491,39,1,460.40000000000003,France,0,-0.19486000870148668,-0.6120264017310113,New / Low-Value
12492,63,2,263.21000000000004,Germany,0,-0.2123908735709288,-0.38659535984473903,New / Low-Value
12493,166,2,433.74,France,1,-0.5925870318009674,0.5531708384466886,At Risk / Lost
12494,16,7,1246.1000000000001,France,0,0.47428195030569975,-0.6820315978336492,New / Low-Value
12497,82,1,1043.1,Germany,0,-0.317613223291493,-0.1966636432417851,New / Low-Value
12498,21,3,403.70000000000005,Germany,0,0.045128933465911535,-0.7432183837529985,New / Low-Value
12500,23,11,4257.82,Germany,0,1.0102906899706265,-0.41456772302826567,New / Low-Value
12501,337,1,2169.39,Germany,1,-1.2093626546358258,2.1616477743772915,At Risk / Lost
12502,96,5,3723.87,Spain,0,0.16846942307717616,0.11924329973123991,New / Low-Value
12504,18,2,482.04999999999995,Germany,0,-0.025657721745481515,-0.7839635825457285,New / Low-Value
12506,233,1,73.5,France,1,-0.9607509917095778,1.1261332944727755,At Risk / Lost
12507,134,3,1304.81,Spain,0,-0.32176901963258486,0.3199397120908251,New / Low-Value
12508,26,2,397.88,France,0,-0.06203778863236575,-0.715358629265541,New / Low-Value
12509,284,1,176.5,France,1,-1.147698113219001,1.5922903046921528,At Risk / Lost
12510,143,2,982.5699999999999,Spain,0,-0.46641713058432344,0.36974864812134406,New / Low-Value
12512,66,2,132.18,Israel,0,-0.23302790821317948,-0.3653474639934991,New / Low-Value
12513,113,1,612.29,France,0,-0.46594510347203755,0.06446810872822437,New / Low-Value
12514,267,1,1017.68,Italy,1,-1.0238159311934736,1.4763289682551035,At Risk / Lost
12515,353,1,383.7,Italy,1,-1.3958555373202124,2.226028469115678,At Risk / Lost
12516,78,2,1312.06,Germany,0,-0.19575003253437373,-0.20362482241024293,New / Low-Value
12517,28,5,2481.6,Germany,0,0.34003262924295297,-0.5520546385737827,New / Low-Value
12518,1,5,2056.89,Germany,0,0.4129733762736786,-0.8155128624419982,New / Low-Value
12519,64,1,330.84,Germany,0,-0.2991619619106921,-0.3916257171853082,New / Low-Value
12520,79,5,2634.26,Germany,0,0.15657762033185496,-0.08366144035608712,New / Low-Value
12521,143,1,599.68,Germany,1,-0.5810613299243338,0.3353820008599859,At Risk / Lost
12522,39,2,192.72,Germany,0,-0.12596417208987817,-0.6069548979667506,New / Low-Value
12523,19,11,1789.77,France,0,0.8519669486054288,-0.5619014876498021,New / Low-Value
12524,9,8,4485.72,Germany,0,0.8164661808919853,-0.5823722369760955,New / Low-Value
12526,1,3,1316.66,Germany,0,0.18548166460306595,-0.8830956413916774,New / Low-Value
12527,82,3,348.71000000000004,Germany,0,-0.19100460819376242,-0.19368175084360104,New / Low-Value
12528,9,6,1933.48,Germany,0,0.46155314523242236,-0.7315497604854316,New / Low-Value
12530,60,4,1662.28,Germany,0,0.07285369937346949,-0.31649321159542715,New / Low-Value
12531,15,1,125.22,Germany,0,-0.12704642207445746,-0.8443049209499791,New / Low-Value
12532,30,1,349.83000000000004,France,0,-0.16836649300011686,-0.6984498808117737,New / Low-Value
12534,131,1,1089.18,Germany,0,-0.5009476846729715,0.24883148011105174,New / Low-Value
12535,92,2,716.35,France,0,-0.29094770980584345,-0.1037581527763559,New / Low-Value
12536,43,3,12601.830000000002,France,0,0.8191384015982968,0.005149562242463895,New / Low-Value
12538,29,1,363.95,Spain,0,-0.16356591898856715,-0.706863448389861,New / Low-Value
12539,22,4,5568.35,Spain,0,0.492220906922764,-0.4844798665097215,New / Low-Value
12540,20,17,13400.24,Spain,3,2.190927809714265,0.07271769260061124,Loyal Customers
12541,30,3,981.18,Spain,0,0.05146873015447376,-0.6357699643118907,New / Low-Value
12544,36,1,372.7,Spain,0,-0.1896041619092496,-0.6431237015466519,New / Low-Value
12545,75,2,1000.39,Spain,0,-0.2062438526500484,-0.24480748320017523,New / Low-Value
12546,47,2,1161.5,Spain,0,-0.08830034126418625,-0.4909356443879498,New / Low-Value
12547,198,2,207.79999999999998,Spain,1,-0.730320014831015,0.8325772697497531,At Risk / Lost
12548,166,1,95.19999999999999,Spain,1,-0.7041125200307136,0.5208012700762971,At Risk / Lost
12550,79,1,964.83,Spain,0,-0.31169425483590096,-0.2273363104995493,New / Low-Value
12551,358,1,168.0,Spain,1,-1.4300619019010574,2.2615624592703925,At Risk / Lost
12552,39,2,437.82,Italy,0,-0.10872863447712124,-0.5959180538590625,New / Low-Value
12553,8,10,3692.28,France,0,0.9399172068366972,-0.5928999531501524,New / Low-Value
12556,50,2,599.56,Spain,0,-0.1392391527840913,-0.4890916102031476,New / Low-Value
12557,16,5,11990.960000000001,Spain,0,1.0544267163213326,-0.23244119076632594,New / Low-Value
12558,8,1,269.96,USA,0,-0.09021469621545565,-0.901133018661858,New / Low-Value
12559,311,2,561.71,Germany,1,-1.1356973077161314,1.87109496944618,At Risk / Lost
12560,5,3,2134.01,Germany,0,0.22772747068724428,-0.8100928378821798,New / Low-Value
12561,303,1,238.85,Germany,1,-1.2156589753711016,1.7670363455804423,At Risk / Lost
12562,8,7,3781.7400000000002,France,0,0.683050443922675,-0.6402469459540074,New / Low-Value
12564,261,1,456.9,France,1,-1.0404043252679316,1.3967807212055405,At Risk / Lost
12565,289,1,145.92,Saudi Arabia,1,-1.1688867596322674,1.63616024173065,At Risk / Lost
12566,86,1,351.65,Germany,0,-0.38146688334410656,-0.19160204899250682,New / Low-Value
12567,23,10,9401.28,France,0,1.2842618039160483,-0.200083030287494,New / Low-Value
12569,2,32,4124.69,Germany,3,2.922992971712671,-0.2509721525727405,Loyal Customers
12571,40,2,519.61,France,0,-0.10678477596137786,-0.5831856624606229,New / Low-Value
12572,9,2,1020.42,Germany,0,0.046469534381928745,-0.8411653169702563,New / Low-Value
12573,227,1,160.54000000000002,France,1,-0.9317844042405995,1.0757563585200811,At Risk / Lost
12574,316,1,218.45,France,1,-1.2665929560161582,1.8837598129760766,At Risk / Lost
12576,36,5,1315.83,Poland,0,0.2275939842983048,-0.5321540940527769,New / Low-Value
12577,35,3,626.6,France,0,0.007496264130708536,-0.6064897355185626,New / Low-Value
12578,21,2,2794.51,Italy,0,0.12553251330380394,-0.6526854206451425,New / Low-Value
12579,78,1,440.42,France,0,-0.34476334247509793,-0.2599998644395839,New / Low-Value
12580,247,1,415.7,Germany,1,-0.9899944336388161,1.2682340173789666,At Risk / Lost
12581,40,1,197.71,Germany,0,-0.21714013222100453,-0.6148059322347192,New / Low-Value
12582,239,2,511.36,Finland,1,-0.8650871754469192,1.2172715828346563,At Risk / Lost
12583,3,15,7281.38,France,3,1.6499385607741908,-0.390904241429281,Loyal Customers
12584,4,9,2338.15,Italy,0,0.7722055903018307,-0.7071990650378265,New / Low-Value
12585,234,2,2040.1,Germany,1,-0.7385472722816007,1.2408637362424013,At Risk / Lost
12586,17,1,196.94000000000003,Italy,0,-0.12961833982513252,-0.8229765906203876,New / Low-Value
12587,8,1,144.0,Finland,0,-0.09907225769119153,-0.9068049928919861,New / Low-Value
12588,39,1,214.89999999999998,Finland,0,-0.21212367448660227,-0.6230812578241872,New / Low-Value
12589,29,2,646.68,France,0,-0.055965014007160384,-0.6770070022946636,New / Low-Value
12590,211,2,9864.26,Germany,1,-0.10077303054998715,1.3850493918655933,At Risk / Lost
12591,317,1,452.84999999999997,Italy,1,-1.2539174965412843,1.903364227137773,At Risk / Lost
12592,92,2,437.6,Germany,0,-0.310549529918271,-0.11631025516321046,New / Low-Value
12593,109,3,418.09999999999997,France,0,-0.28893161073066836,0.053776426315745654,New / Low-Value
12594,38,10,3338.2200000000003,Italy,0,0.8007900692547565,-0.3373615421304682,New / Low-Value
12596,51,2,618.27,Spain,0,-0.14173110704930558,-0.4791997089161439,New / Low-Value
12597,19,4,3811.22,Spain,0,0.3800817167632881,-0.5907515386578701,New / Low-Value
12598,10,8,3023.08,France,0,0.7098050563180909,-0.6391854724452066,New / Low-Value
12599,29,7,1032.58,France,0,0.4097676880458917,-0.574004317031555,New / Low-Value
12600,29,10,2599.04,Germany,0,0.7830794588902139,-0.4520913067050446,New / Low-Value
12601,190,5,577.0600000000001,Germany,1,-0.4107346676377864,0.8281852821846185,At Risk / Lost
12602,59,1,153.12,France,0,-0.2926210612531877,-0.44487539566661016,New / Low-Value
12603,22,1,739.1999999999999,Germany,0,-0.11052463060358993,-0.7533116891647217,New / Low-Value
12604,79,2,254.18,France,0,-0.27394825949855983,-0.24221172976418545,New / Low-Value
12607,60,1,1579.51,USA,0,-0.19612435135387443,-0.3715957150507188,New / Low-Value
12609,78,3,1126.85,Germany,0,-0.12105486998672252,-0.1948396975380222,New / Low-Value
12610,23,5,2099.54,Italy,0,0.33220425305104584,-0.6145057398415595,New / Low-Value
12611,52,1,1193.32,Italy,0,-0.1928202023435155,-0.46138096206608437,New / Low-Value
12612,74,1,704.0400000000001,Germany,0,-0.31099487237297724,-0.28432662806704323,New / Low-Value
12613,57,5,3344.38,Germany,0,0.2902818543205221,-0.25077135716727916,New / Low-Value
12614,278,1,315.6,Germany,1,-1.1150706441175458,1.544257628650704,At Risk / Lost
12615,2,4,2291.19,France,0,0.3379225941514518,-0.813038075729412,New / Low-Value
12616,95,2,713.3,France,0,-0.302585135701947,-0.07674732216827422,New / Low-Value
12617,29,1,352.98,France,0,-0.1643373341155029,-0.7073574270918657,New / Low-Value
12618,22,1,177.31,Italy,0,-0.15003697752008116,-0.7786135754791601,New / Low-Value
12619,16,9,3641.24,Germany,0,0.8181476462714066,-0.5399282816246714,New / Low-Value
12620,15,3,1339.41,France,0,0.13377436102390822,-0.755379740395731,New / Low-Value
12621,2,20,13689.67,Germany,3,2.5429759721819147,-0.025762943626352265,Loyal Customers
12622,232,1,180.1,Germany,1,-0.9494471842487103,1.121884097939482,At Risk / Lost
12623,276,1,305.1,Germany,1,-1.1081937095873806,1.5256860327000297,At Risk / Lost
12624,106,2,641.13,France,0,-0.3495443059999411,0.019546162673975735,New / Low-Value
12625,212,2,2683.82,Germany,1,-0.6095123149044678,1.070763829840224,At Risk / Lost
12626,23,9,6620.48,Germany,0,1.000995540124769,-0.3424274778518565,New / Low-Value
12627,11,7,4478.53,Germany,0,0.7206260683852487,-0.5817223455363606,New / Low-Value
12628,4,3,786.46,Germany,0,0.13677482355981901,-0.8798223561584133,New / Low-Value
12630,10,2,1270.88,Finland,0,0.0602743399770018,-0.8208377215912219,New / Low-Value
12631,57,1,640.5,Finland,0,-0.2507329905882229,-0.44102747328054115,New / Low-Value
12633,59,4,2163.98,Germany,0,0.11194110908158397,-0.3029510694630838,New / Low-Value
12635,90,2,1689.18,Germany,0,-0.2149225859621235,-0.07805043450257913,New / Low-Value
12637,67,8,6002.9,France,0,0.7023112596568898,0.010810981997009446,New / Low-Value
12638,33,1,671.69,Sweden,0,-0.15715610769360583,-0.656808364691538,New / Low-Value
12639,239,1,486.1,Sweden,1,-0.9545826790853781,1.1990090014983594,At Risk / Lost
12640,24,3,1174.58,France,0,0.08791459865361441,-0.6813575133233623,New / Low-Value
12641,115,1,185.9,Sweden,0,-0.5035443310566187,0.06336656382941733,New / Low-Value
12642,25,3,1013.26,Germany,0,0.07276285721408508,-0.6795723564048085,New / Low-Value
12643,128,6,3344.64,France,0,0.10767623074899937,0.4088722123484567,New / Low-Value
12644,130,1,477.91,Germany,0,-0.5401248049398472,0.21225662352232774,New / Low-Value
12645,34,4,1775.18,Germany,0,0.17979176373122718,-0.5466934860025086,New / Low-Value
12646,5,2,1346.97,USA,0,0.08466326920037254,-0.8626583449808376,New / Low-Value
12647,22,12,3722.82,Germany,0,1.0641961185222455,-0.4305830198313529,New / Low-Value
12648,155,1,318.05,Germany,1,-0.6465574672052197,0.4312929001673251,At Risk / Lost
12649,107,3,623.51,Germany,0,-0.26687179196561817,0.04492724983178276,New / Low-Value
12650,3,1,314.44,France,0,-0.06804859581272649,-0.9443770392046521,New / Low-Value
12651,335,1,114.0,France,1,-1.3462832660418116,2.050994855915927,At Risk / Lost
12652,331,1,919.98,France,1,-1.2743758070386102,2.051090543411461,At Risk / Lost
12653,149,2,2209.85,Israel,1,-0.4029601693172807,0.47930936599005863,At Risk / Lost
12654,11,5,601.98,Germany,0,0.2725869828850078,-0.7905335002992764,New / Low-Value
12656,17,5,4051.17,France,0,0.4922896127655177,-0.5809202557422174,New / Low-Value
12657,11,4,1643.18,France,0,0.25808540598053825,-0.7607734265271076,New / Low-Value
12658,19,1,686.05,Germany,0,-0.1028392129238753,-0.782853203733848,New / Low-Value
12659,30,1,91.68,France,0,-0.18651971223607444,-0.7100743659460033,New / Low-Value
12660,11,1,245.1,France,0,-0.1033858107094142,-0.875104291562502,New / Low-Value
12662,1,11,3849.78,Germany,0,1.0653654309479503,-0.6320283440722299,New / Low-Value
12664,8,9,4881.88,Finland,0,0.9358511818772833,-0.5564574327619863,New / Low-Value
12665,325,1,63.0,Germany,1,-1.3117931127446416,1.9582044211081358,At Risk / Lost
12667,58,1,620.13,Finland,0,-0.25597306729287633,-0.4328953429757017,New / Low-Value
12668,12,4,3807.15,Germany,0,0.4064490593005667,-0.6542805452708712,New / Low-Value
12669,151,3,2744.0299999999997,France,1,-0.2852924910415029,0.5385873777941818,At Risk / Lost
12670,10,5,2996.05,France,0,0.4447466664089236,-0.6917780057227646,New / Low-Value
12672,330,1,225.89999999999998,France,1,-1.3193761621880336,2.010786755527112,At Risk / Lost
12673,5,2,610.52,Germany,0,0.03287578786657058,-0.8958206617621794,New / Low-Value
12674,39,4,1970.6,France,0,0.17449553470059265,-0.49264677716336874,New / Low-Value
12676,25,6,1331.39,Sweden,0,0.35829152455725305,-0.6138716006884581,New / Low-Value
12678,42,12,17628.46,France,3,1.9658937246694652,0.3765752581834444,Loyal Customers
12679,59,4,1113.02,France,0,0.038037149026491975,-0.35027576013389516,New / Low-Value
12680,1,4,880.81,France,0,0.2425517143507931,-0.8855968266261517,New / Low-Value
12681,15,22,13787.54,France,3,2.6757972080070203,0.1305364664838829,Loyal Customers
12682,4,31,12279.82,France,3,3.40113071872188,0.11722671233522994,Loyal Customers
12683,4,15,8476.57,France,3,1.7301771870502098,-0.32803548842537456,Loyal Customers
12684,8,7,2283.63,France,0,0.5777027031921678,-0.7077067849020637,New / Low-Value
12685,28,6,2863.08,France,0,0.45457767677539906,-0.5177514835612691,New / Low-Value
12686,372,1,89.14,France,1,-1.4889144644636187,2.3847028656527844,At Risk / Lost
12688,114,1,4873.8099999999995,Israel,0,-0.17008083032484334,0.26541359038462853,New / Low-Value
12689,26,2,1247.61,France,0,-0.0022844088865968306,-0.6770953181940363,New / Low-Value
12690,206,1,389.01,France,1,-0.8357576553205699,0.8960071503491247,At Risk / Lost
12691,28,6,1035.8,France,0,0.3260825598066577,-0.6000338356669251,New / Low-Value
12693,127,4,855.91,Germany,0,-0.23896310481703073,0.25350515116914724,New / Low-Value
12694,70,2,869.67,France,0,-0.19639789174040376,-0.29594075338665327,New / Low-Value
12695,7,4,582.1,France,0,0.19870040127393132,-0.8447513830939973,New / Low-Value
12697,29,3,957.59,Sweden,0,0.053617520716912635,-0.6458816118218463,New / Low-Value
12700,8,4,4939.99,France,0,0.501341454346631,-0.6394663638339299,New / Low-Value
12701,80,2,797.71,Germany,0,-0.23953464522061987,-0.20868720291783108,New / Low-Value
12702,20,1,219.0,Germany,0,-0.13949001970142255,-0.7948350576233053,New / Low-Value
12703,71,1,283.55,Germany,0,-0.3291409617788201,-0.3304094495089487,New / Low-Value
12704,7,8,2340.84,Finland,0,0.6732525941250627,-0.6970548868907324,New / Low-Value
12705,15,9,6868.29,Germany,0,1.0488828423235732,-0.40366372786895915,New / Low-Value
12707,292,1,603.42,France,1,-1.1481381110789413,1.68390962212982,At Risk / Lost
12708,30,10,2712.91,Germany,0,0.7872791968291201,-0.4379143540704783,New / Low-Value
12709,15,15,9706.52,Germany,3,1.774783656231298,-0.1731075872244839,Loyal Customers
12710,97,3,1149.02,Germany,0,-0.19184120705224858,-0.021902960591988718,New / Low-Value
12712,29,13,4396.13,Germany,0,1.1726092307122191,-0.31979303584586943,New / Low-Value
12713,1,1,848.55,Germany,0,-0.02287445141196352,-0.9384248666139634,New / Low-Value
12714,9,5,4708.86,France,0,0.5689998531802207,-0.6236996242299068,New / Low-Value
12715,106,1,343.36,Sweden,0,-0.4582028302620328,-0.01098753407556526,New / Low-Value
12716,4,2,1053.49,France,0,0.0678332786681277,-0.8849231293990916,New / Low-Value
12717,151,2,1030.98,Greece,1,-0.4934741147429363,0.44432367399148365,At Risk / Lost
12718,71,1,238.25,France,0,-0.3323264772984361,-0.33244930686544916,New / Low-Value
12719,5,2,644.95,France,0,0.03529692030234056,-0.8942702801113116,New / Low-Value
12720,3,25,5781.73,Germany,3,2.42167462212021,-0.2871821819940801,Loyal Customers
12721,32,6,2656.13,France,0,0.4247942654921888,-0.4908728718898168,New / Low-Value
12722,85,4,997.63,France,0,-0.06907601320419825,-0.12018761033647564,New / Low-Value
12723,4,5,725.07,France,0,0.3078962714150982,-0.8483364967256859,New / Low-Value
12724,5,4,1031.41,France,0,0.23791137313466257,-0.8426177514267357,New / Low-Value
12725,371,1,427.8,Italy,1,-1.4612920978088861,2.3909033225002743,At Risk / Lost
12726,28,7,2609.1,France,0,0.524436903290291,-0.5120630692940491,New / Low-Value
12727,11,7,3980.7,France,0,0.6856184482719937,-0.6041396123749178,New / Low-Value
12728,71,4,836.33,France,0,-0.027111605325764652,-0.2541424128057807,New / Low-Value
12729,114,1,453.01,France,0,-0.4809533912325379,0.0663451267727662,New / Low-Value
12731,24,12,18895.91,France,3,2.123559046300577,0.2707594537153647,Loyal Customers
12732,180,1,236.26000000000002,France,1,-0.7475002134304944,0.6538446660799162,At Risk / Lost
12733,234,1,383.95,USA,1,-0.9427276634650176,1.1491622373753518,At Risk / Lost
12734,353,1,110.39999999999999,France,1,-1.4150741110842535,2.2137217800310958,At Risk / Lost
12735,315,2,779.5699999999999,France,1,-1.1356078967501566,1.9171027600053803,At Risk / Lost
12736,333,1,234.0,France,1,-1.3302295152796402,2.0382996702306686,At Risk / Lost
12738,372,1,155.35,Germany,1,-1.4842585487339548,2.3876842995506626,At Risk / Lost
12739,78,2,1013.04,United Arab Emirates,0,-0.2167772477810754,-0.21708968216169494,New / Low-Value
12740,64,1,427.6,France,0,-0.292357757017137,-0.38726861789579414,New / Low-Value
12743,134,2,540.13,Unspecified,0,-0.4632608562846086,0.26838107498093877,New / Low-Value
12744,52,7,21279.29,Singapore,3,1.7459491203567536,0.5458402850244781,Loyal Customers
12747,2,11,4196.01,India,0,1.085904824209991,-0.6073882290677639,New / Low-Value
12748,1,209,33053.19,India,2,20.48736529749219,4.073774790360289,Champions (VIP)
12749,4,5,4090.88,India,0,0.5445814809311874,-0.6967741945384252,New / Low-Value
12750,129,1,275.88,Poland,0,-0.5505239920665979,0.1941098292862364,New / Low-Value
12752,81,1,4366.78,Norway,0,-0.08008296400178791,-0.056047844091842366,New / Low-Value
12753,23,6,21429.39,Japan,0,1.779206843771723,0.2730418288176026,New / Low-Value
12754,236,3,3010.74,Japan,1,-0.5901875387366924,1.319795526011606,At Risk / Lost
12755,281,2,3811.95,Japan,1,-0.7929095445800723,1.7459714387520937,At Risk / Lost
12756,87,1,112.07999999999998,Japan,0,-0.402121198501295,-0.19334048673501633,New / Low-Value
12757,16,13,7834.650000000001,Portugal,3,1.463906882613566,-0.28259868365206775,Loyal Customers
12758,117,2,2791.59,Portugal,0,-0.24020717697422247,0.2159245957784483,New / Low-Value
12759,52,3,1531.44,Netherlands,0,0.006394960859264777,-0.4119051818277167,New / Low-Value
12762,8,2,1898.52,Portugal,0,0.11202555427952393,-0.8106738964938338,New / Low-Value
12763,138,2,494.08,Japan,0,-0.48172971023655575,0.3025050078148841,New / Low-Value
12764,317,1,1693.88,Lebanon,1,-1.1666477321856752,1.9592477630127798,At Risk / Lost
12766,4,7,6989.63,Portugal,0,0.9238612491007316,-0.5319933383005905,New / Low-Value
12769,239,1,1143.6,Brazil,1,-0.9083469957708629,1.2286162026440344,At Risk / Lost
12770,211,1,1351.45,Japan,1,-0.7871167074448934,0.9845927419605164,At Risk / Lost
12772,60,1,892.47,Portugal,0,-0.24443730019707532,-0.4025331013246724,New / Low-Value
12775,17,5,1386.04,Netherlands,0,0.30487652277005894,-0.7009309629503885,New / Low-Value
12778,20,6,822.23,Netherlands,0,0.3415254215983879,-0.6820460103450035,New / Low-Value
12779,38,8,3981.36,Poland,0,0.6705775320735751,-0.3426512201692847,New / Low-Value
12781,64,2,826.74,Czech Republic,0,-0.17657085067505682,-0.3521702337239915,New / Low-Value
12782,5,5,2330.92,Portugal,0,0.4170126858431155,-0.7669757388206648,New / Low-Value
12783,2,6,2225.91,Portugal,0,0.5087704955305431,-0.7817273828555542,New / Low-Value
12784,9,2,532.8199999999999,Portugal,0,0.012181292276745996,-0.8631219272799614,New / Low-Value
12785,364,1,311.95,Portugal,1,-1.4427851730372296,2.32234086654269,At Risk / Lost
12787,10,3,463.66,Netherlands,0,0.0912294913026581,-0.8400616844522655,New / Low-Value
12789,65,1,91.85,Netherlands,0,-0.3197754912179605,-0.39333803754886026,New / Low-Value
12790,192,1,324.92,Netherlands,1,-0.7869573983546778,0.7664297106530076,At Risk / Lost
12791,374,1,192.60000000000002,Netherlands,1,-1.4892544117376356,2.407460447030838,At Risk / Lost
12792,257,1,400.53999999999996,Portugal,1,-1.0291369866441054,1.3580452697870653,At Risk / Lost
12793,335,2,545.48,Portugal,1,-1.2282221969645355,2.087549509114423,At Risk / Lost
12794,53,2,860.41,Portugal,0,-0.1323190169665819,-0.4501973721694482,New / Low-Value
12795,19,1,430.48,Portugal,0,-0.12081100544811965,-0.794361511561681,New / Low-Value
12797,366,1,254.03,Portugal,1,-1.4544734314493402,2.337831512375666,At Risk / Lost
12798,10,3,6977.04,Japan,0,0.5492531794959624,-0.5467644193599219,New / Low-Value
12802,187,1,427.58,Netherlands,1,-0.7607000552823844,0.7258055333994233,At Risk / Lost
12808,37,3,483.65000000000003,Portugal,0,-0.010171340520539958,-0.5948279875006698,New / Low-Value
12809,178,1,489.31,Portugal,1,-0.7220903293375301,0.6471407170675579,At Risk / Lost
12811,261,3,514.85,Portugal,1,-0.860890837189452,1.4336404565085716,At Risk / Lost
12812,45,1,229.64000000000001,Japan,0,-0.2339330484989244,-0.5681211721641062,New / Low-Value
12814,102,1,125.92,Poland,0,-0.4582627066470311,-0.056976412050003124,New / Low-Value
12815,148,2,1063.46,Poland,1,-0.47976715856554564,0.4186380752156714,At Risk / Lost
12816,96,2,572.2,Poland,0,-0.31631499802874713,-0.07405165938330903,New / Low-Value
12817,281,1,166.04,Austria,1,-1.1370107163443104,1.5646711192742184,At Risk / Lost
12818,262,1,1542.08,Austria,1,-0.9679016495948477,1.4546957279006476,At Risk / Lost
12820,3,4,942.34,India,0,0.23926323140928166,-0.8647273516268634,New / Low-Value
12821,214,1,92.72,India,1,-0.8870540920092412,0.9550603477250985,At Risk / Lost
12822,71,2,948.88,India,0,-0.19463545993637366,-0.2833245392946103,New / Low-Value
12823,75,5,1759.5,India,0,0.11029471830990273,-0.15924941408273033,New / Low-Value
12824,60,1,397.12,India,0,-0.27927052564170673,-0.4248386938532048,New / Low-Value
12826,3,7,1474.72,India,0,0.5398580510720464,-0.7893789261835764,New / Low-Value
12827,6,3,430.15000000000003,India,0,0.10410365177247168,-0.8777682011997466,New / Low-Value
12828,3,6,1018.71,India,0,0.4200720218248765,-0.8270381643921161,New / Low-Value
12829,337,2,293.0,India,1,-1.2535919984118886,2.0942791252061017,At Risk / Lost
12830,38,6,6814.64,India,0,0.694376583416276,-0.24931897346713025,New / Low-Value
12831,262,1,215.05,India,1,-1.0612189710075643,1.3949396151457505,At Risk / Lost
12832,32,2,383.03,India,0,-0.08592794419491832,-0.6617309802319247,New / Low-Value
12833,145,1,417.38,India,1,-0.6014960435313635,0.34527181980550997,At Risk / Lost
12834,283,1,312.38,India,1,-1.134335323541481,1.589359585496571,At Risk / Lost
12836,59,4,2610.36,India,0,0.14333074302520882,-0.28285059425790304,New / Low-Value
12837,173,1,134.1,India,1,-0.7280306019598635,0.5858986703256539,At Risk / Lost
12838,34,2,671.95,India,0,-0.07322626435485163,-0.6306221417824235,New / Low-Value
12839,3,14,5591.42,India,3,1.4433806358221597,-0.48412820336969214,Loyal Customers
12840,144,4,2726.77,India,0,-0.17213346543373978,0.4915895504124568,New / Low-Value
12841,5,25,3991.58,India,3,2.2881752036960803,-0.34969379021520736,Loyal Customers
12842,70,2,1118.99,India,0,-0.17886560190926315,-0.2847138828320683,New / Low-Value
12843,66,8,1702.26,India,0,0.40369605125302055,-0.19189607184010776,New / Low-Value
12844,29,2,325.96000000000004,India,0,-0.07851818260431831,-0.6914490122588322,New / Low-Value
12845,267,4,354.09,India,1,-0.807322237270117,1.4978229079885914,At Risk / Lost
12847,22,1,843.64,India,0,-0.1031803648007489,-0.7486087597538407,New / Low-Value
12849,31,2,1010.29,India,0,-0.03801110118342658,-0.6425348758549411,New / Low-Value
12851,97,1,131.81,India,0,-0.4388102716726018,-0.10195813889273872,New / Low-Value
12852,295,1,311.55,India,1,-1.1800854838266013,1.6979148986163901,At Risk / Lost
12853,135,6,1957.1000000000001,India,0,-0.016549726628298306,0.4097370711495451,New / Low-Value
12854,79,3,1316.25,India,0,-0.11154382990219591,-0.17726163174371012,New / Low-Value
12855,373,1,38.1,India,1,-1.4963112687838709,2.391453926970342,At Risk / Lost
12856,8,6,2170.78,India,0,0.4820478330114755,-0.7299135407605657,New / Low-Value
12857,211,2,1106.4,India,1,-0.7166295194820949,0.9906832738037528,At Risk / Lost
12863,52,1,521.2,India,0,-0.24008397035773907,-0.49164650128134063,New / Low-Value
12864,138,1,147.12,India,0,-0.5938472964944512,0.2697562871499732,New / Low-Value
12865,26,2,1568.23,Austria,0,0.02026172766747145,-0.6626578112262397,New / Low-Value
12866,283,1,559.12,Belgium,1,-1.1169844604220538,1.6004702787447593,At Risk / Lost
12867,26,7,4009.34,India,0,0.6305176825035272,-0.4671090942268536,New / Low-Value
12868,186,6,1607.0600000000002,India,1,-0.23535481615111775,0.8554937066053689,At Risk / Lost
12871,84,2,380.64,India,0,-0.284093785443824,-0.19127028722315315,New / Low-Value
12872,327,2,599.97,India,1,-1.1939292404666622,2.017608066511036,At Risk / Lost
12873,282,1,374.0,India,1,-1.1261945290623427,1.5830849411951673,At Risk / Lost
12875,143,2,343.2300000000001,India,0,-0.5113757948737564,0.34095919111681816,New / Low-Value
12876,58,2,2218.02,Belgium,0,-0.0558895444134955,-0.34381728979495946,New / Low-Value
12877,4,12,1535.77,India,0,0.9789395116210479,-0.6919548339689897,New / Low-Value
12878,236,2,854.99,India,1,-0.8295000171960512,1.2055970572702155,At Risk / Lost
12879,45,3,573.22,India,0,-0.03433393574344873,-0.5183995283238291,New / Low-Value
12881,276,1,298.0,India,1,-1.1086929846467466,1.5253663199576202,At Risk / Lost
12882,9,2,1463.04,India,0,0.07759476350538236,-0.8212341544286614,New / Low-Value
12883,25,4,703.47,India,0,0.13869750048063775,-0.6763970644127827,New / Low-Value
12884,88,1,309.05,India,0,-0.3920778327548812,-0.1754215441153465,New / Low-Value
12885,63,3,1175.22,India,0,-0.060538727834908844,-0.32840245818003555,New / Low-Value
12886,68,2,1378.4,India,0,-0.1530084798757965,-0.29113144127516966,New / Low-Value
12888,214,2,354.12,India,1,-0.780953121818859,0.9839563046941554,At Risk / Lost
12890,24,1,376.71999999999997,India,0,-0.14362967944956928,-0.7515353690822054,New / Low-Value
12891,186,3,331.0,India,1,-0.5882455338630669,0.746657397743047,At Risk / Lost
12893,31,1,176.55,India,0,-0.18435926679316958,-0.6972032822593071,New / Low-Value
12895,42,2,372.8,India,0,-0.12472381747588726,-0.571697730102688,New / Low-Value
12897,205,2,216.5,India,1,-0.7563617737732423,0.8963147650947764,At Risk / Lost
12901,9,28,17654.54,India,3,3.49688746877198,0.353121738909377,Loyal Customers
12902,265,1,138.68,India,1,-1.0780122908970067,1.4186488488139066,At Risk / Lost
12904,18,2,496.06,India,0,-0.02467253250862012,-0.7833327127540161,New / Low-Value
12906,12,5,2919.81,India,0,0.4317701377027873,-0.6771123088251336,New / Low-Value
12908,176,2,750.0,India,1,-0.6084239875985051,0.6579059214307563,At Risk / Lost
12909,40,5,2178.67,India,0,0.27303866678396954,-0.4571028774936721,New / Low-Value
12910,23,8,3075.04,India,0,0.6639594620527125,-0.5192036368748179,New / Low-Value
12912,3,5,1662.3,India,0,0.3776103383916094,-0.8151824544945201,New / Low-Value
12913,5,5,2483.63,India,0,0.4277513188453355,-0.7600992130610359,New / Low-Value
12915,149,2,363.65,India,1,-0.5327857488385858,0.3961750469708267,At Risk / Lost
12916,139,4,2944.95,India,0,-0.13775270618427102,0.45616723456776737,New / Low-Value
12917,128,1,594.0,India,0,-0.5243460070624815,0.19938537067892503,New / Low-Value
12919,8,6,1335.19,India,0,0.4232887841585845,-0.7675401281450744,New / Low-Value
12920,17,1,162.78,India,0,-0.13202048574456043,-0.8245148141810511,New / Low-Value
12921,9,37,16587.09,India,3,4.211296810797499,0.45918062421147526,Loyal Customers
12922,161,1,405.38,India,1,-0.6632622811387574,0.48952171089381596,At Risk / Lost
12923,64,1,172.82,India,0,-0.31027399640097303,-0.3987413520522885,New / Low-Value
12924,88,4,933.7,India,0,-0.08499454693328698,-0.09591820391964673,New / Low-Value
12925,5,2,694.05,India,0,0.038749653459363674,-0.8920593088926765,New / Low-Value
12928,35,5,2062.7000000000003,India,0,0.28392185404933906,-0.5075719557152851,New / Low-Value
12929,312,1,117.85,India,1,-1.2584365932551975,1.8430322359626432,At Risk / Lost
12930,78,2,415.8,India,0,-0.2587754219297615,-0.24398337769362327,New / Low-Value
12931,22,15,42055.96,India,3,4.022956669604017,1.346932256987419,Loyal Customers
12933,24,3,607.53,India,0,0.048039398313696705,-0.706891754250594,New / Low-Value
12935,2,7,2160.7,India,0,0.5919041097857864,-0.7675386623369744,New / Low-Value
12936,17,4,1063.9,India,0,0.1945042896070171,-0.7325620399157776,New / Low-Value
12937,15,4,1504.27,India,0,0.23308659681553265,-0.7308309761241697,New / Low-Value
12938,26,1,114.14,India,0,-0.1697097172489781,-0.7452605556240952,New / Low-Value
12939,64,8,11581.8,India,0,1.1060448601678072,0.2348804745951806,New / Low-Value
12940,55,2,899.69,India,0,-0.13717212949554272,-0.43032981386292235,New / Low-Value
12942,131,3,675.6,India,0,-0.3545923893751663,0.26445823662135276,New / Low-Value
12944,36,2,604.51,India,0,-0.08558397326909778,-0.6155601812040594,New / Low-Value
12945,288,1,462.95,India,1,-1.1427854238978283,1.6413867004628842,At Risk / Lost
12947,144,6,1603.99,India,0,-0.07564941972780417,0.4752810566527767,New / Low-Value
12948,16,7,2064.95,India,0,0.5318638351453816,-0.6451588120418075,New / Low-Value
12949,31,8,4167.22,India,0,0.710300834051045,-0.39762768577301116,New / Low-Value
12950,2,3,1843.0,India,0,0.21868647067389335,-0.8503451796216639,New / Low-Value
12951,9,6,1064.07,India,0,0.40041585940660834,-0.7706992612429391,New / Low-Value
12952,6,4,1387.79,India,0,0.2591645187703036,-0.8175205822905153,New / Low-Value
12953,10,1,329.85,India,0,-0.09361850466363758,-0.88033739280307,New / Low-Value
12955,1,11,4757.16,India,0,1.1291727835349081,-0.591169055592287,New / Low-Value
12956,306,1,108.07,India,1,-1.236278429905628,1.7882954989226119,At Risk / Lost
12957,10,8,4017.54,India,0,0.7797359120275249,-0.5944049747245559,New / Low-Value
12962,7,2,266.39,India,0,0.001061118927543849,-0.8932180418454074,New / Low-Value
12963,8,8,1856.63,India,0,0.6353950887533298,-0.709809454957619,New / Low-Value
12965,89,1,769.8100000000001,India,0,-0.3634846405422528,-0.14562414736606819,New / Low-Value
12966,10,1,160.18,India,0,-0.10554977217386388,-0.8879776267473842,New / Low-Value
12967,358,2,1660.9,India,1,-1.2373613210615109,2.3459128165602077,At Risk / Lost
12968,112,1,135.95,India,0,-0.49563388799803487,0.03396914514419379,New / Low-Value
12970,7,4,405.47,India,0,0.18627970356466467,-0.8527050255858004,New / Low-Value
12971,4,86,11189.91,India,3,8.149044303353955,1.010029949478158,Loyal Customers
12974,198,1,144.8,India,1,-0.8224694115315115,0.812615257582676,At Risk / Lost
12976,212,1,738.6,India,1,-0.8340202330471651,0.9660455193607331,At Risk / Lost
12977,156,1,39.239999999999995,India,1,-0.6699711560707907,0.4277874866484562,At Risk / Lost
12980,158,9,7374.900000000001,India,0,0.5400139934176775,0.9132117672617259,New / Low-Value
12981,30,2,372.21999999999997,India,0,-0.07907280899833122,-0.680316535471352,New / Low-Value
12982,243,1,390.54,India,1,-0.9765330975710159,1.2309035008285443,At Risk / Lost
12984,19,1,97.5,India,0,-0.14422630252806992,-0.8093555888810525,New / Low-Value
12985,1,2,1239.38,India,0,0.0923280921493659,-0.9037006814406711,New / Low-Value
12987,74,2,558.7,India,0,-0.23349603424547852,-0.2737461585413197,New / Low-Value
12988,292,1,505.82,India,1,-1.1550013851344494,1.6795146976707813,At Risk / Lost
12989,3,15,6924.110000000001,India,3,1.624815180427762,-0.40699209656740304,Loyal Customers
12990,31,3,409.5,India,0,0.007460296692215112,-0.6524633033053358,New / Low-Value
12991,23,2,503.76,India,0,-0.04316931282716464,-0.7377390287043304,New / Low-Value
12993,23,4,414.76,India,0,0.12601058793105932,-0.7074964465699028,New / Low-Value
12994,4,3,974.4200000000001,India,0,0.14999225175114417,-0.8713585241776665,New / Low-Value
12995,85,1,211.32,India,0,-0.38752729988453694,-0.20697049446709526,New / Low-Value
12997,22,4,1226.89,India,0,0.18692756900240573,-0.6799756528000662,New / Low-Value
12999,196,3,455.88,India,1,-0.617540413725596,0.8427746462704465,At Risk / Lost
13000,107,3,534.85,India,0,-0.27310640136891084,0.04093489324839791,New / Low-Value
13001,4,13,9785.970000000001,India,3,1.646816340158198,-0.30332350283633186,Loyal Customers
13002,318,1,120.94999999999999,India,1,-1.281064497083156,1.8974681728450273,At Risk / Lost
13003,106,3,149.05,India,0,-0.2964283740815299,0.014512942579545158,New / Low-Value
13004,12,18,5655.91,India,3,1.7645235928811174,-0.3312792072061774,Loyal Customers
13005,174,2,513.7,India,1,-0.6174254063647926,0.6291665596721834,At Risk / Lost
13006,56,1,81.57,India,0,-0.28622953950197055,-0.4752454615681782,New / Low-Value
13008,323,1,229.46999999999997,India,1,-1.2924715715587052,1.9476017778369294,At Risk / Lost
13011,372,1,50.550000000000004,India,1,-1.4916281298919187,2.382965159352843,At Risk / Lost
13012,9,8,1646.8400000000001,India,0,0.6168349160282421,-0.7102069003805571,New / Low-Value
13013,1,13,4810.9400000000005,India,0,1.308393035416549,-0.5544970952379666,New / Low-Value
13014,11,10,3466.2799999999997,India,0,0.9126018408721963,-0.5759285529533684,New / Low-Value
13015,53,5,3339.64,India,0,0.3051791335872309,-0.2871823618585458,New / Low-Value
13016,73,3,789.89,India,0,-0.1257117947451929,-0.2552599474420424,New / Low-Value
13017,7,1,204.0,India,0,-0.09104538231010584,-0.9131525857346154,New / Low-Value
13018,16,28,7277.7,India,3,2.740530061935865,-0.05080125515465285,Loyal Customers
13021,4,9,2616.38,India,0,0.791770843790192,-0.6946703782321062,New / Low-Value
13023,64,2,689.9,India,0,-0.18619349843894772,-0.35833213395938945,New / Low-Value
13026,1,5,975.36,India,0,0.3369197206460775,-0.8642141191037194,New / Low-Value
13027,114,6,6912.0,India,0,0.41184161649435397,0.44281883440209024,New / Low-Value
13028,23,2,661.3199999999999,India,0,-0.032089625735096154,-0.7306441076206611,New / Low-Value
13029,31,3,1247.5,India,0,0.06638881778356692,-0.6147281937082626,New / Low-Value
13030,11,2,752.4399999999999,India,0,0.020009766255678203,-0.8351336653162323,New / Low-Value
13032,52,2,1010.18,India,0,-0.1179794765039083,-0.45250262516896395,New / Low-Value
13033,357,1,190.55,India,1,-1.4246685266570493,2.2535284942864617,At Risk / Lost
13034,55,2,642.77,India,0,-0.1552388546014975,-0.4418989121417768,New / Low-Value
13035,74,2,921.88,India,0,-0.2079570601524509,-0.25739217631761446,New / Low-Value
13037,138,3,881.07,India,0,-0.3667971971298693,0.33705627792749293,New / Low-Value
13038,80,3,908.46,India,0,-0.14402744794481057,-0.18657500998314044,New / Low-Value
13040,9,2,676.99,India,0,0.022319388799108997,-0.8566299574104983,New / Low-Value
13043,273,1,516.42,India,1,-1.081910647548442,1.5080535926358412,At Risk / Lost
13044,291,1,560.47,India,1,-1.1473507240586607,1.672926194522252,At Risk / Lost
13045,99,1,305.28000000000003,India,0,-0.43422708557954764,-0.07604800975467198,New / Low-Value
13046,31,2,629.31,India,0,-0.0648017789464137,-0.6596903914328562,New / Low-Value
13047,32,10,3237.54,India,0,0.8165561054358246,-0.3961915028726165,New / Low-Value
13048,14,4,1819.41,India,0,0.25905502693557725,-0.7256896240233657,New / Low-Value
13049,64,2,656.6800000000001,India,0,-0.1885295431533328,-0.3598280293541565,New / Low-Value
13050,15,17,5836.86,India,3,1.6781059167159775,-0.3131079877264172,Loyal Customers
13052,212,1,348.15000000000003,India,1,-0.8614768452907431,0.9484635700263928,At Risk / Lost
13055,78,3,1214.41,India,0,-0.1148976130574161,-0.19089687391472895,New / Low-Value
13058,25,3,271.40000000000003,India,0,0.020594942349132523,-0.7129782852898737,New / Low-Value
13059,250,1,183.4,India,1,-1.0177528183179656,1.2849217288043164,At Risk / Lost
13060,254,1,307.53,India,1,-1.0242545413399293,1.3267088608640731,At Risk / Lost
13061,72,1,248.61,India,0,-0.335405607161637,-0.32293340577550467,New / Low-Value
13062,191,1,346.98,India,1,-0.781598480121809,0.7583736809868544,At Risk / Lost
13064,13,4,1105.59,India,0,0.21266654648025504,-0.7668823033915406,New / Low-Value
13065,373,1,205.86,India,1,-1.4845143132966572,2.399008153683952,At Risk / Lost
13066,24,2,470.8,India,0,-0.049294723756806304,-0.7301738256427214,New / Low-Value
13067,82,1,115.46000000000001,India,0,-0.3828452678084161,-0.23843523878668826,New / Low-Value
13068,10,2,344.0,India,0,-0.00490426101243991,-0.8625750943636982,New / Low-Value
13069,1,24,4431.44,India,3,2.246617736985407,-0.3832095974894528,Loyal Customers
13070,192,1,228.8,India,1,-0.7937165981724591,0.762101430540274,At Risk / Lost
13072,267,1,177.15,India,1,-1.0829223629749938,1.4384799328498197,At Risk / Lost
13075,130,1,919.61,India,0,-0.5090642706128184,0.2321463584973005,New / Low-Value
13077,1,4,728.02,India,0,0.23180745571410138,-0.8924769547828781,New / Low-Value
13078,3,26,12627.94,India,3,2.990822268882841,0.038227530375815694,Loyal Customers
13079,4,5,220.10000000000002,India,0,0.2723865634252415,-0.8710752775052014,New / Low-Value
13080,179,1,58.08,India,1,-0.756222258280361,0.6367718364785387,At Risk / Lost
13081,12,11,28337.38,India,3,2.7454598697713752,0.5701906928331554,Loyal Customers
13082,126,9,3613.63,India,0,0.39736465117248776,0.45426141431600536,New / Low-Value
13083,4,2,303.75,India,0,0.015111238807709908,-0.9186838943982677,New / Low-Value
13085,158,2,416.08000000000004,India,1,-0.5633676943922841,0.4799804839609283,At Risk / Lost
13089,3,97,58762.08,India,2,12.463058751061729,3.3315300169578577,Champions (VIP)
13090,9,14,8910.82,India,3,1.6539563769765997,-0.2803593978038074,Loyal Customers
13091,28,1,345.82,India,0,-0.1610331788734329,-0.7167292322979072,New / Low-Value
13092,71,5,477.83,India,0,0.03539772975181456,-0.25316053034653946,New / Low-Value
13093,276,8,7832.47,India,1,0.03516865920884344,1.9845191018736386,At Risk / Lost
13094,21,12,1927.3200000000002,India,0,0.9417434343746878,-0.520483710355807,New / Low-Value
13095,71,1,74.39999999999999,India,0,-0.3438484799008442,-0.33982746642091505,New / Low-Value
13097,33,10,6003.22,India,0,1.007232265230647,-0.26260364214662496,New / Low-Value
13098,1,28,28882.44,India,3,4.316899431054246,0.7863185432308496,Loyal Customers
13099,99,1,207.35999999999999,India,0,-0.4411128621729429,-0.08045734380210084,New / Low-Value
13101,234,1,101.19,India,1,-0.9626114685053405,1.1364295648339815,At Risk / Lost
13102,1,24,6424.09,India,3,2.3867417436115193,-0.29348064028347703,Loyal Customers
13103,40,1,243.94,India,0,-0.21388921870065467,-0.6127241970119595,New / Low-Value
13104,3,6,1098.48,India,0,0.4256814825974984,-0.823446124186199,New / Low-Value
13106,133,1,76.5,India,0,-0.5797750776879209,0.2213293177830466,New / Low-Value
13107,44,4,1531.6200000000001,India,0,0.12458802430915429,-0.46716707730797963,New / Low-Value
13108,373,1,350.06,India,1,-1.4743741071613672,2.4055014744523264,At Risk / Lost
13109,60,2,786.54,India,0,-0.16416713388794152,-0.3901780009287572,New / Low-Value
13110,31,7,1488.67,India,0,0.4342248343189432,-0.5353678195470385,New / Low-Value
13113,1,24,12245.960000000001,India,3,2.7961381506355147,-0.03132204540291391,Loyal Customers
13115,12,4,2294.78,India,0,0.3000985492254739,-0.7223825115015698,New / Low-Value
13116,138,1,501.14,India,0,-0.5689524575484365,0.28569779490600633,New / Low-Value
13117,22,8,984.91,India,0,0.5207882693500892,-0.6223715056099948,New / Low-Value
13118,20,5,1197.81,India,0,0.28021715948052267,-0.6822587810239129,New / Low-Value
13120,239,1,30.599999999999998,India,1,-0.98661363535878,1.1784978530240553,At Risk / Lost
13121,269,1,283.73,India,1,-1.0830429105046133,1.4613780077146783,At Risk / Lost
13122,94,2,922.39,India,0,-0.28407418727848704,-0.07638139771993989,New / Low-Value
13124,90,3,3756.33,India,0,0.018159502319796354,0.03215837945324963,New / Low-Value
13126,5,8,2099.64,India,0,0.6639066052473819,-0.7260148954715316,New / Low-Value
13127,78,1,259.17,India,0,-0.3575089205751069,-0.26816154536377185,New / Low-Value
13130,94,1,64.0,India,0,-0.43215575150983127,-0.13215979272999534,New / Low-Value
13131,23,3,1073.3,India,0,0.08460019493969632,-0.6949675387146981,New / Low-Value
13132,262,1,77.3,India,1,-1.0709056103635712,1.3887367376433677,At Risk / Lost
13133,274,2,109.8,India,1,-1.0265927811328968,1.5159180239067012,At Risk / Lost
13134,86,4,1793.58,India,0,-0.016912115759338216,-0.0752966200480053,New / Low-Value
13135,197,1,3096.0,India,1,-0.6111321063421725,0.9364582958463209,At Risk / Lost
13136,56,5,2607.61,India,0,0.24227951997612293,-0.29299747420282013,New / Low-Value
13137,11,8,3603.29,India,0,0.7467980240013181,-0.6040092465296152,New / Low-Value
13138,22,6,962.39,India,0,0.34376623413827617,-0.6576358292984386,New / Low-Value
13139,16,7,5064.94,India,0,0.7428244246308762,-0.5100693711824719,New / Low-Value
13140,108,3,422.47,India,0,-0.2848166609203605,0.0449238165913917,New / Low-Value
13141,85,5,2388.75,India,0,0.11646735417869233,-0.040420402754047,New / Low-Value
13142,19,1,307.09,India,0,-0.12948784341645128,-0.7999177587850496,New / Low-Value
13144,333,1,110.95,India,1,-1.338882444301467,2.0327587331949646,At Risk / Lost
13145,40,4,618.52,India,0,0.07560903696662641,-0.5444814998436345,New / Low-Value
13146,26,1,228.91,India,0,-0.1616390413949752,-0.7400924666879901,New / Low-Value
13147,10,4,712.8000000000001,India,0,0.19646833301024813,-0.8117177948384114,New / Low-Value
13148,29,12,3683.26,India,0,1.0347606955849484,-0.3690186705354403,New / Low-Value
13149,14,4,1676.06,India,0,0.24897459316654946,-0.7321446693225786,New / Low-Value
13151,296,1,1257.8700000000001,India,1,-1.1173475031878193,1.7495770445493855,At Risk / Lost
13153,6,1,486.22,India,0,-0.06739190077517737,-0.9094936200394625,New / Low-Value
13155,33,4,971.76,India,0,0.1271025726675695,-0.5919208501199648,New / Low-Value
13157,49,4,1741.22,India,0,0.12028893898863353,-0.41248184358329504,New / Low-Value
13158,95,4,1201.06,India,0,-0.09284722321979938,-0.02053325815889694,New / Low-Value
13159,9,4,1429.35,India,0,0.25066408729649736,-0.7885009650008997,New / Low-Value
13160,22,1,91.8,India,0,-0.15605007756604952,-0.782464087676828,New / Low-Value
13161,313,1,112.75,India,1,-1.2626028769800597,1.8518519738134822,At Risk / Lost
13162,122,4,1688.29,India,0,-0.16139153691086947,0.24574023904107156,New / Low-Value
13165,46,2,1021.48,India,0,-0.09433895847103867,-0.5062901305737851,New / Low-Value
13166,283,1,417.2,India,1,-1.1269643359748993,1.5940796262936654,At Risk / Lost
13167,19,4,791.33,India,0,0.16772175070295114,-0.7267370757952268,New / Low-Value
13168,36,4,1299.59,India,0,0.13873277094653325,-0.5500105051163228,New / Low-Value
13169,64,2,712.88,India,0,-0.18457753493694384,-0.3572973453931117,New / Low-Value
13170,27,1,108.81,India,0,-0.17389217467294668,-0.7364511746649122,New / Low-Value
13171,22,3,468.41,India,0,0.04587171902194092,-0.7312551041348906,New / Low-Value
13173,4,2,353.65,India,0,0.018620228309450326,-0.9164368992086568,New / Low-Value
13174,16,3,2742.82,India,0,0.22865510742121767,-0.6831348483461175,New / Low-Value
13176,46,1,481.49,India,0,-0.22003049750490508,-0.5477309851355016,New / Low-Value
13177,65,1,282.45,India,0,-0.3063724170890683,-0.38475532646389354,New / Low-Value
13178,26,11,5725.47,India,0,1.1020735217941544,-0.32133132477768345,New / Low-Value
13182,45,1,121.18,India,0,-0.24156000243396977,-0.5730051220291402,New / Low-Value
13183,8,9,3957.78,India,0,0.8708680716857341,-0.5980696222353219,New / Low-Value
13184,15,10,1668.95,India,0,0.7709822226996493,-0.6206646949823851,New / Low-Value
13185,268,1,71.4,India,1,-1.094166398069599,1.4427674048522747,At Risk / Lost
13186,40,3,1575.89,India,0,0.05521249834009475,-0.5184962879300844,New / Low-Value
13187,337,1,236.02,India,1,-1.3453180661183877,2.074588193420617,At Risk / Lost
13188,11,1,114.60000000000001,India,0,-0.11256262694142066,-0.8809807018279173,New / Low-Value
13189,19,2,260.68,India,0,-0.045032205060351785,-0.7848824749485402,New / Low-Value
13192,95,2,911.94,India,0,-0.28861668530864615,-0.06780257017500144,New / Low-Value
13193,61,1,112.08,India,0,-0.3031223107917636,-0.42862464404604717,New / Low-Value
13194,136,1,60.7,India,0,-0.5923090890779562,0.2477660163537026,New / Low-Value
13196,11,4,1797.78,India,0,0.2689569445971528,-0.7538117941360485,New / Low-Value
13198,10,6,3401.2400000000002,India,0,0.5609590113579281,-0.656407190270458,New / Low-Value
13199,4,38,9817.12,India,3,3.841987060430896,0.12620729185199916,Loyal Customers
13200,19,4,870.09,India,0,0.17326018784036745,-0.7231905158526666,New / Low-Value
13203,10,4,869.46,India,0,0.20748473171450965,-0.8046634007220899,New / Low-Value
13207,15,2,250.26000000000002,India,0,-0.03053434584113571,-0.8215492498337346,New / Low-Value
13208,59,6,1217.65,India,0,0.22083319481922484,-0.3113140261244303,New / Low-Value
13209,30,8,5891.61,India,0,0.835368331412125,-0.3290278573002797,New / Low-Value
13210,94,1,353.48,India,0,-0.41179939317388314,-0.11912451883242883,New / Low-Value
13211,10,3,1095.42,India,0,0.1356551267258949,-0.8116135545727345,New / Low-Value
13212,20,3,786.83,India,0,0.07587844968261596,-0.735015444418895,New / Low-Value
13213,57,5,1520.58,India,0,0.16203145245130082,-0.3328970049991907,New / Low-Value
13216,268,1,333.74,India,1,-1.0757185362281847,1.4545805655344897,At Risk / Lost
13217,122,3,533.98,India,0,-0.33028232305313593,0.17663657716709502,New / Low-Value
13218,127,1,62.63999999999999,India,0,-0.5579038216964097,0.16640885849103887,New / Low-Value
13220,78,4,819.2900000000001,India,0,-0.05496341215927043,-0.19156398872690153,New / Low-Value
13221,240,2,847.41,India,1,-0.845263644171406,1.241453292808456,At Risk / Lost
13223,200,2,163.20000000000002,India,1,-0.7410716051035828,0.8486677146994742,At Risk / Lost
13224,60,2,2155.95,India,0,-0.0678696326138269,-0.3285135183114209,New / Low-Value
13225,3,7,6463.84,India,0,0.8906951192668974,-0.5647190335905582,New / Low-Value
13226,273,1,108.21000000000001,India,1,-1.1106161506447436,1.4896719111458396,At Risk / Lost
13227,202,1,257.7,India,1,-0.8297608329924441,0.853896703149861,At Risk / Lost
13228,81,1,358.0,India,0,-0.3619821009714648,-0.2365630620519314,New / Low-Value
13229,226,1,160.95,India,1,-0.9279479233366423,1.0667254301393974,At Risk / Lost
13230,4,14,2755.63,India,0,1.2401590115625973,-0.6027743335204511,New / Low-Value
13232,13,7,1328.35,India,0,0.49148875432881417,-0.7054760553151339,New / Low-Value
13233,74,2,605.12,India,0,-0.2302317598432583,-0.2716558676254532,New / Low-Value
13235,212,1,1031.07,India,1,-0.8134536166228361,0.9792154328498214,At Risk / Lost
13236,25,2,744.85,India,0,-0.03383105919688237,-0.7087839734195402,New / Low-Value
13238,17,4,700.73,India,0,0.16896601871829844,-0.7489155718398457,New / Low-Value
13239,262,1,329.56,India,1,-1.0531665784655946,1.4000959962912884,At Risk / Lost
13240,96,4,663.65,India,0,-0.13444577551523149,-0.03568342029566925,New / Low-Value
13242,112,3,270.40000000000003,India,0,-0.31074088695596536,0.07427367267177885,New / Low-Value
13243,203,1,585.12,India,1,-0.8105441670355685,0.8776898045367603,At Risk / Lost
13244,93,1,121.74000000000001,India,0,-0.42428780030257185,-0.13860915329063117,New / Low-Value
13245,51,1,430.5,India,0,-0.2426543839127711,-0.5047801096565224,New / Low-Value
13246,18,6,1961.52,India,0,0.429256084369156,-0.6488426043104525,New / Low-Value
13247,18,4,501.12,India,0,0.15112170797973817,-0.7488546122321176,New / Low-Value
13248,125,2,465.68,India,0,-0.43422736661925354,0.18358407818973044,New / Low-Value
13249,92,3,711.41,India,0,-0.2035758831804619,-0.08685547634439247,New / Low-Value
13253,157,2,1030.4,India,1,-0.5163607977565943,0.4985939006073795,At Risk / Lost
13255,9,2,399.51,India,0,0.0028068756339200943,-0.8691248717434289,New / Low-Value
13258,12,3,672.83,India,0,0.0983231167787208,-0.812543985609407,New / Low-Value
13259,62,1,283.18,India,0,-0.2948981345926448,-0.4118706265878048,New / Low-Value
13260,61,1,557.62,India,0,-0.2717917460100919,-0.4085619940103909,New / Low-Value
13261,269,2,944.1,India,1,-0.9488861979994141,1.508239569308967,At Risk / Lost
13262,263,1,200.29,India,1,-1.0660645500948878,1.403324363547057,At Risk / Lost
13263,1,35,7436.93,India,3,3.422876393934951,-0.05949612284953494,Loyal Customers
13265,53,5,2092.66,India,0,0.21749096266778714,-0.3433338260176845,New / Low-Value
13266,11,12,3834.2599999999998,India,0,1.113916772141549,-0.5251081779983318,New / Low-Value
13267,3,19,4521.49,India,3,1.806738744963013,-0.4466814901885727,Loyal Customers
13268,18,11,3174.75,India,0,0.9531669885158931,-0.5085852791631595,New / Low-Value
13269,1,15,5343.28,India,3,1.5212658327080673,-0.4962755954459671,Loyal Customers
13270,366,1,590.0,India,1,-1.430847876281009,2.352960229286559,At Risk / Lost
13271,37,1,211.49,India,0,-0.2047481681013804,-0.6413335913320889,New / Low-Value
13272,31,2,276.56,India,0,-0.08960731094518977,-0.6755747111349655,New / Low-Value
13273,113,1,138.98,India,0,-0.4992284666197079,0.04315497660007322,New / Low-Value
13276,64,2,590.9300000000001,India,0,-0.19315311148478434,-0.36278874946872397,New / Low-Value
13277,16,4,258.4,India,0,0.14166883204709452,-0.7778830663577707,New / Low-Value
13278,41,1,542.73,India,0,-0.19668582668034887,-0.590220303486354,New / Low-Value
13279,78,1,137.75,India,0,-0.36604722729457223,-0.27362908355861265,New / Low-Value
13280,122,3,798.46,India,0,-0.31168397548960286,0.18854610197167007,New / Low-Value
13282,18,3,1132.14,India,0,0.10777609673010069,-0.7375649289784778,New / Low-Value
13283,60,2,93.66,India,0,-0.21289075404757854,-0.4213783621908336,New / Low-Value
13284,331,1,201.19,India,1,-1.3249214295627783,2.018723455789408,At Risk / Lost
13285,23,4,2709.12,India,0,0.28735097176298524,-0.6041814990100692,New / Low-Value
13291,156,1,361.11,India,1,-0.6473371189781016,0.4422812810709024,At Risk / Lost
13292,39,2,578.9399999999999,India,0,-0.09880501526899285,-0.5895634253789445,New / Low-Value
13294,190,2,873.74,India,1,-0.653029630861415,0.7901693984627509,At Risk / Lost
13295,360,1,201.20000000000002,India,1,-1.4353425626498697,2.281156235397503,At Risk / Lost
13296,137,1,87.4,India,0,-0.5942391831003067,0.25801770705082633,New / Low-Value
13297,8,4,2089.85,India,0,0.30091838143099214,-0.7678080646298747,New / Low-Value
13298,1,1,360.0,India,0,-0.057229497926498035,-0.9604242553892022,New / Low-Value
13299,268,1,142.5,India,1,-1.0891666154328508,1.4459690352727423,At Risk / Lost
13300,169,1,371.89,India,1,-0.6960785085878021,0.5604087827353158,At Risk / Lost
13301,104,4,618.09,India,0,-0.16811077056519796,0.03466013988373415,New / Low-Value
13302,155,1,63.75,India,1,-0.6644399527822253,0.41984178039341613,At Risk / Lost
13304,351,1,300.42,India,1,-1.394096523750702,2.2041795924054868,At Risk / Lost
13305,4,10,2000.86,India,0,0.8362064217187267,-0.7052620970480912,New / Low-Value
13307,120,1,15.0,India,0,-0.5346003403332962,0.10091789635877225,New / Low-Value
13308,23,3,1385.51,India,0,0.10655493666992417,-0.6809087337417837,New / Low-Value
13309,7,5,1456.79,India,0,0.3479281885288902,-0.7882389996753114,New / Low-Value
13310,28,3,1132.03,India,0,0.06969186620980536,-0.6470759756163981,New / Low-Value
13311,4,2,598.57,India,0,0.035843108244645885,-0.9054081604944383,New / Low-Value
13313,22,5,1555.32,India,0,0.29774211767578723,-0.6480613373628805,New / Low-Value
13314,2,3,775.94,India,0,0.14365035168136608,-0.8983948527083617,New / Low-Value
13316,37,4,5732.93,India,0,0.4466795005303815,-0.341327975093607,New / Low-Value
13317,66,6,2273.68,India,0,0.26844013276793494,-0.2004152988768981,New / Low-Value
13318,1,3,640.76,India,0,0.1379520853600532,-0.913531393869794,New / Low-Value
13319,5,26,10845.550000000001,India,3,2.8578685370024686,-0.023934645326847012,Loyal Customers
13320,78,4,1532.2,India,0,-0.004831273768774464,-0.15946167729152042,New / Low-Value
13321,72,2,567.36,India,0,-0.2252717602593346,-0.29145498038712525,New / Low-Value
13322,17,1,199.48000000000002,India,0,-0.12943972593065514,-0.8228622145125396,New / Low-Value
13323,3,5,787.85,India,0,0.3161186375940765,-0.8545589062691747,New / Low-Value
13324,36,10,7121.95,India,0,1.0744788923057325,-0.18507909883710577,New / Low-Value
13325,82,1,675.3,India,0,-0.34347707777526293,-0.21322566389787517,New / Low-Value
13327,39,8,3627.77,India,0,0.6419052813855562,-0.3495239743751095,New / Low-Value
13328,316,1,1308.48,India,1,-1.1899415767259358,1.932843824329415,At Risk / Lost
13329,32,2,789.0,India,0,-0.05737995886382513,-0.6434501658606553,New / Low-Value
13330,93,3,1140.93,India,0,-0.1771795012290434,-0.05846481566171625,New / Low-Value
13332,14,1,350.9,India,0,-0.10736885770242283,-0.8431919494035357,New / Low-Value
13334,82,3,3502.32,India,0,0.030758605886068068,-0.0516748069576516,New / Low-Value
13336,77,1,795.12,India,0,-0.3160130361087838,-0.2530771269740302,New / Low-Value
13338,158,1,487.02,India,1,-0.6460983725784899,0.4660497851344622,At Risk / Lost
13339,201,1,860.12,India,1,-0.7835907494844238,0.8719742632280483,At Risk / Lost
13340,45,7,10736.48,India,0,1.0312277249867852,0.007752198560572432,New / Low-Value
13341,261,1,775.85,India,1,-1.0179756238334607,1.4111430281339252,At Risk / Lost
13343,178,1,353.43,India,1,-0.7316454694877603,0.6410220455973309,At Risk / Lost
13344,68,3,2511.69,India,0,0.01440417080902339,-0.2229743092385803,New / Low-Value
13345,288,1,389.5,India,1,-1.1479504595471837,1.6380792496276755,At Risk / Lost
13347,70,1,341.36,India,0,-0.3212680881413979,-0.33685565797212413,New / Low-Value
13348,64,1,233.76,India,0,-0.30598866934213415,-0.3959972260632126,New / Low-Value
13349,11,1,247.32,India,0,-0.10322969935282375,-0.8750043250430444,New / Low-Value
13350,16,2,979.12,India,0,0.016911753894871408,-0.7796793198112161,New / Low-Value
13351,66,1,373.94,India,0,-0.3037464503936279,-0.3715861444173732,New / Low-Value
13352,60,1,397.97999999999996,India,0,-0.27921005007113564,-0.4247999680844059,New / Low-Value
13354,71,1,743.53,India,0,-0.2967949699750015,-0.3096965667971806,New / Low-Value
13355,122,1,674.7,India,0,-0.49582525112538767,0.14872294475624814,New / Low-Value
13356,80,1,768.24,India,0,-0.3293261978731535,-0.22713936040138794,New / Low-Value
13357,257,1,609.4,India,1,-1.0144498614470412,1.3674502280095528,At Risk / Lost
13358,269,1,439.03,India,1,-1.0721221475863711,1.4683711610803412,At Risk / Lost
13359,64,1,439.56,India,0,-0.2915167246636136,-0.386730059529707,New / Low-Value
13362,9,4,3090.7400000000002,India,0,0.36749374798380163,-0.7136886335766978,New / Low-Value
13363,18,2,992.5,India,0,0.010237342205688576,-0.7609780375650292,New / Low-Value
13364,71,1,134.95999999999998,India,0,-0.3395898746057461,-0.3371004518180526,New / Low-Value
13365,34,2,2225.37,India,0,0.036010899408546584,-0.5606716955410329,New / Low-Value
13366,50,1,56.160000000000004,India,0,-0.2651704844873151,-0.530686016941148,New / Low-Value
13368,257,2,623.4,India,1,-0.925746165860478,1.3852057719543664,At Risk / Lost
13369,366,1,308.28000000000003,India,1,-1.4506585480731997,2.3402743879074572,At Risk / Lost
13370,372,1,754.87,India,1,-1.4421000440028244,2.414680663399872,At Risk / Lost
13372,90,1,378.64,India,0,-0.394799533023366,-0.15418912760847778,New / Low-Value
13373,61,3,3312.25,India,0,0.09735344165863415,-0.2502708561438334,New / Low-Value
13375,89,1,778.65,India,0,-0.36286300793312687,-0.14522608248678642,New / Low-Value
13376,99,3,1019.76,India,0,-0.2085461250045226,-0.00962475237077391,New / Low-Value
13379,26,3,572.56,India,0,0.037964993790663246,-0.6903676707502527,New / Low-Value
13381,32,6,3639.31,India,0,0.49393190674110915,-0.44660031215992385,New / Low-Value
13382,281,1,222.99,India,1,-1.1330059678047488,1.567235575708053,At Risk / Lost
13384,31,7,4151.93,India,0,0.6215064251086253,-0.41544131837102327,New / Low-Value
13385,330,1,534.57,India,1,-1.2976703547831796,2.0246861544284585,At Risk / Lost
13388,131,2,677.1,India,0,-0.4422061182828322,0.2474006571141937,New / Low-Value
13389,11,3,797.96,India,0,0.1109299618241022,-0.815958776914975,New / Low-Value
13390,75,1,544.08,India,0,-0.32605097802648725,-0.28248023039783077,New / Low-Value
13391,204,1,59.8,India,1,-0.8512925453214607,0.8630840546613585,At Risk / Lost
13394,2,8,2520.02,India,0,0.7048908565695641,-0.7342333713204886,New / Low-Value
13395,185,1,307.72,India,1,-0.7615133630750717,0.7023094606163673,At Risk / Lost
13396,29,2,1360.99,India,0,-0.005734427013409171,-0.644841648910075,New / Low-Value
13397,73,5,1544.13,India,0,0.1027651061622811,-0.1870462987006507,New / Low-Value
13398,192,1,457.34,India,1,-0.7776455668953499,0.7723925784487646,At Risk / Lost
13402,127,2,621.23,India,0,-0.43090432264786654,0.2086872703779409,New / Low-Value
13403,18,1,75.0,India,0,-0.14200086269595377,-0.8194181537305537,New / Low-Value
13404,1,2,252.49,India,0,0.022929562101819116,-0.9481403023359639,New / Low-Value
13405,74,3,572.451,India,0,-0.14480984844620864,-0.25600182705747215,New / Low-Value
13408,2,62,28117.04,India,3,7.241721648555063,1.3431562310587433,Loyal Customers
13410,24,5,1003.06,India,0,0.2512916574542509,-0.6548308037950807,New / Low-Value
13411,107,1,213.55,India,0,-0.4711387749240103,-0.0077834830002051665,New / Low-Value
13414,134,3,1390.5,India,0,-0.3157432619090551,0.3237983296819626,New / Low-Value
13416,44,2,712.5,India,0,-0.10845126615489115,-0.5383022700955027,New / Low-Value
13417,5,2,640.83,India,0,0.035007200127046556,-0.8944558035618366,New / Low-Value
13418,12,18,6127.43,India,3,1.797681082457483,-0.3100466787130844,Loyal Customers
13419,64,1,221.06,India,0,-0.30688173881452097,-0.3965691066024522,New / Low-Value
13420,150,2,159.85,India,1,-0.5509247021826028,0.39604733103056944,At Risk / Lost
13421,40,2,1833.71,India,0,-0.014376697720154251,-0.5240117871366208,New / Low-Value
13422,64,1,2626.3,India,0,-0.13774422560477992,-0.28826123666538295,New / Low-Value
13425,108,3,1624.21,India,0,-0.20030978629467902,0.09903812519185304,New / Low-Value
13426,1,10,3641.32,India,0,0.9629872243692341,-0.6585404147619682,New / Low-Value
13427,19,3,582.6,India,0,0.06532455760789277,-0.7532613045751695,New / Low-Value
13428,10,1,201.78,India,0,-0.10262444224856528,-0.8861043802566465,New / Low-Value
13429,11,4,1006.8,India,0,0.21333489016655918,-0.7894295948390232,New / Low-Value
13430,19,2,679.45,India,0,-0.015584118213782106,-0.7660252770416592,New / Low-Value
13431,67,2,1269.1,India,0,-0.15688685344550535,-0.30510260697553704,New / Low-Value
13434,74,2,534.24,India,0,-0.2352160719852094,-0.27484759145390253,New / Low-Value
13435,5,7,3809.8900000000003,India,0,0.6964529126342832,-0.6661275244727257,New / Low-Value
13436,2,1,196.89,India,0,-0.07250711293733235,-0.9587197021057067,New / Low-Value
13437,14,7,3408.06,India,0,0.633927208141495,-0.6027773988019158,New / Low-Value
13439,255,1,283.71,India,1,-1.029737223531176,1.33468563779408,At Risk / Lost
13441,92,1,296.64,India,0,-0.4081811074114666,-0.13978280330187196,New / Low-Value
13447,23,3,1129.14,India,0,0.08852688780096253,-0.6924530655405924,New / Low-Value
13448,17,6,3534.69,India,0,0.5436897261700518,-0.5870522069514077,New / Low-Value
13449,24,1,291.88,India,0,-0.14959566480683692,-0.7553557112041811,New / Low-Value
13450,27,6,2043.7199999999998,India,0,0.4007675780432496,-0.5636966253004166,New / Low-Value
13451,26,5,2898.2599999999998,India,0,0.3769476390349102,-0.5513912352219679,New / Low-Value
13452,259,2,590.0,India,1,-0.9357101673070038,1.4018005524977477,At Risk / Lost
13453,166,2,356.97999999999996,India,1,-0.5979848280765906,0.5497143384315677,At Risk / Lost
13455,25,2,1058.34,India,0,-0.011786307315106864,-0.6946675300930648,New / Low-Value
13456,18,6,1766.72,India,0,0.4155576644304981,-0.6576144412430418,New / Low-Value
13458,7,14,9646.57,India,3,1.7133099330633532,-0.265327383328687,Loyal Customers
13460,29,2,183.44,India,0,-0.0885402504157019,-0.6978666826881578,New / Low-Value
13461,39,3,1445.0,India,0,0.0498159066673283,-0.5334396505471592,New / Low-Value
13462,253,1,151.5,India,1,-1.0314189886454361,1.3106334449590862,At Risk / Lost
13464,58,1,674.68,India,0,-0.25213708778746674,-0.43043895845479435,New / Low-Value
13466,184,1,307.9,India,1,-0.7576930558702205,0.693268175344028,At Risk / Lost
13467,11,2,1071.91,India,0,0.04247503431421539,-0.8207479428067134,New / Low-Value
13468,2,37,5704.97,India,3,3.472714990020006,-0.09418657924214725,Loyal Customers
13470,99,2,165.0,India,0,-0.35637242607171216,-0.06523968861252699,New / Low-Value
13471,1,4,2501.84,India,0,0.35654324244711055,-0.8126019045376751,New / Low-Value
13473,61,2,422.64,India,0,-0.19356438821850436,-0.3975150140605318,New / Low-Value
13474,236,1,226.84,India,1,-0.9613910054177619,1.1601863611069743,At Risk / Lost
13475,191,4,1431.78,India,1,-0.4421572480231438,0.8585975589881546,At Risk / Lost
13476,179,2,1238.47,India,1,-0.5854975153003114,0.707049879806324,At Risk / Lost
13477,38,6,1454.58,India,0,0.3174548545846397,-0.4906822808023183,New / Low-Value
13479,201,2,300.95,India,1,-0.7351926152748656,0.8639199828676659,At Risk / Lost
13481,46,5,1804.56,India,0,0.22388519321750402,-0.41965269322598,New / Low-Value
13482,232,1,184.64,India,1,-0.9491279294924398,1.122088533974769,At Risk / Lost
13483,66,1,140.34,India,0,-0.320173303051074,-0.38210514394228523,New / Low-Value
13484,241,1,313.8,India,1,-0.9743141883834419,1.2093491200810802,At Risk / Lost
13485,233,1,454.24,India,1,-0.9339771908500059,1.1432780028593978,At Risk / Lost
13486,78,3,1122.41,India,0,-0.12136709269990341,-0.19503963057693746,New / Low-Value
13487,58,3,575.4,India,0,-0.08368008105885984,-0.4006592843474049,New / Low-Value
13488,17,13,8968.31,India,3,1.5398186927765172,-0.22250062431583184,Loyal Customers
13489,105,4,449.52,India,0,-0.1837723351287277,0.03611882956532033,New / Low-Value
13491,52,10,1215.82,India,0,0.5982348933377547,-0.3062416678077452,New / Low-Value
13492,136,3,1269.84,Switzerland,0,-0.33184342415561835,0.33646379559116646,New / Low-Value
13493,275,2,618.63,Switzerland,1,-0.9946192858070689,1.5478800110119835,At Risk / Lost
13494,312,1,316.26000000000005,India,1,-1.244484316561003,1.8519666310642606,At Risk / Lost
13495,8,5,2044.8700000000001,India,0,0.3854745780032738,-0.7527083879452463,New / Low-Value
13496,11,2,653.33,India,0,0.013040308349516049,-0.8395965850204876,New / Low-Value
13497,283,2,348.05,India,1,-1.0441077842173885,1.6080909287551894,At Risk / Lost
13499,18,5,1159.11,India,0,0.28511105785940355,-0.7021002219514815,New / Low-Value
13500,23,3,1166.77,India,0,0.09117304561560163,-0.6907585880058217,New / Low-Value
13501,288,1,1340.32,Switzerland,1,-1.0810883874420774,1.6808946397316002,At Risk / Lost
13502,17,3,292.0,India,0,0.052504739443919826,-0.7844457933637198,New / Low-Value
13503,71,1,216.85,India,0,-0.3338313345196234,-0.33341294808904987,New / Low-Value
13504,64,1,295.93,India,0,-0.3016168481532924,-0.39319771321876146,New / Low-Value
13505,73,4,4393.63,Switzerland,0,0.21542396444813547,-0.07585854153422486,New / Low-Value
13506,316,2,458.52,India,1,-1.1619919206168003,1.9116952808189933,At Risk / Lost
13507,3,4,2479.16,India,0,0.3473330760197963,-0.7955244027832192,New / Low-Value
13508,244,1,110.97,India,1,-1.0000002299640685,1.2273638645372484,At Risk / Lost
13509,9,7,979.72,India,0,0.48220354061449083,-0.7573724142299536,New / Low-Value
13510,1,4,1791.56,India,0,0.3065960467898726,-0.8445857871684734,New / Low-Value
13512,261,1,251.21,India,1,-1.0548685346990534,1.387518507968044,At Risk / Lost
13513,127,1,205.1,India,0,-0.5478859731108799,0.1728238271225413,New / Low-Value
13514,74,1,152.20000000000002,India,0,-0.34980049895895765,-0.3091759632460991,New / Low-Value
13515,73,4,891.12,India,0,-0.030874047971519214,-0.23357643976196288,New / Low-Value
13516,21,3,1389.41,India,0,0.1144444854050003,-0.6988318982148949,New / Low-Value
13517,60,3,2128.42,India,0,0.01791365547760041,-0.31262806875988447,New / Low-Value
13518,86,1,627.16,India,0,-0.362092901427784,-0.17919584368810398,New / Low-Value
13519,78,1,122.75,India,0,-0.36710203375802125,-0.2743045330144075,New / Low-Value
13520,59,6,3624.35,Switzerland,0,0.3900733758580749,-0.20294041244033034,New / Low-Value
13521,1,3,1071.73,India,0,0.16825808146356142,-0.8941248304055331,New / Low-Value
13522,30,1,125.80000000000001,India,0,-0.1841203791338824,-0.7085379435838886,New / Low-Value
13523,33,5,3964.88,India,0,0.42529927034681525,-0.4400156406586445,New / Low-Value
13524,41,5,680.1800000000001,India,0,0.1638565547624319,-0.5155304371621329,New / Low-Value
13525,15,2,628.78,India,0,-0.003916656338154224,-0.8045045079665697,New / Low-Value
13527,34,7,2242.36,India,0,0.4758016912995336,-0.4742810141937433,New / Low-Value
13529,79,2,307.76,India,0,-0.27018049081111994,-0.2397990243080862,New / Low-Value
13531,205,2,483.8,India,1,-0.7375651225945808,0.9083512743970408,At Risk / Lost
13532,34,1,210.31,India,0,-0.19340819762796935,-0.6685348986867048,New / Low-Value
13533,183,3,269.09,India,1,-0.5811761231580065,0.7167214206917363,At Risk / Lost
13534,2,25,5870.08,India,3,2.4316950817172143,-0.29225317536525713,Loyal Customers
13536,1,7,3444.39,India,0,0.6859813932507343,-0.7187835388754961,New / Low-Value
13538,43,7,1280.85,India,0,0.37391904804253545,-0.4361332586175514,New / Low-Value
13539,86,3,631.34,India,0,-0.1863605429186147,-0.1447573695342787,New / Low-Value
13544,40,2,276.06,India,0,-0.12391131690624511,-0.5941527101245454,New / Low-Value
13546,12,3,621.09,India,0,0.09468473768413069,-0.814873835932262,New / Low-Value
13548,96,2,678.16,India,0,-0.3088638451709433,-0.06928028442757411,New / Low-Value
13549,26,7,918.2,India,0,0.4131473857418075,-0.606303016279236,New / Low-Value
13551,319,1,91.80000000000001,India,1,-1.2869219871710815,1.9052049400684086,At Risk / Lost
13552,66,12,3740.07,India,0,0.8978725667544664,-0.0316330636615981,New / Low-Value
13555,74,4,4098.88,India,0,0.19088936791407257,-0.08008173267478509,New / Low-Value
13557,28,2,584.06,India,0,-0.056560829862615916,-0.6888761692885974,New / Low-Value
13558,6,4,594.52,India,0,0.2033814305529568,-0.853241501610408,New / Low-Value
13560,7,1,171.42000000000002,India,0,-0.09333642194871711,-0.9146196619526019,New / Low-Value
13561,216,1,141.85999999999999,India,1,-0.8912138450895616,0.9753719014739003,At Risk / Lost
13562,82,3,1799.33,India,0,-0.08899638472653483,-0.12836038487259133,New / Low-Value
13563,84,2,777.53,India,0,-0.256184309625272,-0.17339834492245826,New / Low-Value
13564,144,3,1724.67,India,0,-0.33032077878923455,0.42933989931624933,New / Low-Value
13565,19,2,240.22,India,0,-0.04647096107649625,-0.7858037880062444,New / Low-Value
13566,41,2,856.84,India,0,-0.08687826657740674,-0.5589508171296338,New / Low-Value
13568,173,1,187.05,India,1,-0.7243071351438884,0.5882830069046098,At Risk / Lost
13569,17,2,338.62,India,0,-0.031936131621691344,-0.7994716209078478,New / Low-Value
13570,243,1,239.49,India,1,-0.9871549986579475,1.22410172480869,At Risk / Lost
13571,13,12,2088.94,India,0,0.9835698186345138,-0.5856010929459069,New / Low-Value
13572,206,1,1384.25,India,1,-0.7657719496750366,0.9408227714414767,At Risk / Lost
13573,50,2,290.25,India,0,-0.160989965264719,-0.5030198282812749,New / Low-Value
13575,23,5,732.0699999999999,India,0,0.23604317341287062,-0.6760828643292797,New / Low-Value
13576,10,18,6717.34,India,3,1.8467791069022763,-0.3015818341468388,Loyal Customers
13577,25,4,1687.6000000000001,India,0,0.20790194613890992,-0.632081726217356,New / Low-Value
13579,15,2,467.04,India,0,-0.015290282831370502,-0.8117876542985871,New / Low-Value
13581,309,1,118.0,India,1,-1.2470030966086938,1.8158908184597748,At Risk / Lost
13583,156,1,781.03,India,1,-0.6178081636360009,0.46119026343606107,At Risk / Lost
13584,307,1,142.4,India,1,-1.2376719790402375,1.798890768242917,At Risk / Lost
13587,64,1,712.4,India,0,-0.27233049829778494,-0.37444408422843567,New / Low-Value
13588,16,9,2478.95,India,0,0.736414912644596,-0.5922661581563923,New / Low-Value
13589,15,2,379.65,India,0,-0.021435585287424484,-0.815722822828048,New / Low-Value
13590,11,6,1981.92,India,0,0.4573441678504744,-0.7112697277112335,New / Low-Value
13591,65,3,1117.13,India,0,-0.07223894072027176,-0.3129194674408926,New / Low-Value
13592,36,4,247.95999999999998,India,0,0.06478169620274053,-0.5973653658628263,New / Low-Value
13593,108,5,2011.88,India,0,0.002389754259027841,0.15074514013252982,New / Low-Value
13594,53,1,396.97,India,0,-0.2526275270153135,-0.48819118300842484,New / Low-Value
13596,6,2,664.11,India,0,0.03283661023102976,-0.8843581153406341,New / Low-Value
13598,47,1,160.04,India,0,-0.2464426495439072,-0.5531564763073765,New / Low-Value
13599,1,21,5149.92,India,3,2.033983931513965,-0.40223184251436883,Loyal Customers
13600,312,1,219.52,India,1,-1.25128711504594,1.847610432374021,At Risk / Lost
13601,45,2,693.32,India,0,-0.11360766154677762,-0.5301165541338367,New / Low-Value
13602,65,1,428.89,India,0,-0.29607469318857005,-0.3781611385767869,New / Low-Value
13603,26,1,164.34,India,0,-0.16617963161796875,-0.7430000514453685,New / Low-Value
13606,29,3,276.75,India,0,0.005740558545270678,-0.676539812320738,New / Low-Value
13607,40,1,675.51,India,0,-0.1835410303386085,-0.5932906155694668,New / Low-Value
13610,12,7,1082.33,India,0,0.47799617144692197,-0.725603717655253,New / Low-Value
13611,89,3,1154.4,India,0,-0.1610016869157075,-0.09405582471364796,New / Low-Value
13614,24,4,1585.46,India,0,0.20452706685442068,-0.6457304773774908,New / Low-Value
13615,319,1,417.69,India,1,-1.2640052619461881,1.9198797549450077,At Risk / Lost
13617,40,3,544.18,India,0,-0.017337793420237693,-0.5649541517992923,New / Low-Value
13618,174,1,177.34,India,1,-0.7287975960551841,0.5968951566227008,At Risk / Lost
13621,117,1,213.85,India,0,-0.509194174067638,0.08272393264699952,New / Low-Value
13623,31,5,727.74,India,0,0.20527748972877102,-0.6038827187457148,New / Low-Value
13626,253,1,257.23,India,1,-1.0239840094867385,1.3153944630231655,At Risk / Lost
13627,59,5,1638.47,India,0,0.16270622899512183,-0.3094896412446625,New / Low-Value
13629,23,11,7792.36,India,0,1.2588410657918994,-0.255407515062587,New / Low-Value
13630,5,7,2031.78,India,0,0.5714154512527276,-0.7461957532622862,New / Low-Value
13631,100,11,3070.42,India,0,0.6336031967226978,0.22876677931829642,New / Low-Value
13632,25,5,2118.93,India,0,0.32595246715155163,-0.5955338275134175,New / Low-Value
13634,33,5,1547.3600000000001,India,0,0.25529822224566395,-0.5488764785501912,New / Low-Value
13635,68,1,1071.03,India,0,-0.26234208027449557,-0.32209742567641936,New / Low-Value
13636,37,5,949.12,India,0,0.1979991295569225,-0.5396176413826037,New / Low-Value
13637,52,3,804.3,India,0,-0.044737837262889824,-0.4446482696468285,New / Low-Value
13638,16,1,122.64,India,0,-0.1310354983134603,-0.835371707590567,New / Low-Value
13639,74,1,1033.34,India,0,-0.2878383544787265,-0.26949826101415997,New / Low-Value
13642,216,1,312.28,India,1,-0.8792298372561629,0.9830459078910043,At Risk / Lost
13643,31,3,519.44,India,0,0.015191324864987449,-0.6475127090939965,New / Low-Value
13644,16,4,2624.26,India,0,0.30803712668812744,-0.6713484763919816,New / Low-Value
13645,120,1,252.1,India,0,-0.5179273661677121,0.11159450075670306,New / Low-Value
13647,10,4,1648.1200000000001,India,0,0.26224043843645717,-0.7696003691721413,New / Low-Value
13649,257,2,346.6,India,1,-0.9452108611326572,1.3727414779967653,At Risk / Lost
13650,17,6,1836.34,India,0,0.4242610223568091,-0.6635288458346882,New / Low-Value
13651,35,2,94.2,India,0,-0.11766154283265266,-0.6475888126556467,New / Low-Value
13652,46,3,1095.08,India,0,-0.0014441652030381096,-0.4858508007912798,New / Low-Value
13654,43,6,2707.33,India,0,0.3865105267539084,-0.38902404042347277,New / Low-Value
13655,114,2,932.97,India,0,-0.3594831876653944,0.10508283261239164,New / Low-Value
13656,165,2,379.65,India,1,-0.5925830143808749,0.5416857770432835,At Risk / Lost
13657,11,2,382.14,India,0,-0.006029889305333229,-0.8518082608816215,New / Low-Value
13658,10,5,2639.17,India,0,0.4196507110305445,-0.707848299175036,New / Low-Value
13659,206,2,1563.0,India,1,-0.6654829630982584,0.9659970019091042,At Risk / Lost
13662,86,3,881.26,India,0,-0.16878606082893616,-0.13350348100146187,New / Low-Value
13663,179,1,189.47,India,1,-0.7469828568648567,0.6426883234116646,At Risk / Lost
13666,60,3,84.65,India,0,-0.1258051315759462,-0.40465895771120913,New / Low-Value
13667,149,1,299.05,India,1,-0.625047658228517,0.37614098686179837,At Risk / Lost
13668,3,21,6309.83,India,3,2.1079340034606626,-0.3319023559646831,Loyal Customers
13669,51,2,218.55,India,0,-0.169839589687295,-0.4971990860141654,New / Low-Value
13670,75,1,349.7,India,0,-0.3397198633841686,-0.2912331547456578,New / Low-Value
13672,301,2,186.39000000000001,India,1,-1.124013476567347,1.7637004168048294,At Risk / Lost
13673,19,2,387.44,India,0,-0.03611838723989863,-0.7791744767474365,New / Low-Value
13675,151,2,486.82000000000005,India,1,-0.5317396804196308,0.41982016893379476,At Risk / Lost
13678,152,1,232.6,India,1,-0.6411433994434651,0.4002969177700537,At Risk / Lost
13680,1,4,3719.12,India,0,0.44214289656892525,-0.7577878303010103,New / Low-Value
13681,18,4,827.83,India,0,0.17409609595796677,-0.7341428727852682,New / Low-Value
13682,187,1,59.5,India,1,-0.7865835994868053,0.7092309043534918,At Risk / Lost
13684,286,1,65.13,India,1,-1.1631449986625346,1.6053740989643124,At Risk / Lost
13685,3,7,3119.44,India,0,0.6555154701763043,-0.7153172442545811,New / Low-Value
13686,183,1,72.0,India,1,-0.7704739959914391,0.6735962162367519,At Risk / Lost
13689,63,1,910.0,India,0,-0.25462753162532686,-0.3745955540632402,New / Low-Value
13690,59,1,172.25,India,0,-0.29127583141013574,-0.4440139724606531,New / Low-Value
13692,25,3,1488.32,India,0,0.10616928111582444,-0.6581804218401479,New / Low-Value
13694,4,50,65039.62,India,3,8.777887570266584,2.8183759567936546,Loyal Customers
13695,31,15,2504.13,India,0,1.2073860955092919,-0.35264069696636674,New / Low-Value
13697,39,1,151.29999999999998,India,0,-0.21659605389162612,-0.6259451635167574,New / Low-Value
13699,155,1,308.58000000000004,India,1,-0.6472234016858105,0.43086646641089993,At Risk / Lost
13700,26,10,2248.63,India,0,0.7698614252816048,-0.49501842828947634,New / Low-Value
13703,318,1,99.5,India,1,-1.282572870325888,1.8965022801232407,At Risk / Lost
13704,5,9,2308.06,India,0,0.7662819990088622,-0.6995046259803421,New / Low-Value
13705,8,3,711.86,India,0,0.11629832130577387,-0.8469840287886642,New / Low-Value
13706,303,1,330.79,India,1,-1.209193714954468,1.7711764004448276,At Risk / Lost
13707,267,2,806.41,India,1,-0.9509533190749878,1.4839406122727898,At Risk / Lost
13708,271,1,285.33,India,1,-1.0905456968697582,1.4795488369882477,At Risk / Lost
13709,4,13,6307.650000000001,India,0,1.4022193789619322,-0.4599521262416914,New / Low-Value
13710,32,1,180.48,India,0,-0.18789055702703564,-0.6879769238360799,New / Low-Value
13711,219,2,252.06,India,1,-0.8071682726326145,1.0246074999259716,At Risk / Lost
13712,247,1,228.84,India,1,-1.003134509356155,1.2598197183583113,At Risk / Lost
13715,281,5,1077.39,India,1,-0.72204735343065,1.6742096745210824,At Risk / Lost
13716,269,1,138.28,India,1,-1.093271017178524,1.4548283994916542,At Risk / Lost
13717,32,6,1445.01,India,0,0.33962778522469717,-0.5454095615499686,New / Low-Value
13718,246,2,306.55,India,1,-0.9061430495898798,1.2713947306258953,At Risk / Lost
13719,15,5,1041.68,India,0,0.28827627824108465,-0.7345362625885075,New / Low-Value
13720,117,4,799.9,India,0,-0.2048252568786526,0.16048911624312054,New / Low-Value
13721,36,1,524.14,India,0,-0.17895483585426836,-0.6363043638409469,New / Low-Value
13722,132,3,2375.41,India,0,-0.23886866726010425,0.3500500099174728,New / Low-Value
13723,217,1,199.85000000000002,India,1,-0.8909436128291575,0.987032579735812,At Risk / Lost
13725,50,8,1980.56,India,0,0.4841886196081794,-0.32415448358986915,New / Low-Value
13726,39,2,1079.6599999999999,India,0,-0.06359416911044673,-0.5670160219452375,New / Low-Value
13727,29,2,333.48,India,0,-0.07798937296397587,-0.6911103869316604,New / Low-Value
13728,37,6,1016.14,India,0,0.29043121438962344,-0.5194746087613737,New / Low-Value
13730,136,2,752.6,India,0,-0.4559351733865871,0.29604737270407216,New / Low-Value
13731,219,2,610.59,India,1,-0.781956288543256,1.0407520928183804,At Risk / Lost
13732,28,1,491.86,India,0,-0.15076358314529326,-0.7101530563962883,New / Low-Value
13735,25,4,2883.54,India,0,0.29200096226539113,-0.5782285914064688,New / Low-Value
13736,5,2,729.8,India,0,0.04126360886391716,-0.8904494876896987,New / Low-Value
13737,200,1,339.59999999999997,India,1,-0.8163862906474331,0.8394858758468832,At Risk / Lost
13739,18,1,216.9,India,0,-0.13202239355172604,-0.8130284018787344,New / Low-Value
13740,241,1,350.75,India,1,-0.9717158484618125,1.2110129772405216,At Risk / Lost
13741,72,3,668.4300000000001,India,0,-0.13044526475460438,-0.2697786775012409,New / Low-Value
13742,17,12,3107.87,India,0,1.0399908171788288,-0.5035211493498006,New / Low-Value
13743,3,7,1341.6,India,0,0.5304969953110908,-0.7953733149539371,New / Low-Value
13744,95,2,1080.52,India,0,-0.27676206706809714,-0.06021141889114156,New / Low-Value
13745,162,1,300.04,India,1,-0.674477484856695,0.4938276451813961,At Risk / Lost
13747,374,1,79.6,India,1,-1.4972006204289516,2.4023720611305164,At Risk / Lost
13748,96,5,948.25,India,0,-0.026713371328048064,-0.005742768168316152,New / Low-Value
13750,54,5,1647.26,India,0,0.1823625932191513,-0.35434078119261103,New / Low-Value
13751,288,1,296.25,India,1,-1.1545078397282917,1.6338802055108173,At Risk / Lost
13752,124,6,1175.38,India,0,-0.02963646906860304,0.27499295058671674,New / Low-Value
13753,288,1,741.26,India,1,-1.1232145447749953,1.653918989665702,At Risk / Lost
13754,152,2,282.59999999999997,India,1,-0.5499081683446243,0.4196735404087751,At Risk / Lost
13755,4,9,2108.06,India,0,0.7560255623568316,-0.7175600093900825,New / Low-Value
13756,2,14,5189.52,India,3,1.4189265041721053,-0.5112751364544313,Loyal Customers
13758,12,7,3190.55,India,0,0.6262471102717546,-0.6306706475421964,New / Low-Value
13759,33,2,659.4100000000001,India,0,-0.07030043303100536,-0.6402362081932768,New / Low-Value
13760,54,2,286.79,India,0,-0.17646387206477995,-0.46697806929250935,New / Low-Value
13761,50,2,1070.65,India,0,-0.10611190099301145,-0.4678784445944541,New / Low-Value
13762,219,1,306.72,India,1,-0.8910437674338171,1.0099437132901496,At Risk / Lost
13763,63,1,1714.96,India,0,-0.19802239757079879,-0.3383482344674646,New / Low-Value
13764,71,3,1519.42,India,0,-0.06679563173861609,-0.24050801934125832,New / Low-Value
13767,2,37,17220.36,India,3,4.282482176762418,0.4243510146755608,Loyal Customers
13769,2,10,2796.51,India,0,0.8997721716161867,-0.6875327877461633,New / Low-Value
13771,64,4,2634.45,India,0,0.12598651456905957,-0.23651886910285208,New / Low-Value
13772,34,3,1122.63,India,0,0.04618495699563932,-0.5932029132805097,New / Low-Value
13774,82,1,345.0,India,0,-0.3667039161004103,-0.22809906091447807,New / Low-Value
13777,1,33,25977.16,India,3,4.551194937349022,0.7411195124990956,Loyal Customers
13778,103,1,178.7,India,0,-0.45835884383159814,-0.04555033989907072,New / Low-Value
13780,7,2,360.01,India,0,0.007644517668083666,-0.889002336641973,New / Low-Value
13781,251,1,127.84,India,1,-1.0254674709858704,1.2914692546858613,At Risk / Lost
13782,13,6,908.86,India,0,0.37427082721798816,-0.7414907992486317,New / Low-Value
13784,10,11,2462.79,India,0,0.9335628507530664,-0.6130399374594779,New / Low-Value
13786,367,1,230.39999999999998,India,1,-1.4599427527587165,2.3458168449987786,At Risk / Lost
13787,76,2,309.04,India,0,-0.2586675320777033,-0.2668895579519517,New / Low-Value
13790,4,1,348.8,India,0,-0.06944003533440896,-0.9337804189854357,New / Low-Value
13791,128,2,1516.0,India,0,-0.37179136022180437,0.2580281216811878,New / Low-Value
13792,66,2,195.55,India,0,-0.22857170250726186,-0.3624939151925844,New / Low-Value
13798,1,57,37153.85,India,3,7.442405623443013,1.6554084445706807,Loyal Customers
13799,117,2,688.86,India,0,-0.3880720566334327,0.12123874016621265,New / Low-Value
13800,310,1,558.32,India,1,-1.219847254003592,1.8447678027506234,At Risk / Lost
13801,67,1,324.8,India,0,-0.3110096458951766,-0.3647495261687483,New / Low-Value
13802,139,3,4599.42,India,0,-0.10912887243278196,0.5135428341902908,New / Low-Value
13803,255,1,277.07,India,1,-1.0302041511923292,1.3343866388349812,At Risk / Lost
13804,31,7,2588.39,India,0,0.5115576185845535,-0.48584746784525673,New / Low-Value
13805,52,2,924.6,India,0,-0.12399749898003942,-0.45635628946409224,New / Low-Value
13806,64,1,256.38,India,0,-0.30439802119525305,-0.3949786482838739,New / Low-Value
13807,367,1,112.6,India,1,-1.4682264995183363,2.3405123152726026,At Risk / Lost
13808,6,5,1747.66,India,0,0.37218994179107423,-0.7841905247939834,New / Low-Value
13809,305,1,155.05,Cyprus,1,-1.229167126534816,1.7813616159523524,At Risk / Lost
13810,29,3,1499.01,Germany,0,0.09169040841295044,-0.6215014888647493,New / Low-Value
13811,184,3,814.5,Germany,1,-0.5466303064699809,0.7503306038698837,At Risk / Lost
13812,42,3,539.0,Germany,0,-0.02531735230686143,-0.5470886256797424,New / Low-Value
13813,40,4,1366.8600000000001,Germany,0,0.12823262822378897,-0.5107837767936658,New / Low-Value
13814,92,2,1579.12,Germany,0,-0.2302773516411828,-0.0649076509779469,New / Low-Value
13815,22,4,4027.36,Germany,0,0.38385782611541047,-0.5538705903020766,New / Low-Value
13816,24,2,571.6700000000001,Germany,0,-0.04220150189226613,-0.7256316532023195,New / Low-Value
13817,29,2,382.98,Germany,0,-0.07450851163459411,-0.6888814037275374,New / Low-Value
13819,302,3,1140.35,India,1,-0.9730190382825045,1.8328317161133814,At Risk / Lost
13821,145,2,385.64,India,1,-0.5160088044540109,0.36096769320978656,At Risk / Lost
13822,6,2,632.0,India,0,0.030578621194939887,-0.8858040274756723,New / Low-Value
13823,19,2,957.66,India,0,0.003979728865961294,-0.7534974908352132,New / Low-Value
13824,33,5,1698.94,India,0,0.2659573931609707,-0.5420508366495654,New / Low-Value
13826,176,1,189.5,India,1,-0.7355577986700608,0.6155415023131495,At Risk / Lost
13827,58,3,409.8,India,0,-0.09532514441533699,-0.4081162463393802,New / Low-Value
13828,22,1,209.49,India,0,-0.14777406605382853,-0.7771645112466615,New / Low-Value
13831,16,6,2198.45,India,0,0.4535324031160671,-0.6562724363379718,New / Low-Value
13832,19,1,52.199999999999996,India,0,-0.14741181804768594,-0.811395446237553,New / Low-Value
13833,159,1,383.85,India,1,-0.657160980961382,0.47045343444331406,At Risk / Lost
13835,25,4,834.57,India,0,0.1479165089711822,-0.6704936361691356,New / Low-Value
13837,212,2,266.59000000000003,India,1,-0.7794929700806591,0.961916050638156,At Risk / Lost
13838,6,4,674.82,India,0,0.2090281611539539,-0.8496255955237195,New / Low-Value
13841,253,1,85.0,India,1,-1.0360952973000601,1.307638952371729,At Risk / Lost
13842,59,9,3385.62,India,0,0.6364434080521615,-0.16231504232090854,New / Low-Value
13844,11,1,361.62,India,0,-0.09519207410134224,-0.8698574001898876,New / Low-Value
13845,65,1,312.98,India,0,-0.30422553433379507,-0.3833805616715324,New / Low-Value
13846,25,3,865.0600000000001,India,0,0.06234136935520878,-0.6862457970280618,New / Low-Value
13848,92,3,1255.0,India,0,-0.16535040014937843,-0.06237763836602379,New / Low-Value
13849,52,2,1537.95,India,0,-0.08086646268960908,-0.42873716121664024,New / Low-Value
13850,129,1,1595.48,India,0,-0.4577291514554429,0.25353136941069654,New / Low-Value
13851,96,3,2651.46,India,0,-0.08238132932866943,0.0367024674331648,New / Low-Value
13853,57,1,1090.14,India,0,-0.21911411203987513,-0.4207802003936343,New / Low-Value
13854,9,25,8109.5199999999995,India,3,2.5625199207932714,-0.12806553875224502,Loyal Customers
13856,169,3,388.5,India,1,-0.519472067122588,0.5954069793381765,At Risk / Lost
13858,57,1,216.17,India,0,-0.2805720590305777,-0.46013503778570347,New / Low-Value
13859,326,1,201.16,India,1,-1.305885291539257,1.9734751515614524,At Risk / Lost
13860,1,5,1245.9,India,0,0.355944210020844,-0.8520317127190032,New / Low-Value
13862,18,8,2209.36,India,0,0.6221227190705911,-0.6034321291966954,New / Low-Value
13863,248,1,305.78,India,1,-1.0015317049302601,1.2723337144327105,At Risk / Lost
13865,58,4,501.56,India,0,-0.0011533321222541094,-0.38685917241572587,New / Low-Value
13866,74,1,145.67000000000002,India,0,-0.35025969137271246,-0.30947000890918847,New / Low-Value
13867,31,3,1005.09,India,0,0.04934244212992184,-0.6256439072135448,New / Low-Value
13868,7,2,3192.54,India,0,0.20682924779563344,-0.7614536135071313,New / Low-Value
13869,123,4,3083.65,India,0,-0.06707686998227767,0.3176226398827418,New / Low-Value
13870,2,8,2770.94,India,0,0.7225356590901392,-0.7229344528239521,New / Low-Value
13871,23,13,6403.25,India,0,1.3365966711371433,-0.2837088390597235,New / Low-Value
13873,120,3,389.6,India,0,-0.33281988781140787,0.1520363696736331,New / Low-Value
13874,358,1,540.45,India,1,-1.4038710574136184,2.278333869257779,At Risk / Lost
13875,54,5,1786.79,India,0,0.19217440294215404,-0.34805775035480724,New / Low-Value
13876,64,1,122.7,India,0,-0.3137984563975107,-0.40099825383391774,New / Low-Value
13877,86,1,117.24,India,0,-0.3979506955505789,-0.20215752278803178,New / Low-Value
13878,55,1,1271.57,India,0,-0.19874057720772542,-0.43070919540759456,New / Low-Value
13880,21,13,3219.77,India,0,1.1203482848410107,-0.44515960929359694,New / Low-Value
13881,4,20,17159.52,India,3,2.779362020273907,0.1485830573179193,Loyal Customers
13882,3,5,1191.13,India,0,0.3444774609660578,-0.8363992225003112,New / Low-Value
13883,11,5,2674.48,India,0,0.4183260759182138,-0.6972089004902859,New / Low-Value
13884,7,5,787.6,India,0,0.3008704593771936,-0.818372601096869,New / Low-Value
13885,189,2,506.8,India,1,-0.6750253602473242,0.7645967129096509,At Risk / Lost
13886,71,1,243.56,India,0,-0.33195307581037514,-0.3322101977580978,New / Low-Value
13887,204,1,349.55,India,1,-0.8309172004691705,0.8761314866491292,At Risk / Lost
13888,120,2,595.67,India,0,-0.406048166170556,0.1441905698446044,New / Low-Value
13889,93,1,416.90000000000003,India,0,-0.40353202191913107,-0.12531810919913702,New / Low-Value
13890,1,10,1883.8100000000002,India,0,0.8393983638641486,-0.7376810262989036,New / Low-Value
13892,27,4,632.97,India,0,0.126124611047848,-0.6614728955234008,New / Low-Value
13893,298,1,821.1,India,1,-1.1556766568451071,1.748008088627168,At Risk / Lost
13894,24,3,564.62,India,0,0.045021948623923544,-0.7088239899938046,New / Low-Value
13895,28,4,2593.07,India,0,0.26015203812098636,-0.564160272970691,New / Low-Value
13897,50,1,311.16,India,0,-0.24723877460868182,-0.5192033761926353,New / Low-Value
13898,326,1,155.93,India,1,-1.3090658846287102,1.9714384463024122,At Risk / Lost
13899,16,2,388.52,India,0,-0.024619492592661257,-0.8062740163840458,New / Low-Value
13900,183,3,740.95,India,1,-0.5479947246351362,0.7379692593724939,At Risk / Lost
13901,72,5,2867.2,India,0,0.19961160819593687,-0.13651789526789224,New / Low-Value
13904,37,2,332.64,India,0,-0.10850963834424643,-0.6187530867747139,New / Low-Value
13908,80,4,2369.55,India,0,0.04643623998791522,-0.10365705583924736,New / Low-Value
13911,57,9,2580.91,India,0,0.5874711531599369,-0.21664988575737196,New / Low-Value
13914,12,2,626.45,India,0,0.007342445639725733,-0.8317575997794632,New / Low-Value
13917,50,2,272.04,India,0,-0.16227050031134613,-0.5038398239206098,New / Low-Value
13918,50,2,1212.8400000000001,India,0,-0.09611303892382372,-0.461475634053156,New / Low-Value
13919,59,2,384.81,Denmark,0,-0.18860931106474346,-0.4173172789196642,New / Low-Value
13922,352,1,172.25,India,1,-1.406917142906009,2.2074574926213475,At Risk / Lost
13923,54,1,351.13,India,0,-0.2596586650949034,-0.4812059658795251,New / Low-Value
13924,2,6,1838.8500000000001,India,0,0.4815522695477047,-0.7991566806128848,New / Low-Value
13925,93,4,678.25,India,0,-0.12199614864227211,-0.06217415482278889,New / Low-Value
13926,23,1,223.85000000000002,India,0,-0.150571914193443,-0.7674684903018383,New / Low-Value
13927,75,1,348.99,India,0,-0.33976979089010517,-0.2912651260198988,New / Low-Value
13928,11,4,464.57,India,0,0.1752050429214951,-0.8138461920667331,New / Low-Value
13929,169,2,842.65,India,1,-0.5752552529849073,0.5987322129087205,At Risk / Lost
13930,58,2,337.34,India,0,-0.18813977239211543,-0.42850424196324516,New / Low-Value
13931,96,2,1237.53,India,0,-0.26952870574031146,-0.044091873621709236,New / Low-Value
13932,295,1,307.4,India,1,-1.1803773136148221,1.6977280242669537,At Risk / Lost
13933,109,2,608.7900000000001,India,0,-0.3632414173170062,0.04523806564470863,New / Low-Value
13934,264,1,922.1,India,1,-1.0191142093967018,1.444876832325352,At Risk / Lost
13936,180,1,376.58,India,1,-0.7376328505670833,0.6601632705890587,At Risk / Lost
13937,169,1,158.85,India,1,-0.711059573186014,0.55081559926448,At Risk / Lost
13938,35,1,71.66,India,0,-0.20696577489907275,-0.6657289124906265,New / Low-Value
13939,23,3,568.55,India,0,0.04910595744463686,-0.7176964129021952,New / Low-Value
13940,17,4,839.14,India,0,0.178699069558697,-0.7426829745614079,New / Low-Value
13941,22,5,5112.96,India,0,0.5479168954507715,-0.4878609372352778,New / Low-Value
13946,79,3,561.5699999999999,India,0,-0.16461325269124288,-0.21124484476366134,New / Low-Value
13947,65,1,90.6,India,0,-0.31986339175658124,-0.39339432500350985,New / Low-Value
13948,361,1,102.0,India,1,-1.4461259989221023,2.2857386536623214,At Risk / Lost
13949,3,6,2427.32,India,0,0.5191260839901379,-0.7636085071969692,New / Low-Value
13950,11,4,745.06,India,0,0.19492922058368278,-0.8012157375430065,New / Low-Value
13951,176,3,674.45,India,1,-0.5260174865987325,0.6716290321244747,At Risk / Lost
13952,218,2,3251.071,India,1,-0.592468877321678,1.1506034657850168,At Risk / Lost
13953,7,7,3515.68,India,0,0.6681486396056149,-0.6612770087670684,New / Low-Value
13954,2,2,439.92,India,0,0.032302070937479416,-0.9306509455701796,New / Low-Value
13955,154,2,322.96,India,1,-0.5546853348082169,0.4395897310761183,At Risk / Lost
13956,5,5,1019.27,India,0,0.3247768926575886,-0.8260392907335538,New / Low-Value
13959,79,3,594.04,India,0,-0.16232994830003025,-0.20978272184168406,New / Low-Value
13960,21,2,230.22,India,0,-0.05478946444004156,-0.7681553063118233,New / Low-Value
13962,22,2,169.55,India,0,-0.06286345450982805,-0.761837883544886,New / Low-Value
13963,308,4,664.54,India,1,-0.9416048901171435,1.882827477523523,At Risk / Lost
13967,146,1,80.7,India,1,-0.628979175732921,0.33916052228618454,At Risk / Lost
13969,7,18,9024.17,India,3,2.020419335089352,-0.22485353493684762,Loyal Customers
13971,19,8,2758.26,India,0,0.6569139540624459,-0.5696657914451665,New / Low-Value
13972,71,2,190.25,India,0,-0.24798264842746223,-0.3174856206712542,New / Low-Value
13973,287,1,264.7,India,1,-1.1529187997957897,1.6234101194896533,At Risk / Lost
13974,49,1,413.59000000000003,India,0,-0.2362282033446533,-0.5236403476746396,New / Low-Value
13975,31,6,2461.2400000000002,India,0,0.41489716624203987,-0.5086981521849497,New / Low-Value
13976,207,1,357.98,India,1,-0.8417473478185811,0.9036592612407125,At Risk / Lost
13978,15,2,196.79000000000002,India,0,-0.03429437928117697,-0.8239570019938246,New / Low-Value
13979,73,1,869.87,India,0,-0.2955259857901042,-0.2859086998492213,New / Low-Value
13980,60,1,200.14,India,0,-0.2931222441197192,-0.43370869610670293,New / Low-Value
13982,39,4,1871.81,India,0,0.1675485793323174,-0.4970952872792337,New / Low-Value
13983,30,12,2603.43,India,0,0.9550189351625817,-0.4085939855930293,New / Low-Value
13984,27,5,920.51,India,0,0.2340637573018675,-0.6313998553027118,New / Low-Value
13985,4,15,7060.13,India,3,1.630572515911028,-0.39181773023644634,Loyal Customers
13986,17,1,320.46,India,0,-0.12093236020078435,-0.8174144895017355,New / Low-Value
13988,20,6,4147.96,India,0,0.5753921882441414,-0.5322885091036266,New / Low-Value
13989,66,2,1266.08,India,0,-0.1532915716195234,-0.31428798813177933,New / Low-Value
13990,213,1,311.3,India,1,-0.8678758026965725,0.9558536065291323,At Risk / Lost
13991,12,6,852.88,India,0,0.3741419390236861,-0.753060967283467,New / Low-Value
13992,30,1,76.8,India,0,-0.18756608024781588,-0.7107444118061518,New / Low-Value
13993,43,9,3466.36,India,0,0.7030434720793879,-0.3034695737031254,New / Low-Value
13994,4,6,2274.14,India,0,0.5045467508581069,-0.7614568063737374,New / Low-Value
13995,15,5,1393.69,India,0,0.3130297731209972,-0.7186852650595508,New / Low-Value
13999,10,12,3901.81,India,0,1.1224745667759042,-0.5311157946148778,New / Low-Value
14000,211,1,635.66,India,1,-0.8374513686763716,0.9523607442296227,At Risk / Lost
14001,46,3,2043.0800000000002,India,0,0.06521960328693983,-0.44316239518504436,New / Low-Value
14002,134,2,529.73,India,0,-0.46399218876593323,0.2679127633582543,New / Low-Value
14004,43,7,4582.64,India,0,0.6061023435726244,-0.28745377470762307,New / Low-Value
14005,10,5,2874.72,India,0,0.4362146885282389,-0.6972414912208706,New / Low-Value
14006,116,3,962.19,India,0,-0.2773245141751643,0.1416225139366363,New / Low-Value
14009,198,2,695.61,India,1,-0.696017005435344,0.8545433363518393,At Risk / Lost
14012,278,1,328.8,India,1,-1.1141424144297105,1.5448520241718033,At Risk / Lost
14013,110,3,473.02,India,0,-0.28887726219311666,0.06529886258903814,New / Low-Value
14014,77,1,505.18,India,0,-0.33640174184294436,-0.26613311465490774,New / Low-Value
14015,53,1,917.34,India,0,-0.21603488438964913,-0.46475894078762664,New / Low-Value
14016,162,4,4341.21,EIRE,1,-0.12714304046824496,0.7271767570245805,At Risk / Lost
14019,47,3,1421.61,India,0,0.0177099155703394,-0.4620977760720911,New / Low-Value
14020,17,2,642.8,India,0,-0.01054606295156319,-0.7857744065436024,New / Low-Value
14021,155,3,631.9,India,1,-0.4490489808602998,0.4796758031862168,At Risk / Lost
14022,225,1,440.0,India,1,-0.904517357567656,1.070241650849559,At Risk / Lost
14023,7,2,584.07,India,0,0.02340051341477613,-0.8789129229709466,New / Low-Value
14024,122,2,327.7,India,0,-0.43250723109249756,0.1502226717982655,New / Low-Value
14027,61,1,104.82,India,0,-0.3036328371200729,-0.42895156158265185,New / Low-Value
14029,63,2,467.66,India,0,-0.1980138614741187,-0.37738898376225505,New / Low-Value
14030,18,8,2358.84,India,0,0.6326342170810151,-0.5967010502198811,New / Low-Value
14031,7,19,17286.86,India,3,2.6891744658084002,0.16434022044266858,Loyal Customers
14032,2,11,2975.59,India,0,1.0000843639351609,-0.6623436973905085,New / Low-Value
14034,22,3,648.89,India,0,0.058563150390159475,-0.7231280962827669,New / Low-Value
14035,29,5,1428.02,India,0,0.2621367801316223,-0.5904479170837307,New / Low-Value
14036,285,1,626.65,India,1,-1.1198510207781855,1.6216099335263656,At Risk / Lost
14037,176,2,147.20000000000002,India,1,-0.6508131433429764,0.6307618593005466,At Risk / Lost
14038,78,3,1560.38,India,0,-0.09056885358011899,-0.17531785736663902,New / Low-Value
14039,33,1,152.2,India,0,-0.19368686834008117,-0.6802009805442629,New / Low-Value
14040,41,12,3560.32,India,0,0.980423707483044,-0.26596196628542845,New / Low-Value
14041,266,1,141.41,India,1,-1.0816279656479486,1.4278211712806703,At Risk / Lost
14044,27,4,646.42,India,0,0.1270704208434073,-0.6608672425113714,New / Low-Value
14045,109,4,1659.75,India,0,-0.11389903815389275,0.12681300522099712,New / Low-Value
14046,284,1,154.99,India,1,-1.1492107056875869,1.591321710172543,At Risk / Lost
14047,9,5,1308.6100000000001,India,0,0.3298928080240525,-0.7768127583676725,New / Low-Value
14048,305,1,409.93,India,1,-1.2112438551078903,1.7928388531052188,At Risk / Lost
14049,17,4,5578.72,India,0,0.5119883774276102,-0.529259859114993,New / Low-Value
14050,32,2,746.36,India,0,-0.0603784220372562,-0.6453702435136615,New / Low-Value
14051,1,23,15610.390000000001,India,3,2.9450071084029563,0.10305299098167524,Loyal Customers
14052,20,1,225.36,India,0,-0.13904278176092016,-0.7945486670540483,New / Low-Value
14053,124,2,260.25,India,0,-0.44486564321105265,0.16528418207699236,New / Low-Value
14054,65,1,92.46,India,0,-0.3197325957551136,-0.3933105692709913,New / Low-Value
14055,106,1,725.6400000000001,India,0,-0.4313207359388801,0.0062265204551854554,New / Low-Value
14056,1,23,8152.71,India,3,2.420579837313991,-0.232766068851141,Loyal Customers
14057,24,17,6211.66,India,3,1.6701931684704168,-0.21478624133200963,Loyal Customers
14059,267,1,183.6,India,1,-1.082468796195711,1.4387703761158115,At Risk / Lost
14060,5,19,6140.42,India,3,1.9129673010998682,-0.3556823496922896,Loyal Customers
14062,10,12,10464.85,India,3,1.5839903675675338,-0.23558234152421603,Loyal Customers
14064,29,5,1334.34,India,0,0.25554916216522866,-0.5946663240849882,New / Low-Value
14066,267,1,152.55,India,1,-1.0846522455750502,1.437372195742316,At Risk / Lost
14067,64,2,374.7,India,0,-0.20835849825755642,-0.3725255785238255,New / Low-Value
14068,320,1,265.85,India,1,-1.278490365700818,1.922091795919624,At Risk / Lost
14071,4,8,1437.57,India,0,0.6211572070909587,-0.7648772742172143,New / Low-Value
14073,32,1,151.04,India,0,-0.18996079051263157,-0.6893026059679866,New / Low-Value
14075,5,3,942.26,India,0,0.1439230971662198,-0.8637572971450818,New / Low-Value
14076,129,1,118.67,India,0,-0.5615790670078525,0.18703066868986903,New / Low-Value
14077,41,5,499.41999999999996,India,0,0.15114543367356228,-0.5236700534040982,New / Low-Value
14078,102,6,1049.37,India,0,0.04527074303448897,0.07023213021060742,New / Low-Value
14079,125,1,375.1,India,0,-0.5283162008038784,0.1623801396232653,New / Low-Value
14080,33,1,45.599999999999994,India,0,-0.2011830262736589,-0.6850011746767785,New / Low-Value
14081,302,2,921.62,India,1,-1.0761194356865287,1.8058571876962421,At Risk / Lost
14082,365,1,182.25,India,1,-1.4557133824518085,2.3255498709140596,At Risk / Lost
14083,4,9,1002.9,India,0,0.6783102349471439,-0.7673253240944993,New / Low-Value
14085,2,18,4421.29,India,3,1.7157810777604523,-0.4773680076718297,Loyal Customers
14087,3,1,191.47,India,0,-0.07669589920008152,-0.9499143738432584,New / Low-Value
14088,10,13,50491.81,India,3,4.486422651802565,1.5839553395367092,Loyal Customers
14089,57,1,158.75,India,0,-0.28460985817266055,-0.4627206583024862,New / Low-Value
14090,325,1,76.32000000000001,India,1,-1.3108564446050988,1.9588042202248817,At Risk / Lost
14092,8,14,4076.91,India,0,1.3178413923885,-0.5070795803937064,New / Low-Value
14093,12,1,433.86,India,0,-0.09391977570066143,-0.8575550449449707,New / Low-Value
14096,4,17,65164.79,India,3,5.891955663319557,2.258883250412072,Loyal Customers
14098,37,1,147.35,India,0,-0.2092585205390884,-0.6442218132050678,New / Low-Value
14099,16,11,3104.17,India,0,0.9558190715577904,-0.5298622753341108,New / Low-Value
14100,138,1,191.95000000000002,India,0,-0.5906948315773566,0.27177498042352544,New / Low-Value
14101,74,6,5976.79,India,0,0.4983832274071304,0.03873073539947423,New / Low-Value
14102,5,5,1105.8799999999999,India,0,0.3308673451775432,-0.8221392455757942,New / Low-Value
14104,155,2,216.20999999999998,India,1,-0.5659996903337188,0.4438321731148538,At Risk / Lost
14105,239,1,1266.23,India,1,-0.8997236013300126,1.234138227094976,At Risk / Lost
14107,52,7,2703.23,India,0,0.4396725767956361,-0.2906390228297049,New / Low-Value
14108,31,2,597.91,India,0,-0.06700984047656698,-0.6611043322936535,New / Low-Value
14109,73,1,144.2,India,0,-0.3465554128788408,-0.3185855936216652,New / Low-Value
14110,4,12,5683.15,India,0,1.2705850603129938,-0.5051984630373562,New / Low-Value
14111,14,4,692.85,India,0,0.17983484230470217,-0.7764185799513832,New / Low-Value
14112,23,7,2915.15,India,0,0.5649967188026442,-0.5435286022266924,New / Low-Value
14113,4,4,1840.42,India,0,0.29860895446161156,-0.8152374511437044,New / Low-Value
14114,274,2,386.53,India,1,-1.0071330082908803,1.528379165766842,At Risk / Lost
14116,20,5,1382.74,India,0,0.2932215167662311,-0.6739313898332366,New / Low-Value
14117,144,1,90.0,India,1,-0.6207098966710032,0.32148051961715957,At Risk / Lost
14121,4,4,2780.15,India,0,0.36469117298807463,-0.7729214433374306,New / Low-Value
14124,84,1,419.58000000000004,India,0,-0.3690747174187211,-0.20664194488864823,New / Low-Value
14125,11,3,2720.63,India,0,0.24613294469607044,-0.7293810165701009,New / Low-Value
14126,8,3,706.1300000000001,India,0,0.11589538523673636,-0.8472420504807778,New / Low-Value
14127,123,3,709.71,India,0,-0.3217325632589659,0.1935990833573593,New / Low-Value
14128,61,2,637.5,India,0,-0.17845534043606062,-0.3878398760557261,New / Low-Value
14129,2,5,1123.8600000000001,India,0,0.3435546551069331,-0.8484777788255413,New / Low-Value
14130,319,1,480.91,India,1,-1.259559604304905,1.9227265492513645,At Risk / Lost
14132,2,11,3586.0299999999997,India,0,1.043010767771682,-0.6348556063374807,New / Low-Value
14133,130,3,605.64,India,0,-0.3557043571934029,0.25225854969371664,New / Low-Value
14135,2,15,4690.31,India,3,1.4715410514182239,-0.516629420190183,Loyal Customers
14138,2,2,965.8800000000001,India,0,0.06928780477185578,-0.9069669858521885,New / Low-Value
14139,46,1,415.82,India,0,-0.22464844020188487,-0.5506881028529714,New / Low-Value
14140,4,2,935.05,India,0,0.059504526832734245,-0.8902564783020479,New / Low-Value
14141,3,4,915.13,India,0,0.23734981248458514,-0.8659526169396753,New / Low-Value
14142,373,1,311.81,India,1,-1.4770638636431623,2.4037790783400497,At Risk / Lost
14143,134,1,115.8,India,0,-0.5808191342809741,0.23214838602303797,New / Low-Value
14145,47,4,3742.2,India,0,0.26861401385869393,-0.3404765681111523,New / Low-Value
14146,9,5,4191.0,India,0,0.5325837148361068,-0.6470188412417687,New / Low-Value
14147,78,2,483.4,India,0,-0.25402176080115124,-0.2409393521461744,New / Low-Value
14148,234,1,157.2,India,1,-0.9586728211708219,1.1389516931019195,At Risk / Lost
14149,221,1,446.62,India,1,-0.8888212382059619,1.0343421865461475,At Risk / Lost
14150,36,2,658.64,India,0,-0.08177752834466477,-0.6131227092679143,New / Low-Value
14152,75,2,621.29,India,0,-0.23290232800294994,-0.2618783424462975,New / Low-Value
14154,239,2,1345.62,India,1,-0.8064216527671206,1.2548382803674178,At Risk / Lost
14155,266,1,118.75,India,1,-1.0832214266120657,1.4268007923027828,At Risk / Lost
14156,10,55,117210.08,EIRE,2,12.862286948146798,5.307531844090049,Champions (VIP)
14157,20,2,424.89000000000004,India,0,-0.03729253663011058,-0.7684387139403264,New / Low-Value
14158,40,1,507.66,India,0,-0.195344314664603,-0.6008488949798113,New / Low-Value
14159,20,11,4630.35,India,0,1.0479101086744065,-0.42494088264120816,New / Low-Value
14161,216,3,1097.6200000000001,India,1,-0.6485659709478045,1.0526599885040773,At Risk / Lost
14162,174,2,289.36,India,1,-0.6332010918321361,0.6190645376113154,At Risk / Lost
14163,87,4,2445.91,India,0,0.025152361400151972,-0.03687283314895218,New / Low-Value
14164,71,2,1631.77,India,0,-0.14661434088139366,-0.2525740273700933,New / Low-Value
14165,276,1,120.44,India,1,-1.1211790803567472,1.5173707995995578,At Risk / Lost
14167,39,4,562.59,India,0,0.0754836647938692,-0.5560494163802838,New / Low-Value
14171,98,1,363.79,India,0,-0.4263049876404979,-0.08246269724324368,New / Low-Value
14173,11,4,450.84,India,0,0.17423954340528477,-0.8144644534686041,New / Low-Value
14174,33,1,134.46,India,0,-0.1949343527841869,-0.6809998121006496,New / Low-Value
14175,60,3,3222.3,India,0,0.09483576842677453,-0.26337069204622543,New / Low-Value
14176,297,4,576.9000000000001,India,1,-0.9058836278807353,1.779337754179235,At Risk / Lost
14177,86,4,549.46,India,0,-0.10439917024641769,-0.13131929851090574,New / Low-Value
14178,9,7,1600.26,India,0,0.5258401808030677,-0.7294295205433573,New / Low-Value
14179,41,2,701.57,India,0,-0.097796919882722,-0.565942619596385,New / Low-Value
14180,11,25,4748.52,India,3,2.3185576534952155,-0.2613124654823964,Loyal Customers
14184,67,1,452.89,India,0,-0.30200230190163097,-0.35898163811589734,New / Low-Value
14185,331,1,197.65,India,1,-1.3251703638881522,2.0185640497178405,At Risk / Lost
14188,31,6,2054.36,India,0,0.38628518931883077,-0.527019943823204,New / Low-Value
14189,2,15,4654.08,India,3,1.46899334220684,-0.5182608557757462,Loyal Customers
14191,2,13,4684.76,India,0,1.2957123539187263,-0.5511295853943041,New / Low-Value
14193,68,2,853.39,India,0,-0.1899274093008211,-0.3147726225276271,New / Low-Value
14194,5,21,11349.52,India,3,2.454711876791375,-0.08686651677474397,Loyal Customers
14195,202,2,1012.0,India,1,-0.6889989224131271,0.9049879292363374,At Risk / Lost
14196,107,1,335.52,India,0,-0.4625617919675518,-0.0022911783253185295,New / Low-Value
14198,18,4,701.4,India,0,0.16520548387970949,-0.7398360110983446,New / Low-Value
14199,218,1,185.39999999999998,India,1,-0.8957673925829029,0.995431287425872,At Risk / Lost
14201,60,7,747.44,India,0,0.27167938503405503,-0.30631305024650307,New / Low-Value
14204,2,1,150.61,India,0,-0.07576154247922702,-0.9608036888266523,New / Low-Value
14205,17,2,466.7,India,0,-0.022929490832454644,-0.7937041831546341,New / Low-Value
14206,239,1,328.15999999999997,India,1,-0.9656890879411874,1.1918969690284766,At Risk / Lost
14208,95,1,151.74,India,0,-0.4297934864302531,-0.11915947304742369,New / Low-Value
14209,11,6,2073.43,India,0,0.46377919048182237,-0.7071490357312477,New / Low-Value
14210,106,6,1905.8400000000001,India,0,0.09026748437534234,0.1449965059008181,New / Low-Value
14211,53,9,2241.1,India,0,0.5788061656461216,-0.26814908039218427,New / Low-Value
14212,90,1,1070.48,India,0,-0.3461490461118614,-0.12303559750866984,New / Low-Value
14214,31,5,1004.38,India,0,0.22473093373200678,-0.5914256295823086,New / Low-Value
14215,12,6,1789.72,India,0,0.44002093150485794,-0.710875096072343,New / Low-Value
14216,3,4,1839.3,India,0,0.3023378451062971,-0.8243372753688794,New / Low-Value
14217,2,17,2004.98,India,3,1.4581459078266752,-0.6032994837600141,Loyal Customers
14218,43,1,169.48000000000002,India,0,-0.2305482265670846,-0.5889289561130985,New / Low-Value
14219,4,1,89.94,India,0,-0.08764318207630313,-0.9454368753939063,New / Low-Value
14220,247,2,632.4,India,1,-0.8870367867095119,1.2951171349697548,At Risk / Lost
14221,42,9,3432.8,India,0,0.7044911679457876,-0.3140301699513659,New / Low-Value
14222,177,1,683.17,India,1,-0.7046503610766254,0.6468208351684418,At Risk / Lost
14223,92,3,991.13,India,0,-0.1839058522500646,-0.07425969489272982,New / Low-Value
14224,110,4,1009.73,India,0,-0.1634163741725911,0.10659201886975414,New / Low-Value
14226,29,5,2214.79,India,0,0.31746278554814117,-0.5550196925280156,New / Low-Value
14227,26,10,3350.96,India,0,0.8473777458718552,-0.44538054838238617,New / Low-Value
14229,52,3,1547.2,India,0,0.007503210850195213,-0.41119550959949486,New / Low-Value
14231,184,3,925.71,India,1,-0.5388099713499699,0.7553383861351468,At Risk / Lost
14232,43,5,2048.07,India,0,0.25243186992700445,-0.43583561875803273,New / Low-Value
14233,49,4,1462.72,India,0,0.10070469898393009,-0.42502268847921965,New / Low-Value
14234,22,4,754.12,India,0,0.15368217888741958,-0.7012644687478088,New / Low-Value
14235,75,5,3144.86,India,0,0.20771383045681818,-0.09686670354406544,New / Low-Value
14236,81,2,490.86,India,0,-0.2649201189685316,-0.21345525661939913,New / Low-Value
14237,373,1,161.0,India,1,-1.4876688878266786,2.396988109511488,At Risk / Lost
14238,326,1,146.85,India,1,-1.3097043941412514,1.9710295742318378,At Risk / Lost
14239,43,11,2380.85,India,0,0.8021483602448397,-0.31809980071497385,New / Low-Value
14240,30,2,890.34,India,0,-0.042638387342184184,-0.6569856106689229,New / Low-Value
14241,184,1,213.70000000000002,India,1,-0.7643172404606803,0.6890263527616363,At Risk / Lost
14242,235,2,280.55,India,1,-0.866087235993005,1.1706806542452866,At Risk / Lost
14243,9,10,2588.77,India,0,0.8585102586106992,-0.6335415777486229,New / Low-Value
14245,220,2,1693.45,India,1,-0.7096167562698521,1.0985626299976576,At Risk / Lost
14246,111,3,1474.06,India,0,-0.2222913475756727,0.11942504813677306,New / Low-Value
14247,278,1,136.76999999999998,India,1,-1.1276460467747849,1.5362049202387176,At Risk / Lost
14248,318,1,302.58,India,1,-1.2682921972194063,1.9056469651554289,At Risk / Lost
14250,7,3,1904.05,India,0,0.2039412853436825,-0.8023491470075345,New / Low-Value
14251,2,5,2879.7000000000003,India,0,0.46702608049242134,-0.7694123673280178,New / Low-Value
14256,260,2,969.0600000000001,India,1,-0.9128621542986279,1.42791900121113,At Risk / Lost
14257,64,5,3099.7200000000003,India,0,0.24642371100633198,-0.19844265343026843,New / Low-Value
14258,9,9,12669.98,India,0,1.4797060802158133,-0.1967101816511121,New / Low-Value
14259,142,1,120.0,India,0,-0.6109849846895258,0.3047326371971316,New / Low-Value
14261,51,2,1163.45,India,0,-0.10339381453309654,-0.4546502732954609,New / Low-Value
14262,8,8,2618.23,India,0,0.6889511289241813,-0.6755146345887278,New / Low-Value
14264,155,2,333.97,India,1,-0.557718756391335,0.44913490164248066,At Risk / Lost
14265,109,2,530.18,Unspecified,0,-0.36876930638978805,0.04169826019670633,New / Low-Value
14267,163,3,1516.24,India,1,-0.4173230072195169,0.5918927266285298,At Risk / Lost
14270,332,1,492.65000000000003,India,1,-1.3082334863009446,2.040897279680949,At Risk / Lost
14271,226,1,112.32,India,1,-0.931367605891144,1.0645356230037104,At Risk / Lost
14272,74,2,437.96,India,0,-0.24198652307193416,-0.2791830763608312,New / Low-Value
14273,51,4,559.97,India,0,0.02960763093744403,-0.44757470689552276,New / Low-Value
14276,99,3,1119.74,India,0,-0.2015154883234804,-0.005122656598082538,New / Low-Value
14277,15,3,4188.0,France,0,0.3340884372716574,-0.6271078360435515,New / Low-Value
14280,197,1,134.04,India,1,-0.8194184098406694,0.8030813445072438,At Risk / Lost
14282,3,15,3701.44,India,3,1.3981956373902122,-0.5521088097478319,Loyal Customers
14284,31,2,595.25,India,0,-0.06719689282275193,-0.6612241119971478,New / Low-Value
14285,21,4,1910.01,India,0,0.23877251128378163,-0.6582641746497027,New / Low-Value
14286,24,3,4628.75,India,0,0.3308133214437274,-0.5258163635418325,New / Low-Value
14287,8,3,176.63,India,0,0.07866071707698603,-0.8710854162703365,New / Low-Value
14288,213,1,426.6,India,1,-0.8597678570141944,0.9610455613460088,At Risk / Lost
14289,9,6,911.26,India,0,0.3896701943612987,-0.77758028999894,New / Low-Value
14290,11,5,2314.65,India,0,0.39302267526868984,-0.7134120323355304,New / Low-Value
14291,2,11,3883.25,India,0,1.06391140624277,-0.621471800520724,New / Low-Value
14292,8,9,4871.93,India,0,0.935151493589862,-0.5569054809009969,New / Low-Value
14293,3,4,1046.56,India,0,0.24659202671732544,-0.8600343288080007,New / Low-Value
14295,40,1,166.20000000000002,India,0,-0.21935592899855644,-0.6162248263915256,New / Low-Value
14297,18,4,1305.33,India,0,0.20767410171109382,-0.7126410651091317,New / Low-Value
14298,8,44,51527.3,India,3,7.286149550020599,2.1433634933720547,Loyal Customers
14299,8,9,3965.62,India,0,0.8714193838639634,-0.5977165873197599,New / Low-Value
14300,19,1,43.2,India,0,-0.14804470192575536,-0.81180071591103,New / Low-Value
14301,117,1,640.14,India,0,-0.47921727758072585,0.10191975588105237,New / Low-Value
14304,223,1,383.45,India,1,-0.9008786788802795,1.0495964250695946,At Risk / Lost
14305,71,3,1858.96,India,0,-0.04291903263198413,-0.22521854545988576,New / Low-Value
14306,51,2,2093.32,India,0,-0.03800495545527398,-0.4127782609314629,New / Low-Value
14307,89,6,2995.72,India,0,0.2316383575648544,0.04023412144084761,New / Low-Value
14309,8,9,2352.53,India,0,0.757986199988965,-0.6703539714963023,New / Low-Value
14311,243,1,310.26,India,1,-0.9821784217633951,1.2272884953411303,At Risk / Lost
14312,47,6,1611.59,India,0,0.29422701969410797,-0.4021676102064149,New / Low-Value
14314,107,1,120.0,India,0,-0.4777172512343873,-0.011996036106179138,New / Low-Value
14315,45,6,2481.13,India,0,0.3629887462305179,-0.38111103688524156,New / Low-Value
14317,65,1,508.58000000000004,India,0,-0.2904708580504199,-0.3745727007679674,New / Low-Value
14320,207,2,477.79,India,1,-0.7456030474388486,0.9261794256467033,At Risk / Lost
14321,11,5,1530.75,India,0,0.3378984894888441,-0.74871102089537,New / Low-Value
14323,115,2,605.0600000000001,India,0,-0.3863496096879886,0.09936644787488758,New / Low-Value
14326,242,1,183.85,India,1,-0.9872599779057448,1.2125468669615194,At Risk / Lost
14327,163,1,311.65,India,1,-0.6774687141812753,0.5033998337259903,At Risk / Lost
14329,17,7,4975.24,India,0,0.7327090324521613,-0.5050591682623162,New / Low-Value
14331,124,2,462.65999999999997,India,0,-0.43063208479327164,0.17439869703348826,New / Low-Value
14332,23,3,840.21,India,0,0.06820920570200754,-0.705463572958113,New / Low-Value
14333,68,1,415.2,India,0,-0.3084603284694135,-0.3516294267826824,New / Low-Value
14334,17,8,2552.21,India,0,0.6500397283307806,-0.5970429968012197,New / Low-Value
14335,16,2,454.86,Germany,0,-0.01995443520698072,-0.8032867285908838,New / Low-Value
14336,17,4,1614.91,India,0,0.23325155023535332,-0.7077500796066091,New / Low-Value
14338,161,2,588.22,India,1,-0.562685683999612,0.5148801139130568,At Risk / Lost
14339,243,1,309.52,India,1,-0.9822304588822586,1.2272551731679777,At Risk / Lost
14340,219,1,134.7,India,1,-0.9031402879566504,1.0021976589310941,At Risk / Lost
14341,45,8,2166.98,India,0,0.5163360019723721,-0.3610069510822949,New / Low-Value
14342,21,4,668.5600000000001,India,0,0.15147321234719607,-0.7141666231094715,New / Low-Value
14344,127,8,889.9300000000001,India,0,0.11430603445811462,0.3235375683458442,New / Low-Value
14345,39,1,108.97999999999999,India,0,-0.2195720145271703,-0.6278508315813733,New / Low-Value
14346,121,2,1021.58,India,0,-0.3799056409746742,0.17241867235825264,New / Low-Value
14348,260,1,409.57,India,1,-1.039924941734978,1.3856000623568805,At Risk / Lost
14349,10,1,133.5,India,0,-0.10742592127018522,-0.8891790261794248,New / Low-Value
14350,274,1,282.93,India,1,-1.102137414485779,1.5065889370727472,At Risk / Lost
14351,165,1,51.0,India,1,-0.7034130335490537,0.5097615550140794,At Risk / Lost
14352,157,4,1078.96,India,1,-0.33750761852423383,0.5350308045510831,At Risk / Lost
14353,215,1,90.6,India,1,-0.8910108208500318,0.9640142748678217,At Risk / Lost
14354,6,2,163.62,India,0,-0.002358062228410182,-0.9068951618826855,New / Low-Value
14355,366,1,174.4,India,1,-1.4600730473616366,2.3342457763646696,At Risk / Lost
14356,80,2,701.23,India,0,-0.24631916039352397,-0.21303169381750364,New / Low-Value
14357,43,1,225.12,India,0,-0.2266355977919977,-0.5864234889317367,New / Low-Value
14359,19,3,912.18,India,0,0.0885007652227946,-0.7384203291324448,New / Low-Value
14360,32,4,2118.03,India,0,0.21151642251870625,-0.5493537442728417,New / Low-Value
14362,22,1,151.5,India,0,-0.15185194784152245,-0.7797757988427645,New / Low-Value
14364,109,8,3717.35,India,0,0.38166911867499687,0.28796715638151876,New / Low-Value
14367,8,16,9227.82,India,3,1.8554940222061336,-0.24088404106500774,Loyal Customers
14368,320,1,155.0,India,1,-1.2862853854657061,1.9171002244413,At Risk / Lost
14371,295,1,100.5,India,1,-1.1949266107673289,1.6884113247733563,At Risk / Lost
14373,358,1,76.55,India,1,-1.4364927053065515,2.2574444690882296,At Risk / Lost
14375,185,1,235.56,India,1,-0.7665876853685704,0.6990600984343569,At Risk / Lost
14377,191,2,617.05,India,1,-0.6748878317955532,0.7876600477413609,At Risk / Lost
14379,44,2,348.1,India,0,-0.1340760311736126,-0.5547111888749459,New / Low-Value
14381,52,1,202.68,India,0,-0.2624824340069245,-0.505989445325326,New / Low-Value
14382,26,1,615.49,India,0,-0.1344545692189671,-0.7226847833132449,New / Low-Value
14383,38,3,1247.69,India,0,0.039748631974409594,-0.5513739033544938,New / Low-Value
14385,9,3,202.11,India,0,0.07664483212894174,-0.8608886621289508,New / Low-Value
14386,297,1,142.4,India,1,-1.1995954837673408,1.7083968615848282,At Risk / Lost
14387,33,3,1727.6,India,0,0.09253435760244579,-0.5750105267948372,New / Low-Value
14388,10,8,3212.84,India,0,0.72314906128503,-0.6306405865297644,New / Low-Value
14389,65,2,1043.46,India,0,-0.1651386564184351,-0.33336194932085833,New / Low-Value
14390,10,9,4642.57,India,0,0.9114075005048383,-0.5491347720481198,New / Low-Value
14393,218,1,67.95,India,1,-0.9040265271917087,0.9901425181869982,At Risk / Lost
14395,2,9,3479.91,India,0,0.8601099445369133,-0.6738844349928879,New / Low-Value
14396,65,2,487.99,India,0,-0.20419954616857017,-0.35837474326821656,New / Low-Value
14397,3,19,2612.96,India,3,1.6725300929839229,-0.5326225268464508,Loyal Customers
14400,149,1,574.7,India,1,-0.6056638314518689,0.38855349636112196,At Risk / Lost
14401,4,13,4051.48,India,0,1.2435645323859474,-0.5615473794870712,New / Low-Value
14403,130,4,1475.81,India,0,-0.20679441828609663,0.30856739767638963,New / Low-Value
14404,34,6,1449.32,India,0,0.3323155672272822,-0.5271167010747191,New / Low-Value
14406,119,1,156.75,India,0,-0.5208247697264132,0.09825150305022483,New / Low-Value
14407,107,6,2157.73,India,0,0.10417284818659753,0.16538849412797152,New / Low-Value
14408,11,7,2599.03,India,0,0.5884588185150867,-0.666356162347457,New / Low-Value
14409,71,6,2059.4500000000003,India,0,0.2343371392205077,-0.16481511467551596,New / Low-Value
14410,92,9,1100.27,India,0,0.3500841769020549,0.033405622064064874,New / Low-Value
14411,311,1,1063.0,India,1,-1.188165588465985,1.8765429155064688,At Risk / Lost
14412,43,2,770.03,India,0,-0.10059808223812004,-0.5447610869485195,New / Low-Value
14413,362,1,121.05,India,1,-1.4485940442408116,2.29564586513699,At Risk / Lost
14414,92,7,1496.98,India,0,0.2025425759350241,0.017019210065813153,New / Low-Value
14415,1,13,5855.57,India,0,1.3818518671440654,-0.5074574442375007,New / Low-Value
14416,22,2,490.22,India,0,-0.04031380193421494,-0.7473981250789035,New / Low-Value
14418,4,3,1937.25,India,0,0.2176988722313187,-0.8280023242094685,New / Low-Value
14419,11,6,1051.79,India,0,0.3919370254606187,-0.7531534478657987,New / Low-Value
14420,99,1,387.52,India,0,-0.42844393334261116,-0.07234474553836732,New / Low-Value
14421,57,2,813.11,India,0,-0.1508757714571498,-0.41612972679015253,New / Low-Value
14422,1,6,4263.64,India,0,0.655872196708764,-0.6990178655509052,New / Low-Value
14423,218,1,265.2,India,1,-0.8901558221973542,0.9990246785307006,At Risk / Lost
14424,18,1,322.08,India,0,-0.12462609063002156,-0.8082921502947007,New / Low-Value
14426,24,10,4481.67,India,0,0.9345050593455304,-0.4125634994365499,New / Low-Value
14427,50,2,363.34000000000003,India,0,-0.15585024497048644,-0.49972858823300514,New / Low-Value
14428,7,5,1224.06,India,0,0.3315625146463242,-0.7987188231317873,New / Low-Value
14431,303,1,470.36,India,1,-1.1993790924142296,1.7774612324811803,At Risk / Lost
14432,10,6,2248.5,India,0,0.47989783784618,-0.7083150306486562,New / Low-Value
14434,22,6,1372.8,India,0,0.3726264421825503,-0.6391550818882539,New / Low-Value
14436,99,1,89.06,India,0,-0.44943176914801075,-0.08578438851013634,New / Low-Value
14437,366,1,63.0,India,1,-1.467906743363518,2.3292294384062995,At Risk / Lost
14438,306,1,131.9,India,1,-1.234602694037362,1.7893685629580514,At Risk / Lost
14439,320,1,2661.24,Greece,1,-1.1100455087354084,2.0299561207140546,At Risk / Lost
14440,8,5,2357.6800000000003,India,0,0.4074715119920396,-0.7386225649941002,New / Low-Value
14441,1,4,1712.89,India,0,0.301063938491237,-0.8481282944142989,New / Low-Value
14442,205,2,1589.82,Channel Islands,1,-0.659789319614322,0.9581553148702565,At Risk / Lost
14443,54,4,1420.2,India,0,0.07867642662575829,-0.38169040920753505,New / Low-Value
14446,1,4,1010.35,India,0,0.25166102296913884,-0.8797636451259072,New / Low-Value
14447,19,5,1163.23,India,0,0.28159312850740786,-0.6928653078351475,New / Low-Value
14448,9,2,375.35,India,0,0.001107934023458207,-0.8702127956668958,New / Low-Value
14449,19,4,885.8,India,0,0.17436492180975305,-0.7224830951226309,New / Low-Value
14450,181,3,483.25,India,1,-0.558501000622611,0.7082662563903205,At Risk / Lost
14451,60,2,643.9,India,0,-0.1741976401510327,-0.39660107495372915,New / Low-Value
14452,11,2,259.05,India,0,-0.014685631144395868,-0.8573509991158742,New / Low-Value
14453,190,1,119.93,India,1,-0.7937570844295927,0.7391002370584973,At Risk / Lost
14456,5,9,3017.28,India,0,0.8161546550093497,-0.6675684751110865,New / Low-Value
14457,311,1,113.64,India,1,-1.2549249927419823,1.8337932691495746,At Risk / Lost
14459,155,1,1837.92,India,1,-0.5396795538984024,0.4997325911259211,At Risk / Lost
14460,110,3,434.34,India,0,-0.29159725646019724,0.06355710359236177,New / Low-Value
14461,148,3,2103.06,India,1,-0.3189428290514283,0.48257634995136606,At Risk / Lost
14462,66,11,1980.57,India,0,0.6864245590378858,-0.12798840927907423,New / Low-Value
14463,98,3,529.62,India,0,-0.23920533147689305,-0.04074512945413577,New / Low-Value
14465,247,3,1038.44,India,1,-0.7707646693942453,1.3305262258912232,At Risk / Lost
14466,29,7,2272.4,India,0,0.49695236468011583,-0.5181752674126491,New / Low-Value
14467,18,4,596.26,India,0,0.15781199377524083,-0.7445704614838294,New / Low-Value
14470,12,2,461.19,India,0,-0.0042787087702465774,-0.8391992515837738,New / Low-Value
14472,104,8,1852.67,India,0,0.2695822652271709,0.15875373030370324,New / Low-Value
14473,74,2,234.34000000000003,India,0,-0.2563051692111001,-0.28835207757342785,New / Low-Value
14474,46,1,547.66,India,0,-0.21537739459247698,-0.5447513524361718,New / Low-Value
14475,72,3,925.85,India,0,-0.11234337943320134,-0.2581870642405267,New / Low-Value
14476,257,1,193.0,India,1,-1.043731288872386,1.3486997511166874,At Risk / Lost
14477,20,4,1309.6,India,0,0.20035907089644295,-0.694350005832431,New / Low-Value
14479,254,2,316.25,India,1,-0.9359221376285001,1.3442266466004469,At Risk / Lost
14480,11,1,279.05,India,0,-0.1009984320804746,-0.8735755242942197,New / Low-Value
14481,165,2,636.51,India,1,-0.574520508500774,0.5532521735243147,At Risk / Lost
14482,18,6,2022.81,India,0,0.4335660235788087,-0.6460827178340747,New / Low-Value
14483,282,1,137.1,India,1,-1.1428534391417475,1.5724173427899804,At Risk / Lost
14484,50,1,321.92,India,0,-0.24648212677223438,-0.5187188537830117,New / Low-Value
14485,39,1,162.8,India,0,-0.21578736893631523,-0.6254273189339814,New / Low-Value
14487,27,6,1165.48,India,0,0.33900936281261856,-0.6032437406375688,New / Low-Value
14488,68,1,1064.28,India,0,-0.2628167431830476,-0.32240137793152707,New / Low-Value
14489,207,1,463.38,India,1,-0.8343355744020793,0.9084054194167643,At Risk / Lost
14491,175,2,340.93,India,1,-0.633382316738088,0.6304361235061471,At Risk / Lost
14493,7,5,2383.2400000000002,India,0,0.41307655173304636,-0.7465209897872346,New / Low-Value
14494,26,1,139.56,India,0,-0.1679221718955865,-0.7441158939463416,New / Low-Value
14495,51,2,123.8,India,0,-0.17650245051474797,-0.5014656750766029,New / Low-Value
14496,312,2,538.8100000000001,India,1,-1.1411152951109536,1.8791131739428089,At Risk / Lost
14497,309,1,475.37,India,1,-1.2218726842191754,1.831983176594269,At Risk / Lost
14498,43,5,1957.32,India,0,0.24605029082313784,-0.4399220879655917,New / Low-Value
14499,26,3,808.44,India,0,0.05455217703055354,-0.6797460029080599,New / Low-Value
14500,88,3,356.85,India,0,-0.21327809705000214,-0.1390188629440698,New / Low-Value
14501,184,2,251.21,India,1,-0.6739603115437381,0.7078405511534992,At Risk / Lost
14502,20,11,2429.83,India,0,0.8931685940778177,-0.5240302184055892,New / Low-Value
14503,3,6,3543.26,India,0,0.5975994656448911,-0.7133577694836544,New / Low-Value
14504,47,4,673.26,India,0,0.05280483066287864,-0.4786708249689583,New / Low-Value
14505,17,8,5859.43,India,0,0.882604863800638,-0.44811900018829376,New / Low-Value
14506,17,5,1960.65,India,0,0.34528334556755497,-0.6750562954974361,New / Low-Value
14507,24,6,1367.88,India,0,0.36466516660795967,-0.6212778479781368,New / Low-Value
14508,22,2,268.05,India,0,-0.05593689206651283,-0.7574024321184998,New / Low-Value
14511,11,5,1314.81,India,0,0.3227134956410321,-0.7584347912609929,New / Low-Value
14512,188,2,275.28,India,1,-0.6874982968812156,0.7451219850434668,At Risk / Lost
14513,101,3,455.59000000000003,India,0,-0.25583410155803743,-0.01693052567087538,New / Low-Value
14514,61,3,990.2,India,0,-0.06593411490481867,-0.3548326833990643,New / Low-Value
14515,18,6,2076.89,India,0,0.4373689524816969,-0.6436474973961156,New / Low-Value
14517,33,2,330.45,India,0,-0.09343304197875128,-0.6550492650584954,New / Low-Value
14518,64,1,174.37,India,0,-0.3101649997330833,-0.398671555608523,New / Low-Value
14520,2,2,270.6,India,0,0.020395415578066876,-0.938275419027192,New / Low-Value
14522,24,4,974.54,India,0,0.16156690921106906,-0.673240182813104,New / Low-Value
14523,108,1,241.09,India,0,-0.47300979978440755,0.002506032866443104,New / Low-Value
14524,32,9,1843.83,India,0,0.6308306081369119,-0.47607533806107905,New / Low-Value
14525,20,9,4215.9,India,0,0.8433273869812887,-0.4778538000102974,New / Low-Value
14527,3,55,8507.13,India,3,5.244902211106129,0.3492962147096312,Loyal Customers
14528,37,1,364.21999999999997,India,0,-0.1940081286905425,-0.6344561649731857,New / Low-Value
14529,60,3,578.61,India,0,-0.09106965153026107,-0.38241595683224705,New / Low-Value
14530,26,6,2862.11,India,0,0.4621247650120088,-0.535893943957695,New / Low-Value
14532,236,4,932.85,India,1,-0.6485864493384202,1.2433533391509053,At Risk / Lost
14533,25,7,1949.72,India,0,0.4894919661475592,-0.5689030987689436,New / Low-Value
14534,3,18,4397.3,India,3,1.7102864410959533,-0.4693988858356555,Loyal Customers
14535,60,3,2854.84,India,0,0.06899582288950945,-0.2799174025146508,New / Low-Value
14536,260,1,170.95,India,1,-1.056704802955525,1.3748550124140957,At Risk / Lost
14537,58,1,355.56,India,0,-0.2745777436951901,-0.4448089204770115,New / Low-Value
14538,65,2,388.25,India,0,-0.21121330594619717,-0.3628660318496152,New / Low-Value
14539,16,2,537.48,India,0,-0.014144561206303542,-0.7995663529883656,New / Low-Value
14540,10,3,952.66,India,0,0.1256161820110961,-0.8180420321933529,New / Low-Value
14541,59,8,1453.35,India,0,0.4128461394895752,-0.2664502147702299,New / Low-Value
14542,186,1,103.25,India,1,-0.7796994311077893,0.7021515746004179,At Risk / Lost
14543,29,16,3599.73,India,3,1.3797636682081984,-0.30427952559398913,Loyal Customers
14544,24,2,2004.3,India,0,0.05854165702313163,-0.6611203762786264,New / Low-Value
14546,5,5,2573.93,India,0,0.43410125375529857,-0.7560330073371508,New / Low-Value
14547,4,8,3974.75,India,0,0.7995727979531974,-0.6506281508669733,New / Low-Value
14548,151,2,652.8,India,1,-0.520067895299413,0.42729424231198354,At Risk / Lost
14549,311,1,289.24,India,1,-1.2425767250765392,1.8417005307787466,At Risk / Lost
14550,11,2,757.37,India,0,0.020356445979998437,-0.8349116675950944,New / Low-Value
14551,18,2,186.23,India,0,-0.04645991161331407,-0.7972843464132776,New / Low-Value
14552,152,1,164.22,India,1,-0.6459519105081747,0.3972177688509035,At Risk / Lost
14553,19,5,859.27,India,0,0.260218530332077,-0.7065526156073747,New / Low-Value
14554,10,4,2279.4900000000002,India,0,0.30663864889164427,-0.7411698009784611,New / Low-Value
14555,57,2,312.54,India,0,-0.18607606955106148,-0.43867037572930156,New / Low-Value
14557,85,1,788.38,India,0,-0.34694819203134425,-0.18098550360302965,New / Low-Value
14560,7,22,2237.77,India,3,1.8940736010687003,-0.46194438291297796,Loyal Customers
14561,76,3,1080.76,India,0,-0.11668063959216753,-0.21501390989747896,New / Low-Value
14562,4,18,5006.77,India,3,1.749336984587215,-0.43290508318162685,Loyal Customers
14565,96,4,3099.12,India,0,0.03681752432051381,0.07398570544464528,New / Low-Value
14566,111,1,1432.0,Channel Islands,0,-0.40068744400720524,0.08328083895724717,New / Low-Value
14567,57,2,1530.3600000000001,India,0,-0.10043844239656262,-0.3838319853122281,New / Low-Value
14569,1,1,227.39,India,0,-0.06655469026769632,-0.966395678878066,New / Low-Value
14570,281,2,218.06,India,1,-1.0456334379750585,1.5841387024396534,At Risk / Lost
14572,3,7,2804.54,India,0,0.6333715664869646,-0.7294971798299013,New / Low-Value
14573,180,9,1639.82,India,1,0.05295240699082512,0.8540479175801873,At Risk / Lost
14576,372,1,35.400000000000006,India,1,-1.4926934844200022,2.38228295540249,At Risk / Lost
14577,13,4,859.71,India,0,0.19537615893139876,-0.7779542708709299,New / Low-Value
14578,3,1,168.63,India,0,-0.0783020178417599,-0.9509428582146153,New / Low-Value
14581,17,1,138.6,India,0,-0.13372083376364025,-0.8256036387037924,New / Low-Value
14582,41,1,114.11,India,0,-0.2268265697712501,-0.6095210465358737,New / Low-Value
14583,6,5,986.96,India,0,0.3186971900080297,-0.818444818195527,New / Low-Value
14584,169,4,1033.06,India,1,-0.38642712062986395,0.6415566172060575,At Risk / Lost
14585,50,1,157.05,India,0,-0.258075856214157,-0.5261429439014718,New / Low-Value
14586,277,1,237.36,India,1,-1.1167648651036062,1.531685093623469,At Risk / Lost
14587,19,9,1580.29,India,0,0.6617978056331872,-0.605584613355273,New / Low-Value
14589,372,1,39.75,India,1,-1.4923875905456019,2.3824788357446702,At Risk / Lost
14591,15,4,1320.21,India,0,0.22014341830470424,-0.7391191912464099,New / Low-Value
14592,35,3,557.94,India,0,0.002668063345347909,-0.6095814928275542,New / Low-Value
14593,22,3,617.15,India,0,0.056331179913501374,-0.7245573473312288,New / Low-Value
14594,7,2,363.33,India,0,0.007877981498660367,-0.8888528371624238,New / Low-Value
14595,20,6,1740.6,India,0,0.4061055957208995,-0.6406918425637815,New / Low-Value
14597,11,2,866.24,India,0,0.028012231291711407,-0.8300092554449353,New / Low-Value
14598,44,1,221.97,India,0,-0.23066475667661168,-0.5775159426516449,New / Low-Value
14600,306,1,393.33000000000004,India,1,-1.2162188237880636,1.8011407463732814,At Risk / Lost
14601,11,1,213.96,India,0,-0.10557558892753437,-0.8765065246327322,New / Low-Value
14603,275,1,660.0,India,1,-1.0794293391348873,1.5326177761583273,At Risk / Lost
14606,1,93,12076.15,India,3,8.836822497491704,1.1426650036968107,Loyal Customers
14607,16,14,16209.5,India,3,2.1405491528619773,0.1116456324582453,Loyal Customers
14608,4,4,1785.15,India,0,0.29472234424595645,-0.8177262572384899,New / Low-Value
14609,72,4,601.56,India,0,-0.04742838241464939,-0.25566470672243585,New / Low-Value
14616,243,3,406.08000000000004,India,1,-0.8000018989668612,1.2658535153702248,At Risk / Lost
14618,9,3,553.44,India,0,0.10135050911584464,-0.8450682849753235,New / Low-Value
14619,246,1,394.44,India,1,-0.9876817964723883,1.2582272896844777,At Risk / Lost
14620,206,2,412.78000000000003,India,1,-0.746366929124147,0.9142026370394797,At Risk / Lost
14621,1,5,1788.3600000000001,India,0,0.3940902309650143,-0.8276047585996378,New / Low-Value
14622,185,1,320.58000000000004,India,1,-0.7606090423337414,0.7028885459498021,At Risk / Lost
14623,32,5,886.7,India,0,0.21264797589680506,-0.5876753650470291,New / Low-Value
14624,57,2,225.85,India,0,-0.19217214770548785,-0.4425740232841587,New / Low-Value
14625,196,2,899.63,India,1,-0.67405493206924,0.8456315682183061,At Risk / Lost
14626,24,4,2791.27,India,0,0.28932014563385133,-0.5914328968246905,New / Low-Value
14628,91,2,671.96,India,0,-0.29026158420605386,-0.11480642353168037,New / Low-Value
14629,4,2,955.26,India,0,0.06092570274115456,-0.8893464227352735,New / Low-Value
14631,51,3,1006.98,India,0,-0.026677642801477004,-0.4445709872659372,New / Low-Value
14632,263,1,114.56,India,1,-1.0720931206356534,1.3994639447573707,At Risk / Lost
14633,266,1,344.90000000000003,India,1,-1.0673184611647992,1.4369843185979834,At Risk / Lost
14636,36,2,609.85,India,0,-0.08520846216810994,-0.6153197211977964,New / Low-Value
14638,51,1,443.6,India,0,-0.24173318626802565,-0.5041902171317949,New / Low-Value
14639,52,6,2984.49,India,0,0.3717316916356034,-0.29509901968665253,New / Low-Value
14640,24,6,2107.38,India,0,0.41666712525599625,-0.58797818980745,New / Low-Value
14641,22,1,110.46,India,0,-0.15473789832551893,-0.7816238285538192,New / Low-Value
14642,59,1,96.12,India,0,-0.296629325814294,-0.4474421035986306,New / Low-Value
14643,170,2,693.8100000000001,India,1,-0.589529395446847,0.6010793437744955,At Risk / Lost
14644,68,2,830.76,India,0,-0.19151876065201118,-0.3157916506066029,New / Low-Value
14645,157,2,597.09,India,1,-0.5468313436684006,0.47908196702801464,At Risk / Lost
14646,2,73,280206.02,Netherlands,2,25.93363865153386,12.883090223564361,Champions (VIP)
14647,201,1,236.04000000000002,India,1,-0.8274763239983747,0.8438719634698844,At Risk / Lost
14649,5,4,1402.59,India,0,0.264012910674863,-0.8259035294932732,New / Low-Value
14651,67,2,653.75,India,0,-0.20015853059772887,-0.33281179515042836,New / Low-Value
14652,77,1,114.18,India,0,-0.36389703032351545,-0.28373983046929385,New / Low-Value
14653,1,7,1926.65,India,0,0.5792532624617267,-0.7871273160113692,New / Low-Value
14655,8,4,1932.23,India,0,0.28983447511306987,-0.7749056875113671,New / Low-Value
14656,169,2,291.05,India,1,-0.6140440026674725,0.5738936849209574,At Risk / Lost
14657,18,4,848.22,India,0,0.17552992954394847,-0.7332247118250245,New / Low-Value
14658,5,2,247.15,India,0,0.007323452891672612,-0.9121831996789914,New / Low-Value
14659,9,9,2529.93,India,0,0.7666533949027324,-0.6533162652666262,New / Low-Value
14660,87,2,285.74,India,0,-0.30219014291778046,-0.16839545878272205,New / Low-Value
14661,27,1,107.95,India,0,-0.17395265024351775,-0.7364899004337111,New / Low-Value
14662,29,4,741.37,India,0,0.12613204670246025,-0.6384928661245722,New / Low-Value
14664,20,2,636.24,India,0,-0.022430313560113924,-0.7589216311081767,New / Low-Value
14665,61,5,1835.7,India,0,0.16896022852627915,-0.2825096001686167,New / Low-Value
14666,24,1,195.25,India,0,-0.15639072804437548,-0.7597069565984116,New / Low-Value
14667,11,25,9175.04,India,3,2.6298324472676384,-0.06198643047805757,Loyal Customers
14669,242,3,1259.24,India,1,-0.7361996706158274,1.295221888551479,At Risk / Lost
14670,280,2,392.86,India,1,-1.029533777127043,1.582960549432041,At Risk / Lost
14672,235,2,765.55,India,1,-0.8319818270081534,1.1925201866493205,At Risk / Lost
14673,3,5,1736.4,India,0,0.38282108232104756,-0.8118457341828935,New / Low-Value
14675,16,1,596.36,India,0,-0.0977233037891224,-0.8140401131772909,New / Low-Value
14676,31,6,2548.2400000000002,India,0,0.42101504373004417,-0.5047805453413395,New / Low-Value
14680,25,16,28754.11,India,3,3.163861106854204,0.7922237305332565,Loyal Customers
14681,71,3,498.95,India,0,-0.13855552185567072,-0.28645974641825733,New / Low-Value
14682,188,2,52.0,India,1,-0.7031994426918087,0.7350676947441417,At Risk / Lost
14684,26,5,1201.51,India,0,0.2576314479111021,-0.6277958261632969,New / Low-Value
14687,107,1,628.38,India,0,-0.4419677505751732,0.010896296849620405,New / Low-Value
14688,8,21,5579.1,India,3,2.0375105073551407,-0.3195601480245041,Loyal Customers
14689,209,1,112.8,India,1,-0.8666038101203891,0.9107175960675445,At Risk / Lost
14690,44,2,355.05,India,0,-0.13358730417888123,-0.5543982306270943,New / Low-Value
14691,31,5,2114.33,India,0,0.30278309600568926,-0.5414446213516747,New / Low-Value
14692,137,4,591.55,India,0,-0.2956295092017529,0.3320949366183073,New / Low-Value
14693,265,1,172.9,India,1,-1.075605925751725,1.4201897741723934,At Risk / Lost
14696,4,7,2078.95,India,0,0.5785401155054101,-0.7531210805394387,New / Low-Value
14697,218,2,188.60999999999999,India,1,-0.8078224544457142,1.0127009580621504,At Risk / Lost
14698,2,5,1217.27,India,0,0.3501232865569846,-0.8442715299144882,New / Low-Value
14699,214,1,109.13000000000001,India,1,-0.885900133738228,0.955799289429738,At Risk / Lost
14700,32,3,2195.1,India,0,0.12921680857389653,-0.5630084094217062,New / Low-Value
14701,11,9,2526.09,India,0,0.7587680653935102,-0.6353903989956918,New / Low-Value
14702,1,17,3251.79,India,3,1.549629773800156,-0.5562050653605167,Loyal Customers
14703,15,1,318.17,India,0,-0.11347809493295827,-0.8356163894502712,New / Low-Value
14704,11,9,1493.96,India,0,0.6861882390522012,-0.681867175449662,New / Low-Value
14705,199,1,179.0,India,1,-0.8238721023221375,0.8232046730076973,At Risk / Lost
14708,3,3,1126.37,India,0,0.16448509075317239,-0.8735656118562733,New / Low-Value
14709,15,13,4921.04,India,0,1.2628282214762092,-0.4228478269111082,New / Low-Value
14710,14,4,599.48,India,0,0.17326902367188654,-0.7806230276638876,New / Low-Value
14711,10,11,2839.62,India,0,0.9600616987278326,-0.5960712962309994,New / Low-Value
14712,29,3,917.07,India,0,0.050768136856982365,-0.6477062259517669,New / Low-Value
14713,9,11,2662.2,India,0,0.9513930974054473,-0.61310990305995,New / Low-Value
14714,24,1,160.19,India,0,-0.15885616235161032,-0.7612857071264229,New / Low-Value
14715,25,4,867.38,India,0,0.15022372230889966,-0.6690162030594936,New / Low-Value
14716,43,2,307.51,India,0,-0.133122687936416,-0.5655883457681357,New / Low-Value
14719,2,5,1581.84,India,0,0.3757600060489585,-0.8278549560412125,New / Low-Value
14720,6,3,663.81,India,0,0.12053472365577149,-0.8672464998770115,New / Low-Value
14722,147,1,180.42000000000002,India,1,-0.6257744718912015,0.3527003009341177,At Risk / Lost
14723,10,6,1122.3600000000001,India,0,0.40070718779628156,-0.7590250739919113,New / Low-Value
14725,25,1,655.58,India,0,-0.12782777361703268,-0.7299289227335327,New / Low-Value
14727,274,1,268.58,India,1,-1.1031465126691453,1.50594275709337,At Risk / Lost
14729,374,1,313.49,India,1,-1.4807533748465456,2.4129041193449074,At Risk / Lost
14730,1,8,1897.57,India,0,0.6649275538852643,-0.7713116629035983,New / Low-Value
14731,47,3,380.02,India,0,-0.055535142047251435,-0.5090005359828492,New / Low-Value
14732,8,8,2702.4900000000002,India,0,0.6948763284315289,-0.6717204098457095,New / Low-Value
14733,16,12,9585.91,India,3,1.499337030871537,-0.22086463384111876,Loyal Customers
14735,4,32,6065.69,India,3,3.0518696290283946,-0.1454702116612674,Loyal Customers
14737,4,3,1164.55,India,0,0.16336227527751496,-0.862796977175648,New / Low-Value
14738,43,7,1314.45,India,0,0.3762818145206613,-0.4346202518365709,New / Low-Value
14739,4,7,3902.28,India,0,0.7067574667721099,-0.6710165967904754,New / Low-Value
14740,197,3,1448.21,India,1,-0.5515669900612615,0.8965086208341834,At Risk / Lost
14741,12,6,1400.34,India,0,0.4126395621223394,-0.7284088633455033,New / Low-Value
14744,16,7,1099.98,India,0,0.46400672894308836,-0.6886113761323656,New / Low-Value
14745,113,5,1220.26,India,0,-0.07231555288378795,0.1603454735818188,New / Low-Value
14747,249,1,328.2,India,1,-1.0037627703968481,1.2823926768851142,At Risk / Lost
14748,29,5,1415.75,India,0,0.26127394844452095,-0.5910004347385709,New / Low-Value
14752,44,1,389.64,India,0,-0.21887413002817854,-0.5699657686347698,New / Low-Value
14753,87,1,563.15,India,0,-0.3704017617367651,-0.17302882099999037,New / Low-Value
14754,45,2,638.05,India,0,-0.11749427176243278,-0.5326053602286223,New / Low-Value
14755,10,11,5010.28,India,0,1.112703445257849,-0.49832655518328745,New / Low-Value
14756,15,1,738.96,India,0,-0.08388796081597746,-0.8166682310166765,New / Low-Value
14757,75,1,420.5,India,0,-0.3347411768766892,-0.2880450333143061,New / Low-Value
14758,145,4,1484.06,India,0,-0.2633290176405447,0.44467975486420996,New / Low-Value
14759,5,3,1625.97,India,0,0.192001878974535,-0.8329698606503146,New / Low-Value
14760,297,1,89.2,India,1,-1.20333653069104,1.7060012675149423,At Risk / Lost
14761,59,2,255.9,India,0,-0.19767431781162428,-0.4231220915427652,New / Low-Value
14762,264,1,300.52,India,1,-1.0628239828334112,1.416887107476487,At Risk / Lost
14764,47,1,278.3,India,0,-0.23812655538607516,-0.5478312327978898,New / Low-Value
14765,29,3,254.11,India,0,0.004148503989771629,-0.6775592906993511,New / Low-Value
14766,8,6,2473.37,India,0,0.5033260921964781,-0.7162879240386345,New / Low-Value
14768,17,2,192.60000000000002,India,0,-0.042204320941213055,-0.8060468962101923,New / Low-Value
14769,3,8,10416.98,India,0,1.256400837015498,-0.36958415835909253,New / Low-Value
14770,232,2,876.42,India,1,-0.8127624522527782,1.1703644867294922,At Risk / Lost
14772,112,1,139.26,India,0,-0.4954011273717671,0.03411819432410585,New / Low-Value
14775,58,3,1011.9,India,0,-0.05298521297249341,-0.38100370518377435,New / Low-Value
14776,51,11,2538.3,India,0,0.7827591158711923,-0.2386147076008427,New / Low-Value
14778,127,2,730.86,India,0,-0.42319509380867215,0.213623905300527,New / Low-Value
14779,281,3,386.15,India,1,-0.946094067191638,1.6088329134940293,At Risk / Lost
14780,55,2,447.68,India,0,-0.16895766746511542,-0.45068380776384476,New / Low-Value
14782,320,1,200.10000000000002,India,1,-1.2831139340322695,1.9191310758050566,At Risk / Lost
14784,26,2,289.99,India,0,-0.06962465992180006,-0.7202169120512548,New / Low-Value
14785,10,2,77.4,India,0,-0.02365168788947379,-0.8745800826913589,New / Low-Value
14788,7,2,679.4399999999999,India,0,0.030106972909384983,-0.8746184153310028,New / Low-Value
14789,29,1,197.64,India,0,-0.17526090985098092,-0.7143523816560773,New / Low-Value
14790,17,4,745.06,India,0,0.17208332341994476,-0.7469193935481533,New / Low-Value
14792,64,1,6.2,India,0,-0.32199078659696473,-0.40624424460725783,New / Low-Value
14793,21,1,228.99,India,0,-0.14259516812405512,-0.7853358176199371,New / Low-Value
14794,3,7,1319.91,India,0,0.5289717451649436,-0.7963500148670166,New / Low-Value
14795,166,1,131.45000000000002,India,1,-0.7015634044107117,0.5224336062611347,At Risk / Lost
14796,1,17,7975.49,India,3,1.8818023932264312,-0.3434970257379701,Loyal Customers
14798,53,3,173.74,India,0,-0.09288673769634032,-0.463992972904087,New / Low-Value
14799,51,1,157.7,India,0,-0.26183779746136393,-0.5170642837592451,New / Low-Value
14800,48,12,4331.79,India,0,1.0080202636158173,-0.1678769655139621,New / Low-Value
14801,61,1,189.34,India,0,-0.29768935430069215,-0.4251456290490664,New / Low-Value
14803,162,3,845.55,India,1,-0.46067856749026864,0.5526421895955838,At Risk / Lost
14804,9,1,353.27,India,0,-0.08816395064474948,-0.8883321817185644,New / Low-Value
14805,15,4,546.4,India,0,0.16572876567260528,-0.7739638274723181,New / Low-Value
14806,75,1,193.39000000000001,India,0,-0.3507116499376163,-0.2982717883746775,New / Low-Value
14808,40,8,2718.6,India,0,0.5741644057000036,-0.38141447582430177,New / Low-Value
14810,41,11,2085.33,India,0,0.7889825655608556,-0.3495058369250248,New / Low-Value
14813,370,2,152.88,India,1,-1.3890977315896795,2.386599418661396,At Risk / Lost
14815,37,2,778.5,India,0,-0.07715657102468781,-0.5986760271506673,New / Low-Value
14816,197,1,271.85,India,1,-0.8097275512588088,0.8092869238074498,At Risk / Lost
14817,200,2,1110.34,India,1,-0.6744683121841759,0.8913173945369107,At Risk / Lost
14818,74,3,657.8,India,0,-0.13880806998961462,-0.2521585646839631,New / Low-Value
14819,64,2,272.07,India,0,-0.2155754840804746,-0.37714700370037396,New / Low-Value
14820,21,4,507.29,India,0,0.1401326364565012,-0.7214286053585407,New / Low-Value
14821,367,1,48.800000000000004,India,1,-1.4727129430095394,2.3376394035872887,At Risk / Lost
14823,180,3,321.43,India,1,-0.5660726032230093,0.6919301169953966,At Risk / Lost
14824,10,4,1127.71,India,0,0.22564498299355693,-0.7930344125914883,New / Low-Value
14825,4,12,2221.01,India,0,1.0271258836886348,-0.6610985016297315,New / Low-Value
14828,197,3,2139.76,India,1,-0.5029368960747169,0.9276490922445126,At Risk / Lost
14829,29,4,697.55,India,0,0.1230506054205712,-0.6404660791347676,New / Low-Value
14830,53,1,188.88,India,0,-0.2672605054805872,-0.4975614681588484,New / Low-Value
14834,18,6,1720.3,India,0,0.41229339002827786,-0.6597047321589083,New / Low-Value
14836,10,3,102.44999999999999,India,0,0.0658290484584968,-0.8563269576474429,New / Low-Value
14837,90,4,1649.5,India,0,-0.042274481552079184,-0.04558697455749806,New / Low-Value
14840,268,1,62.85,India,1,-1.094767637753765,1.4423823986624718,At Risk / Lost
14841,53,6,3295.76,India,0,0.3898126826334988,-0.27203315221382585,New / Low-Value
14842,44,4,2824.69,India,0,0.2155172638886224,-0.40894018212100197,New / Low-Value
14844,64,4,3189.81,India,0,0.16503966907179604,-0.21151102845150302,New / Low-Value
14847,149,1,309.4,India,1,-0.6243198417687372,0.3766070469862968,At Risk / Lost
14849,22,25,7930.54,India,3,2.500434526216632,-0.018482923003273963,Loyal Customers
14850,312,1,325.75,India,1,-1.243816975671794,1.8523939654199602,At Risk / Lost
14851,23,2,511.35,India,0,-0.04263558075665945,-0.7373972512796981,New / Low-Value
14852,58,6,2836.69,India,0,0.3384924347853477,-0.2474581043295647,New / Low-Value
14853,24,2,475.8,India,0,-0.0489431216023233,-0.729948675824123,New / Low-Value
14854,78,7,2740.03,India,0,0.3432614809430996,-0.05369776285379073,New / Low-Value
14855,119,2,645.65,India,0,-0.3987259015070542,0.137391776765504,New / Low-Value
14856,36,3,1290.53,India,0,0.050376458288599296,-0.5675436010403614,New / Low-Value
14857,60,2,1173.12,India,0,-0.13698266171193343,-0.37277031755401197,New / Low-Value
14859,13,4,1353.74,India,0,0.23011656140724665,-0.7557081178945075,New / Low-Value
14860,19,1,170.32,India,0,-0.13910556875017943,-0.806076506922987,New / Low-Value
14861,52,1,125.79,India,0,-0.26788937193856416,-0.5094517992357304,New / Low-Value
14862,26,2,841.1999999999999,India,0,-0.03086333520728454,-0.6953959457493424,New / Low-Value
14863,29,1,266.76,India,0,-0.17040036166740785,-0.7112399105637746,New / Low-Value
14865,7,2,52.2,India,0,-0.014000814166199154,-0.9028630097745208,New / Low-Value
14866,11,12,14389.9,India,3,1.8561939253309485,-0.04978809176056508,Loyal Customers
14867,186,3,710.28,India,1,-0.561574400832604,0.7637363623826388,At Risk / Lost
14868,3,8,2953.59,India,0,0.7315720362661138,-0.7056603392847478,New / Low-Value
14869,9,2,721.45,India,0,0.025445835156771887,-0.8546279252235224,New / Low-Value
14870,262,1,327.25,India,1,-1.0533290186609656,1.399991977075096,At Risk / Lost
14871,3,4,501.28000000000003,India,0,0.20824770215802674,-0.8845882674250556,New / Low-Value
14873,210,1,519.68,India,1,-0.8417994827244698,0.9380887783716081,At Risk / Lost
14875,108,2,1465.3200000000002,India,0,-0.2992022091138507,0.0747581898036981,New / Low-Value
14878,13,9,1476.09,India,0,0.6773163138974996,-0.6645730795697147,New / Low-Value
14880,77,3,690.59,India,0,-0.14792521164238404,-0.22353386017616889,New / Low-Value
14881,20,1,255.4,India,0,-0.13693035601678627,-0.7931959669439097,New / Low-Value
14882,27,2,589.7,India,0,-0.052356573105069394,-0.6976715909590274,New / Low-Value
14883,19,6,761.59,India,0,0.34106884019610767,-0.6938260180107724,New / Low-Value
14885,132,1,765.3199999999999,India,0,-0.5275293089504344,0.24329746672661226,New / Low-Value
14886,253,1,364.8,India,1,-1.016419640735191,1.320238336220489,At Risk / Lost
14887,79,1,1862.0,India,0,-0.24860487384839727,-0.1869367779491841,New / Low-Value
14888,207,1,369.2,India,1,-0.8409583525839213,0.904164497433647,At Risk / Lost
14889,336,1,135.9,India,1,-1.3485508981324659,2.0610304027871966,At Risk / Lost
14890,254,1,125.65,India,1,-1.037044421311403,1.318518811062742,At Risk / Lost
14891,148,2,554.38,India,1,-0.5155658835263874,0.3957142212852682,At Risk / Lost
14893,10,2,1237.8500000000001,India,0,0.05795165614448707,-0.8223250612928822,New / Low-Value
14894,85,1,655.75,India,0,-0.3562747907811605,-0.18695782769116784,New / Low-Value
14895,8,20,11138.710000000001,India,3,2.340745468618183,-0.08633623588179688,Loyal Customers
14896,205,2,468.77000000000004,India,1,-0.7386220386709567,0.9076744740423344,At Risk / Lost
14897,8,4,1366.38,India,0,0.2500436592902281,-0.8003858924821354,New / Low-Value
14898,23,6,1269.31,India,0,0.36154133126177135,-0.6347658421677923,New / Low-Value
14901,11,9,1421.29,India,0,0.6810780533389451,-0.6851395029131696,New / Low-Value
14902,26,1,332.66,India,0,-0.15434329668945282,-0.7354206079520756,New / Low-Value
14903,21,5,2795.33,India,0,0.38874780471917136,-0.6012731227166768,New / Low-Value
14904,2,2,1025.44,India,0,0.07347608963605734,-0.9042850012130457,New / Low-Value
14905,158,2,616.15,India,1,-0.549298685782801,0.4889896288023202,At Risk / Lost
14907,3,7,3501.1,India,0,0.6823539658323011,-0.6981311083013366,New / Low-Value
14908,74,1,277.8,India,0,-0.34096825283834453,-0.30352019980291006,New / Low-Value
14910,3,4,434.35,India,0,0.2035411557181172,-0.8876021228968123,New / Low-Value
14911,1,201,143711.17,EIRE,2,27.56712845680758,8.91969861942898,Champions (VIP)
14912,17,2,867.85,Italy,0,0.005279550021716913,-0.7756404132084935,New / Low-Value
14913,36,4,1227.43,India,0,0.13365844865303453,-0.5532598672983332,New / Low-Value
14915,91,2,307.48,India,0,-0.3158919748592471,-0.13121894470822118,New / Low-Value
14916,71,4,1268.98,India,0,0.0033125291016498503,-0.23466019900247082,New / Low-Value
14918,116,2,1610.15,India,0,-0.3194788973254133,0.15367500477568713,New / Low-Value
14920,213,2,977.77,India,1,-0.733290135562904,1.002989850902111,At Risk / Lost
14921,30,2,1316.07,India,0,-0.012700870296574183,-0.6378150042145531,New / Low-Value
14923,51,1,749.1,India,0,-0.220250294629114,-0.49043356321543957,New / Low-Value
14924,246,1,310.05,India,1,-0.9936161376357524,1.2544272110461758,At Risk / Lost
14929,32,1,223.88,India,0,-0.18483865032612312,-0.6860226234106468,New / Low-Value
14930,109,3,2362.96,Channel Islands,0,-0.15216821749710457,0.14135340155555898,New / Low-Value
14931,5,5,1257.68,Channel Islands,0,0.3415419865876473,-0.8153036970831502,New / Low-Value
14932,366,1,363.53,Channel Islands,1,-1.4467733442661623,2.342762293402968,At Risk / Lost
14934,82,2,1890.94,Channel Islands,0,-0.1702735396061079,-0.14136031434897203,New / Low-Value
14935,297,1,1784.71,Channel Islands,1,-1.0841075369015438,1.782350021301259,At Risk / Lost
14936,34,8,8137.02,Channel Islands,0,0.9780359320425036,-0.19171956380128774,New / Low-Value
14937,57,3,1621.88,Channel Islands,0,-0.006283507006894955,-0.3625857185798665,New / Low-Value
14944,30,12,5900.25,India,0,1.1868527381511145,-0.2601383006027877,New / Low-Value
14946,14,1,100.9,India,0,-0.12494896542657313,-0.85444944033345,New / Low-Value
14947,72,2,290.82,India,0,-0.2447181722194807,-0.30390756655415935,New / Low-Value
14948,23,6,1101.97,India,0,0.3497739103555341,-0.6423011562966399,New / Low-Value
14950,19,1,371.2,India,0,-0.12497960059167018,-0.7970308878109823,New / Low-Value
14951,79,1,311.69,India,0,-0.35762334107170707,-0.2567471810034065,New / Low-Value
14952,60,11,8099.49,India,0,1.1395555472234549,0.0932499923295599,New / Low-Value
14953,25,1,285.67,India,0,-0.15384000420999444,-0.7465859566130713,New / Low-Value
14954,12,1,294.85,India,0,-0.10369501879959798,-0.8638146602016403,New / Low-Value
14957,253,1,58.49,India,1,-1.037959491923129,1.3064452080335207,At Risk / Lost
14958,147,3,483.72999999999996,India,1,-0.4290071628879319,0.4006085881354041,At Risk / Lost
14959,64,4,695.42,India,0,-0.010366910552377024,-0.32383331965417983,New / Low-Value
14960,8,2,221.27,India,0,-0.005919388441800412,-0.8862004031426296,New / Low-Value
14961,11,9,7044.68,India,0,1.0765172612385834,-0.4319184552316842,New / Low-Value
14962,271,1,126.7,India,1,-1.101700626822886,1.4724057338433982,At Risk / Lost
14963,10,5,1472.34,India,0,0.3375987226474633,-0.7603906117420441,New / Low-Value
14964,247,1,206.21,India,1,-1.004725860707345,1.2588006902793354,At Risk / Lost
14965,96,2,596.09,India,0,-0.31463504293462735,-0.0729758935500464,New / Low-Value
14966,15,1,183.02,India,0,-0.12298190116863392,-0.8417021890469829,New / Low-Value
14967,50,1,463.8,India,0,-0.23650506403662463,-0.5123300025304668,New / Low-Value
14968,30,1,147.59,India,0,-0.18258809694464548,-0.7075567406744372,New / Low-Value
14970,68,4,1592.06,India,0,0.03745460249759278,-0.24726009032135046,New / Low-Value
14971,35,3,1097.98,India,0,0.040643908846748414,-0.5852635112203903,New / Low-Value
14972,128,1,114.77,India,0,-0.5580456671610596,0.17780566116555352,New / Low-Value
14973,107,3,1314.45,India,0,-0.21828459344192055,0.07604025296424301,New / Low-Value
14974,37,1,89.94,India,0,-0.21329561647686227,-0.6468069834222133,New / Low-Value
14975,57,1,279.94,India,0,-0.2760877251523014,-0.4572634769993009,New / Low-Value
14976,57,7,790.86,India,0,0.2861556467254545,-0.3315060212192222,New / Low-Value
14978,72,5,1921.3700000000001,India,0,0.1331004350410046,-0.17910858585285597,New / Low-Value
14981,246,1,102.12,India,1,-1.0082378648320827,1.2450641306899473,At Risk / Lost
14984,19,2,202.37,India,0,-0.049132589385932623,-0.7875081721330335,New / Low-Value
14985,198,2,292.01,India,1,-0.7243983313452123,0.8363692429945855,At Risk / Lost
14987,16,2,326.4,India,0,-0.02898779775995812,-0.809071277730311,New / Low-Value
14988,212,1,334.54,India,1,-0.8624339063552457,0.9478507122201683,At Risk / Lost
14995,39,2,231.98000000000002,India,0,-0.12320339197287761,-0.6051870215911168,New / Low-Value
14997,46,3,546.1999999999999,India,0,-0.040041643313564586,-0.5105668472777254,New / Low-Value
14998,170,2,414.87,India,1,-0.609144576441145,0.5885186856945341,At Risk / Lost
15000,48,1,490.52,India,0,-0.2270108030684881,-0.5292255832314953,New / Low-Value
15002,116,4,1641.76,India,0,-0.1418176493967503,0.18934865083434257,New / Low-Value
15004,147,1,1220.77,India,1,-0.5526166116079224,0.3995472236898635,At Risk / Lost
15005,16,28,6295.37,India,3,2.6714521930532067,-0.09503553941538409,Loyal Customers
15006,51,1,480.38,India,0,-0.23914680081964865,-0.5025340150661859,New / Low-Value
15007,159,1,156.91,India,1,-0.6731194995490566,0.4602343344767749,At Risk / Lost
15009,12,3,1259.43,India,0,0.1395730815426671,-0.7861294088914559,New / Low-Value
15010,36,1,308.94,India,0,-0.19408779258321693,-0.6459948120334172,New / Low-Value
15012,54,2,405.04,India,0,-0.16814848111125685,-0.4616532760826598,New / Low-Value
15014,43,2,257.67,India,0,-0.1366274582123026,-0.5678326391599233,New / Low-Value
15016,173,1,170.04,India,1,-0.7255032856734397,0.5875170472217385,At Risk / Lost
15017,34,1,125.58,India,0,-0.19936644773783838,-0.6723502875126715,New / Low-Value
15018,39,3,496.21000000000004,India,0,-0.016903414963057955,-0.5761636298247332,New / Low-Value
15019,267,1,252.81,India,1,-1.077601919173357,1.4418868999048489,At Risk / Lost
15021,9,9,1871.77,India,0,0.7203713001038254,-0.682953186188356,New / Low-Value
15022,12,4,852.39,India,0,0.1986690629045253,-0.7873332808711668,New / Low-Value
15023,3,11,6720.41,India,0,1.2596140704380814,-0.4846651979880515,New / Low-Value
15024,10,10,1636.43,India,0,0.7877336499233403,-0.6673760227315927,New / Low-Value
15025,33,1,361.96,India,0,-0.1789364547552101,-0.6707554953544276,New / Low-Value
15026,80,3,469.0,India,0,-0.17493046450663094,-0.20636387783938118,New / Low-Value
15027,31,4,1066.1499999999999,India,0,0.14135541719447905,-0.605769253176084,New / Low-Value
15028,8,4,627.13,India,0,0.19805928074991566,-0.8336742931618923,New / Low-Value
15030,72,2,518.28,India,0,-0.2287230870077398,-0.29366505100648604,New / Low-Value
15031,4,4,653.19,India,0,0.21512242928823977,-0.8686983749705935,New / Low-Value
15032,256,3,4959.1,India,1,-0.5293310145407838,1.5885179194406158,At Risk / Lost
15033,5,10,2557.18,India,0,0.8715194343078342,-0.6711616369657624,New / Low-Value
15034,16,8,4274.16,India,0,0.7749356438404726,-0.5285530414399642,New / Low-Value
15035,90,1,252.73000000000002,India,0,-0.40365357847755706,-0.15985885034041986,New / Low-Value
15036,72,3,429.56,India,0,-0.1472427060828755,-0.28053498493495554,New / Low-Value
15038,59,6,685.74,India,0,0.18342905442101368,-0.33526591412655343,New / Low-Value
15039,10,47,19766.59,India,3,5.308265066846061,0.7826540290513211,Loyal Customers
15041,170,1,179.93,India,1,-0.7133848680300032,0.5608142215654992,At Risk / Lost
15042,199,1,135.93,India,1,-0.826900803280854,0.8212652324702916,At Risk / Lost
15043,31,1,537.0,India,0,-0.1590122674764897,-0.6809722318365564,New / Low-Value
15044,19,17,7634.7300000000005,India,3,1.7893023117028914,-0.1959524041905208,Loyal Customers
15045,152,2,735.66,India,1,-0.5180487939226102,0.4400748157716032,At Risk / Lost
15046,9,15,5090.42,India,3,1.4730234123332355,-0.43526674674564875,Loyal Customers
15047,270,1,343.62,India,1,-1.0826390694255057,1.4731242429076579,At Risk / Lost
15048,65,4,381.0,India,0,-0.03628470996217606,-0.3289422501811057,New / Low-Value
15049,274,1,121.17000000000002,India,1,-1.1135124473876132,1.4993048901414554,At Risk / Lost
15050,25,3,1737.69,India,0,0.12370508696850989,-0.646951299787377,New / Low-Value
15051,23,3,1383.3600000000001,India,0,0.1064037477434965,-0.681005548163781,New / Low-Value
15052,319,1,207.73000000000002,India,1,-1.2787697396172386,1.9104252637624284,At Risk / Lost
15053,5,3,693.95,India,0,0.12646183097028477,-0.8749386874363099,New / Low-Value
15054,12,2,302.1,India,0,-0.015465986121586877,-0.8463630685119342,New / Low-Value
15057,275,2,1489.5,India,1,-0.9333793321521459,1.5870952555165216,At Risk / Lost
15058,25,11,2102.54,India,0,0.8511151726132208,-0.49352112190235153,New / Low-Value
15059,41,9,1337.72,India,0,0.560971889110226,-0.4174209370069551,New / Low-Value
15060,8,4,294.25,India,0,0.17465101571305502,-0.848663867484892,New / Low-Value
15061,4,48,54534.14,India,3,7.863699270782937,2.3110643246305886,Loyal Customers
15062,71,4,987.86,India,0,-0.016455950432002667,-0.24731902240334094,New / Low-Value
15063,213,1,370.79999999999995,India,1,-0.8636917370582248,0.958532889370452,At Risk / Lost
15065,38,4,3158.13,India,0,0.26181080553052316,-0.4482217350131726,New / Low-Value
15066,53,1,893.59,India,0,-0.2177049946234434,-0.46582840242596846,New / Low-Value
15067,78,3,1744.76,India,0,-0.07760317253140367,-0.16701523265600854,New / Low-Value
15068,46,2,553.36,India,0,-0.1272573585823556,-0.5273695571902313,New / Low-Value
15069,179,1,1109.53,India,1,-0.6822838412141298,0.6841185918315728,At Risk / Lost
15070,373,1,106.2,India,1,-1.4915224474398123,2.394520467499651,At Risk / Lost
15071,94,2,982.07,India,0,-0.27987746396257784,-0.07369400948515072,New / Low-Value
15073,10,3,1043.41,India,0,0.13199776111496267,-0.813955562985794,New / Low-Value
15074,105,1,735.67,India,0,-0.4268077724896975,-0.00237121967451528,New / Low-Value
15075,78,1,773.03,India,0,-0.3213740639545794,-0.24502244820678853,New / Low-Value
15076,173,1,880.85,India,1,-0.6755188201878265,0.6195247957333083,At Risk / Lost
15078,7,32,9743.11,India,3,3.299044439434305,0.04727204951810267,Loyal Customers
15079,213,4,895.61,India,1,-0.5636292430573472,1.033540437988381,At Risk / Lost
15081,22,5,504.8,India,0,0.22386909861028975,-0.6953662148496552,New / Low-Value
15083,257,1,88.2,India,1,-1.0511008700303497,1.3439806109188674,At Risk / Lost
15087,282,1,306.94,India,1,-1.1309102171582688,1.5800652318281272,At Risk / Lost
15088,21,2,1160.07,India,0,0.01059798822916305,-0.7262841945470997,New / Low-Value
15089,10,6,2420.84,India,0,0.4920168609069003,-0.7005545667012103,New / Low-Value
15090,308,1,381.32,India,1,-1.2246786712177111,1.818698717840626,At Risk / Lost
15091,68,1,480.71,India,0,-0.3038536370413772,-0.34867951385940765,New / Low-Value
15092,215,2,457.81,India,1,-0.7774692458664801,0.9976748522980555,At Risk / Lost
15093,18,6,4597.02,India,0,0.6145855799971485,-0.5301661349272949,New / Low-Value
15095,104,4,1370.6,India,0,-0.11519394311119664,0.06854563788241369,New / Low-Value
15096,43,1,219.39000000000001,India,0,-0.22703853386103523,-0.5866815106238503,New / Low-Value
15097,4,1,248.08,India,0,-0.07652270913431462,-0.9383158369312796,New / Low-Value
15098,182,3,39916.5,India,3,2.2106544815034987,2.492993463904318,Loyal Customers
15099,84,1,410.48,India,0,-0.3697146333398802,-0.20705171755849713,New / Low-Value
15100,334,3,876.0,India,1,-1.1134530290632902,2.110508546509974,At Risk / Lost
15101,9,2,317.53,India,0,-0.00295799329098326,-0.8728164281691664,New / Low-Value
15103,31,2,703.36,India,0,-0.05959455103852036,-0.6563559226194156,New / Low-Value
15104,197,2,993.54,India,1,-0.6712587899310299,0.8589097227770282,At Risk / Lost
15105,18,7,2298.93,India,0,0.540702110511989,-0.6165239197990642,New / Low-Value
15106,18,5,1422.52,India,0,0.30363416256187725,-0.6902388792080865,New / Low-Value
15107,311,6,319.5,India,1,-0.8018527810675543,1.9286887597445963,At Risk / Lost
15108,142,4,1300.25,European Community,0,-0.26483166746178,0.4092546252354731,New / Low-Value
15109,246,1,484.95,India,1,-0.9813170942719369,1.2623029517007438,At Risk / Lost
15110,24,4,996.1,India,0,0.1630830177011998,-0.6722693367953082,New / Low-Value
15111,29,3,1567.48,India,0,0.09650524831644072,-0.6184182872488644,New / Low-Value
15113,10,3,3509.43,India,0,0.30540935011459913,-0.7029107718538439,New / Low-Value
15114,30,10,2760.56,India,0,0.7906299653613431,-0.4357686762992366,New / Low-Value
15115,18,1,340.11,India,0,-0.12335821326095582,-0.8074802600488353,New / Low-Value
15116,18,4,1352.75,India,0,0.21100869654421067,-0.7105057442295456,New / Low-Value
15117,15,5,1551.78,India,0,0.3241467300414409,-0.7115664780951101,New / Low-Value
15118,134,1,244.8,India,0,-0.5717477986953126,0.23795725134287382,New / Low-Value
15119,246,1,266.4,India,1,-0.9966856244443891,1.2524616531298127,At Risk / Lost
15120,134,1,358.82,India,0,-0.5637298631644821,0.24309156780618918,New / Low-Value
15121,50,2,457.72,India,0,-0.14921340270246522,-0.4954786602571438,New / Low-Value
15122,114,3,1633.78,India,0,-0.2224827169347366,0.1537654059395034,New / Low-Value
15123,7,2,2199.31,India,0,0.13698488621620225,-0.8061787243724068,New / Low-Value
15124,23,2,184.19,India,0,-0.06564161292879148,-0.7521292542102214,New / Low-Value
15125,25,15,11528.48,India,3,1.8648281732347727,-0.0005708878677279232,Loyal Customers
15127,66,1,406.53,India,0,-0.3014547075507077,-0.3701186178997496,New / Low-Value
15128,60,4,1471.0,India,0,0.0594028073515676,-0.32510654305572323,New / Low-Value
15129,50,11,3447.4,India,0,0.8504950691265821,-0.2067273582491109,New / Low-Value
15130,170,1,330.11,India,1,-0.7028241457179517,0.5675768215169174,At Risk / Lost
15132,18,5,977.9300000000001,India,0,0.2723704021895573,-0.7102587507782091,New / Low-Value
15133,128,3,982.42,India,0,-0.3215937261856021,0.25112615809239147,New / Low-Value
15134,15,8,1387.99,India,0,0.5757865753269188,-0.6675665624945372,New / Low-Value
15135,239,1,139.05,India,1,-0.9789873846280436,1.1833813525894523,At Risk / Lost
15136,3,4,1286.7,India,0,0.26347877499283523,-0.8492208333203621,New / Low-Value
15139,240,2,178.96,India,1,-0.892269336204239,1.2113530135600508,At Risk / Lost
15140,52,7,2354.25,India,0,0.4151321528213402,-0.306353579568591,New / Low-Value
15142,46,1,498.74,India,0,-0.21881747007193872,-0.5469542182613374,New / Low-Value
15143,226,1,259.45,India,1,-0.9210213608933271,1.0711608815657836,At Risk / Lost
15144,8,17,6580.44,India,3,1.7570483294131,-0.34297034196441645,Loyal Customers
15145,4,4,1194.73,India,0,0.25320375543598517,-0.8443128484178501,New / Low-Value
15146,165,2,1327.16,India,1,-0.5259537029020364,0.5843521179672962,At Risk / Lost
15147,240,1,623.5,India,1,-0.9487283014074747,1.214245509179249,At Risk / Lost
15148,11,1,301.29,India,0,-0.09943450569733417,-0.8725740579010944,New / Low-Value
15149,134,1,520.8000000000001,India,0,-0.5523393597678506,0.2503855213294993,New / Low-Value
15150,17,10,5291.33,India,0,1.0180942461163003,-0.4394502736719541,New / Low-Value
15152,10,13,4745.69,India,0,1.2695357815549386,-0.47599078437839454,New / Low-Value
15153,31,1,329.25,India,0,-0.17362133699525858,-0.6903272067993154,New / Low-Value
15154,75,1,254.28,India,0,-0.34642983890032225,-0.2955299138837876,New / Low-Value
15156,1,3,961.49,India,0,0.1605059571615201,-0.8990889336059882,New / Low-Value
15157,4,3,1936.07,India,0,0.2176158941228607,-0.8280554595666577,New / Low-Value
15158,45,1,401.40000000000003,India,0,-0.22185481128812418,-0.5603868255956177,New / Low-Value
15159,2,30,18641.010000000002,India,3,3.768348430037599,0.3684469614647226,Loyal Customers
15160,357,1,158.16,India,1,-1.4269462054137902,2.252069973761582,At Risk / Lost
15163,18,2,304.47,India,0,-0.038145223864099936,-0.7919600035030653,New / Low-Value
15164,69,3,824.58,India,0,-0.10804178088823115,-0.289895420663843,New / Low-Value
15165,373,1,487.75,India,1,-1.4646916870312143,2.411701650156886,At Risk / Lost
15167,321,1,158.8,India,1,-1.2898258173555885,1.9263207289692434,At Risk / Lost
15168,26,1,106.56,India,0,-0.17024274611517434,-0.7456018827490902,New / Low-Value
15171,331,1,1289.5,India,1,-1.2483910014136983,2.067730015605149,At Risk / Lost
15172,9,5,1624.05,India,0,0.3520746847460764,-0.7626085066119438,New / Low-Value
15174,323,1,135.75,India,1,-1.2990620023423347,1.943381569637123,At Risk / Lost
15175,72,1,224.14,India,0,-0.3371263481056768,-0.3240352889877247,New / Low-Value
15178,260,1,40.5,India,1,-1.0658781031659867,1.3689808536468664,At Risk / Lost
15179,18,5,2206.95,India,0,0.35879561817009814,-0.6549160247674755,New / Low-Value
15180,367,1,87.5,India,1,-1.4699915423338408,2.339382063183239,At Risk / Lost
15181,66,3,689.4799999999999,India,0,-0.10611912252049292,-0.3231271407597953,New / Low-Value
15182,154,2,622.85,India,1,-0.5335969407866351,0.45309376689600644,At Risk / Lost
15184,29,2,402.2,India,0,-0.07315695295276144,-0.6880159278248456,New / Low-Value
15185,70,1,310.62,India,0,-0.3234297381871594,-0.3382398790568664,New / Low-Value
15186,14,2,411.41,India,0,-0.015394558874858744,-0.8233420618461206,New / Low-Value
15187,2,16,4777.18,India,3,1.5653689968042224,-0.49559254278911785,Loyal Customers
15189,1,41,16225.39,India,3,4.567199945376559,0.4389986588185583,Loyal Customers
15192,120,3,1044.32,India,0,-0.28677969529478514,0.18151838752016733,New / Low-Value
15193,61,1,499.32,India,0,-0.2758914271313637,-0.41118724089524694,New / Low-Value
15194,3,15,7616.53,India,3,1.6735064531891866,-0.37581244908863776,Loyal Customers
15195,3,1,3861.0,India,0,0.18134703158792345,-0.7846755710750631,New / Low-Value
15197,11,3,1079.6100000000001,India,0,0.13073571118612995,-0.8032760876333335,New / Low-Value
15198,92,2,193.64,India,0,-0.3277049022398058,-0.12729576511225812,New / Low-Value
15199,59,4,1268.7,India,0,0.04898463370847485,-0.3432654953820189,New / Low-Value
15201,87,5,1236.54,India,0,0.027828151440740138,-0.07420559591985594,New / Low-Value
15203,26,6,1827.8,India,0,0.38939164013134514,-0.582468885732574,New / Low-Value
15204,357,1,316.58,India,1,-1.4158060427511507,2.2592036206140502,At Risk / Lost
15205,85,2,653.24,India,0,-0.2687320855087002,-0.16994572844736563,New / Low-Value
15206,10,4,420.29999999999995,India,0,0.17589960697299226,-0.8248890592264113,New / Low-Value
15208,1,5,870.12,India,0,0.3295191984985192,-0.8689530724855762,New / Low-Value
15210,225,1,331.18,India,1,-0.9121696268578241,1.0653414901975857,At Risk / Lost
15211,60,2,894.4100000000001,India,0,-0.15658166900712514,-0.38532061874231777,New / Low-Value
15212,241,1,101.8,India,1,-0.9892221197335213,1.1998027677725127,At Risk / Lost
15213,319,2,328.35,India,1,-1.18256847968848,1.932981902439032,At Risk / Lost
15214,2,8,1661.44,India,0,0.6445151410103602,-0.7728951975709122,New / Low-Value
15215,47,3,734.94,India,0,-0.030577014713429728,-0.4930185012594684,New / Low-Value
15216,88,1,96.6,India,0,-0.40701740829886407,-0.18498815990758777,New / Low-Value
15218,11,11,5756.89,India,0,1.1613977326422706,-0.45565734330474494,New / Low-Value
15219,176,1,305.75,India,1,-0.7273830485783309,0.6207762355955597,At Risk / Lost
15220,52,6,1778.96,India,0,0.28695830257682375,-0.3493839918496114,New / Low-Value
15221,366,1,403.25,India,1,-1.4439802167509495,2.344550883561913,At Risk / Lost
15222,319,1,585.0,India,1,-1.2522399506528779,1.9274137181749436,At Risk / Lost
15223,226,2,755.75,India,1,-0.7984021214853331,1.110634377012588,At Risk / Lost
15224,358,2,322.08,India,1,-1.3315077203544985,2.2856258005330554,At Risk / Lost
15225,234,1,409.40000000000003,India,1,-0.940938008498699,1.1503082499520172,At Risk / Lost
15226,311,1,154.41,India,1,-1.252058028774328,1.835629140770425,At Risk / Lost
15227,37,5,1219.4,India,0,0.21700533561965588,-0.5274469427884546,New / Low-Value
15228,66,4,3386.71,India,0,0.17127046286075748,-0.18454584726348466,New / Low-Value
15230,239,2,429.6,India,1,-0.8708365738770253,1.2135899330009372,At Risk / Lost
15232,113,2,612.06,India,0,-0.378242067617133,0.08158287628930741,New / Low-Value
15234,277,1,197.0,India,1,-1.1196029976945931,1.5298676842877437,At Risk / Lost
15235,218,12,2247.51,India,1,0.21415237626740546,1.276664394891939,At Risk / Lost
15236,299,1,321.05,India,1,-1.1946480378422424,1.7345402459349626,At Risk / Lost
15237,2,4,1412.32,India,0,0.2761200770493559,-0.8526135599437076,New / Low-Value
15238,29,3,1071.99,India,0,0.061662178011483805,-0.6407301839723175,New / Low-Value
15239,10,2,780.59,India,0,0.025796935912707215,-0.8429154625033328,New / Low-Value
15240,45,5,1706.57,India,0,0.22080214372123574,-0.4331145700366781,New / Low-Value
15241,67,8,1756.44,India,0,0.4036983626717087,-0.18040695773996782,New / Low-Value
15243,74,1,316.68,India,0,-0.3382341944850847,-0.3017694348134898,New / Low-Value
15244,65,2,631.57,India,0,-0.19410293870043616,-0.3519093410773481,New / Low-Value
15245,134,3,2515.84,India,0,-0.2366088682038739,0.3744723490542421,New / Low-Value
15246,238,2,514.15,India,1,-0.8610833319174279,1.208347825767625,At Risk / Lost
15247,122,1,356.0,India,0,-0.5182363724521345,0.13437189531879326,New / Low-Value
15249,32,13,6688.46,India,0,1.3223839154875558,-0.18942132711495996,New / Low-Value
15251,9,11,10484.99,India,0,1.5014950610190703,-0.26084995317344956,New / Low-Value
15252,36,2,740.78,India,0,-0.07600140815081795,-0.6094239480479816,New / Low-Value
15253,16,5,918.1999999999999,India,0,0.2757854619066827,-0.731047171842802,New / Low-Value
15254,127,1,300.36,India,0,-0.5411872488636696,0.17711338146647587,New / Low-Value
15255,67,1,890.85,India,0,-0.2712047659861555,-0.3392603152052361,New / Low-Value
15256,149,1,98.45,India,1,-0.6391539366663752,0.36710797613963503,At Risk / Lost
15257,283,1,317.15,India,1,-1.1339998950861043,1.5895743784235137,At Risk / Lost
15258,169,2,623.16,India,1,-0.5906898843624023,0.5888485861718928,At Risk / Lost
15260,100,7,1810.77,India,0,0.19414722772775123,0.10354428770787553,New / Low-Value
15261,135,1,254.82,India,0,-0.5748508375050183,0.2474578422451537,New / Low-Value
15262,324,1,178.95000000000002,India,1,-1.299831809254891,1.954376254735621,At Risk / Lost
15263,107,1,156.51,India,0,-0.4751498523023524,-0.01035199213077443,New / Low-Value
15264,64,1,393.74,India,0,-0.2947388068072959,-0.38879333246734177,New / Low-Value
15265,151,2,1506.1200000000001,India,1,-0.4600620652067252,0.46571921095324176,At Risk / Lost
15266,338,1,119.3,India,1,-1.3573335163399287,2.0783816867210674,At Risk / Lost
15267,22,5,1717.36,India,0,0.3091368402982725,-0.6407646820417472,New / Low-Value
15269,24,1,408.8,India,0,-0.1413738000264063,-0.7500908078460787,New / Low-Value
15270,16,7,2379.49,India,0,0.5539824234795986,-0.6309950872534265,New / Low-Value
15271,7,15,2493.34,India,3,1.2980109267148696,-0.5703119462543148,Loyal Customers
15272,57,2,721.94,India,0,-0.15728688514199296,-0.42023510858247376,New / Low-Value
15274,4,2,716.57,India,0,0.044140919090444826,-0.9000946247755186,New / Low-Value
15275,38,1,615.14,India,0,-0.18017097569725696,-0.6141078558108404,New / Low-Value
15276,66,1,128.63,India,0,-0.32099675529687316,-0.3826324448174424,New / Low-Value
15277,47,1,255.89999999999998,India,0,-0.239701733038159,-0.5488399039852102,New / Low-Value
15279,355,1,290.51,India,1,-1.410023997330046,2.239930908128261,At Risk / Lost
15280,172,1,113.12,India,1,-0.7256982750727845,0.5759045510210067,At Risk / Lost
15281,59,9,2332.15,India,0,0.5623629437155191,-0.20975275820065623,New / Low-Value
15286,50,1,240.55,India,0,-0.25220410023429085,-0.5223829419308803,New / Low-Value
15287,22,2,486.69,India,0,-0.04056203305527994,-0.7475570808508338,New / Low-Value
15288,43,5,2306.52,India,0,0.270606185292231,-0.42419762463468724,New / Low-Value
15289,29,3,939.78,India,0,0.05236511384264416,-0.6466835954756934,New / Low-Value
15290,5,18,7943.22,India,3,1.95202176436625,-0.2916274555512293,Loyal Customers
15291,26,15,4668.3,India,3,1.3786097100792376,-0.3004351537122397,Loyal Customers
15292,201,1,178.39,India,1,-0.8315302968395637,0.841275986061446,At Risk / Lost
15296,51,6,3672.86,India,0,0.4239458161791864,-0.27315113422676074,New / Low-Value
15297,10,3,641.94,India,0,0.10376621772290417,-0.8320337425203249,New / Low-Value
15298,2,12,4799.9,India,0,1.2160898387781502,-0.5630699598243615,New / Low-Value
15299,67,7,4507.01,India,0,0.5094004207289623,-0.07367401488432773,New / Low-Value
15300,64,1,496.44,India,0,-0.287516898554215,-0.38416875519333293,New / Low-Value
15301,51,12,5049.95,India,0,1.0470986356866514,-0.1083900747716261,New / Low-Value
15303,290,1,574.02,India,1,-1.142590232692722,1.6644869598648444,At Risk / Lost
15304,61,8,694.4000000000001,India,0,0.3518611494060204,-0.2825269244036463,New / Low-Value
15306,64,3,1174.35,India,0,-0.06440755613707858,-0.31939224358266277,New / Low-Value
15307,96,1,205.3,India,0,-0.42983477367872086,-0.10769827752478996,New / Low-Value
15308,274,1,310.47,India,1,-1.1002007898188866,1.5078290622735866,At Risk / Lost
15311,1,91,60632.75,India,2,12.075905113257587,3.2949166911412604,Champions (VIP)
15312,75,4,924.85,India,0,-0.03611743889195621,-0.21395879775408108,New / Low-Value
15313,110,1,52.0,India,0,-0.4939219891172252,0.012090098358310784,New / Low-Value
15314,199,1,327.97,India,1,-0.8133964677314708,0.8299127867030147,At Risk / Lost
15315,64,2,570.5,India,0,-0.19458975788800192,-0.36370871162751656,New / Low-Value
15316,327,1,165.0,India,1,-1.3122357278477674,1.980896258739158,At Risk / Lost
15318,4,1,312.62,India,0,-0.07198422852424799,-0.935409603072813,New / Low-Value
15319,284,1,204.5,India,1,-1.1457291411538961,1.5935511436763032,At Risk / Lost
15320,44,1,267.13,India,0,-0.22748908601732115,-0.575482389490065,New / Low-Value
15321,71,3,2748.31,India,0,0.01962044258590814,-0.18517114722580827,New / Low-Value
15322,86,1,679.68,India,0,-0.3583996723970945,-0.17683086999354755,New / Low-Value
15325,104,1,161.74,India,0,-0.4633591278668942,-0.037264657417947246,New / Low-Value
15326,334,1,311.71,India,1,-1.328572564121955,2.050848339377131,At Risk / Lost
15327,53,1,208.75,India,0,-0.2658632385186718,-0.49666672277973883,New / Low-Value
15329,39,3,1049.7,India,0,0.02201824033390184,-0.5512399952055399,New / Low-Value
15330,32,2,714.96,India,0,-0.06258648356740948,-0.6467841843744587,New / Low-Value
15332,366,4,1661.06,Lithuania,1,-1.0923728469028635,2.452565395586351,At Risk / Lost
15333,208,1,1028.56,India,1,-0.798399522795228,0.9429048449776496,At Risk / Lost
15334,157,3,350.82,India,1,-0.4764299466312958,0.48511756231551306,At Risk / Lost
15335,54,1,170.22,India,0,-0.2723803342484075,-0.4893523366160483,New / Low-Value
15339,66,2,574.07,India,0,-0.20195401300428037,-0.3454491733254196,New / Low-Value
15341,81,1,2020.52,India,0,-0.2450729781972474,-0.16169984676872623,New / Low-Value
15342,130,1,406.09,India,0,-0.5451752182868411,0.2090225715279819,New / Low-Value
15343,87,1,364.5,India,0,-0.38437091533437495,-0.18197402329290036,New / Low-Value
15344,1,3,563.94,India,0,0.13255006985857629,-0.9169905956827381,New / Low-Value
15345,46,1,393.54,India,0,-0.22621517940226116,-0.5516913704446454,New / Low-Value
15346,333,1,252.42000000000002,India,1,-1.3289342129425248,2.0391291221623846,At Risk / Lost
15347,366,1,201.60000000000002,India,1,-1.458160331641249,2.335470591377844,At Risk / Lost
15348,72,1,158.04,India,0,-0.34177452858794216,-0.32701176958959405,New / Low-Value
15349,158,2,463.90999999999997,India,1,-0.5600042681824996,0.48213426712563956,At Risk / Lost
15350,373,1,115.65,India,1,-1.4908579193678395,2.3949460006568017,At Risk / Lost
15351,12,7,1934.66,India,0,0.537932384313022,-0.6872233286780772,New / Low-Value
15353,255,2,770.12,India,1,-0.9078134531847493,1.373713786899697,At Risk / Lost
15355,29,2,277.05,India,0,-0.08195755487947107,-0.6936514277843606,New / Low-Value
15356,31,10,2718.03,India,0,0.7838315879080211,-0.42863440999042474,New / Low-Value
15358,5,22,8347.2,India,3,2.331306650255902,-0.20493575299680789,Loyal Customers
15360,40,1,427.93,India,0,-0.20095096261998902,-0.6044391339871796,New / Low-Value
15361,362,1,418.92,India,1,-1.427647697489641,2.3090589404301642,At Risk / Lost
15363,373,1,326.0,India,1,-1.4760660167287394,2.4044180535252315,At Risk / Lost
15364,96,2,913.19,India,0,-0.2923364342973151,-0.05869689205454298,New / Low-Value
15365,26,7,2314.32,India,0,0.5113231457251703,-0.5434357833309477,New / Low-Value
15366,75,2,602.51,India,0,-0.2342229456951881,-0.26272400516495265,New / Low-Value
15367,57,4,1877.59,India,0,0.09941733993168568,-0.3339459821043743,New / Low-Value
15368,21,1,446.94000000000005,India,0,-0.1272688302101409,-0.7755215370272377,New / Low-Value
15370,41,7,2386.05,India,0,0.4592524873240385,-0.40446492404620354,New / Low-Value
15372,137,1,2007.3999999999999,India,0,-0.45922395577883235,0.3444752373925689,New / Low-Value
15373,8,12,2415.91,India,0,1.0256007375612237,-0.6161245990375348,New / Low-Value
15374,129,1,168.0,India,0,-0.5581101601517232,0.18925199680015972,New / Low-Value
15376,40,3,1221.56,India,0,0.030295860060502035,-0.5344517549748706,New / Low-Value
15379,169,7,3703.29,India,1,0.06450223222519963,0.8131723505874145,At Risk / Lost
15380,9,5,1690.2600000000002,India,0,0.35673060047574034,-0.7596270727140652,New / Low-Value
15381,214,2,596.85,India,1,-0.763884243627327,0.9948864277878279,At Risk / Lost
15382,15,6,5955.71,India,0,0.7215521948339205,-0.4961325455184599,New / Low-Value
15384,170,2,642.41,India,1,-0.5931438655949324,0.5987648036393051,At Risk / Lost
15385,40,1,316.88,India,0,-0.20876004647105656,-0.6094397114582476,New / Low-Value
15386,186,1,394.14,India,1,-0.759243920964277,0.715250340746829,At Risk / Lost
15388,270,1,140.54,Canada,1,-1.0969197425319874,1.4639795578754697,At Risk / Lost
15389,172,1,500.0,India,1,-0.6984927067675075,0.5933257433848678,At Risk / Lost
15392,5,4,1535.53,India,0,0.27336130875825715,-0.819917246116382,New / Low-Value
15393,16,2,231.86,India,0,-0.03563589129692278,-0.8133284105003674,New / Low-Value
15394,10,4,2183.54,India,0,0.29989140354711535,-0.7454904259973623,New / Low-Value
15395,326,1,107.45,India,1,-1.3124750191185774,1.9692553936612833,At Risk / Lost
15396,113,1,288.18,India,0,-0.48873665832993496,0.049873447187046144,New / Low-Value
15397,290,1,94.0,India,1,-1.1763454459317084,1.6428716766801343,At Risk / Lost
15398,16,2,1345.53,India,0,0.04267786297969505,-0.7631798908046964,New / Low-Value
15399,1,3,815.77,India,0,0.15025886397126736,-0.9056506999192167,New / Low-Value
15400,92,5,716.2,India,0,-0.027800629208445674,-0.052389533912698204,New / Low-Value
15402,149,2,626.77,India,1,-0.5142830370610721,0.40802333102474303,At Risk / Lost
15405,189,1,349.1,India,1,-0.7738341017537289,0.7403703631783223,At Risk / Lost
15406,31,2,510.71000000000004,India,0,-0.0731417820507506,-0.6650309451300076,New / Low-Value
15407,34,4,1046.74,India,0,0.12856754904890702,-0.579495112774456,New / Low-Value
15408,264,1,267.18,India,1,-1.0651684659995038,1.4153858084860738,At Risk / Lost
15410,84,8,3450.84,India,0,0.4581192588189854,0.04973145410537093,New / Low-Value
15411,26,4,1348.93,India,0,0.1802788762798683,-0.6382826333644837,New / Low-Value
15412,171,1,190.53,India,1,-0.7164471209897889,0.5703409298467365,At Risk / Lost
15414,10,3,774.9000000000001,India,0,0.11311602221491626,-0.8260465585441592,New / Low-Value
15415,313,1,559.61,India,1,-1.2311794892296046,1.8719740634012483,At Risk / Lost
15416,65,4,3984.32,India,0,0.217102305096165,-0.16668488131078896,New / Low-Value
15417,85,1,508.8,India,0,-0.366608378101416,-0.1935749808597715,New / Low-Value
15419,25,1,135.86,India,0,-0.16437470796261425,-0.7533318954779132,New / Low-Value
15421,59,4,950.36,India,0,0.026598827736850832,-0.35760033403253466,New / Low-Value
15422,323,2,97.7,India,1,-1.2140184851839395,1.9587933039703285,At Risk / Lost
15423,38,1,43.5,India,0,-0.22036894681499006,-0.6398487842715455,New / Low-Value
15424,254,2,383.34,India,1,-0.9312043399196471,1.3472477068663988,At Risk / Lost
15426,19,5,1404.07,India,0,0.2985291010845453,-0.6820202913729053,New / Low-Value
15427,33,3,1430.54,India,0,0.07164497040030143,-0.5883871278173987,New / Low-Value
15428,15,1,93.78,India,0,-0.1292572964218466,-0.8457206630093251,New / Low-Value
15429,27,2,397.35,India,0,-0.06588270798803064,-0.7063331044805036,New / Low-Value
15432,23,1,171.19,India,0,-0.15427498808445803,-0.7698397681913155,New / Low-Value
15433,214,2,533.3,India,1,-0.768353107010806,0.9920247735934437,At Risk / Lost
15434,8,5,1041.48,India,0,0.3149157608459331,-0.7978910032419135,New / Low-Value
15435,22,1,149.29,India,0,-0.1520073559938039,-0.7798753150625849,New / Low-Value
15436,12,3,1067.75,India,0,0.12609406134840656,-0.7947607523372399,New / Low-Value
15437,262,1,200.16,India,1,-1.0622660422236148,1.3942691189859648,At Risk / Lost
15438,131,1,156.57999999999998,India,0,-0.5665285185271418,0.20683653594609905,New / Low-Value
15440,55,3,383.68,India,0,-0.0857389654884872,-0.4364406009891643,New / Low-Value
15442,249,1,594.0,India,1,-0.9850715998645315,1.2943616412417993,At Risk / Lost
15443,2,7,3213.59,India,0,0.665943788272509,-0.7201270638361841,New / Low-Value
15444,9,2,1411.21,India,0,0.07395005557201152,-0.8235680574482513,New / Low-Value
15445,264,1,113.5,India,1,-1.0759753098196934,1.4084656036616368,At Risk / Lost
15447,331,1,155.17,India,1,-1.3281575757926398,2.0166511768590296,At Risk / Lost
15448,313,1,494.64,India,1,-1.2357482076249566,1.8690484666583822,At Risk / Lost
15449,26,3,974.52,India,0,0.06623099419386107,-0.6722674265334991,New / Low-Value
15450,30,1,429.84,India,0,-0.1627401553240798,-0.6948470334145639,New / Low-Value
15452,30,3,528.48,India,0,0.019634671087582403,-0.6561550288877798,New / Low-Value
15453,2,7,1371.77,India,0,0.5364262122385309,-0.8030641516143239,New / Low-Value
15454,362,1,179.1,India,1,-1.444511943227264,2.298259854530916,At Risk / Lost
15456,283,3,434.59000000000003,India,1,-0.950303044573586,1.6291129462682272,At Risk / Lost
15457,262,1,237.07,India,1,-1.0596705151192212,1.3959311749468573,At Risk / Lost
15458,25,1,161.64,India,0,-0.1625618472540999,-0.7521710230132205,New / Low-Value
15460,354,1,214.26,India,1,-1.411578280658622,2.2274479827288283,At Risk / Lost
15462,94,3,234.6,India,0,-0.24472066689084962,-0.09022743201394465,New / Low-Value
15463,29,1,126.14,India,0,-0.1802888206600879,-0.7175720240620328,New / Low-Value
15464,338,1,1044.65,India,1,-1.2922625056097587,2.1200501636490525,At Risk / Lost
15465,20,18,7354.62,India,3,1.8535164158311657,-0.18239123220948664,Loyal Customers
15466,85,1,334.53,India,0,-0.37886311959376673,-0.20142235263719624,New / Low-Value
15467,9,3,524.88,India,0,0.09934215760943772,-0.8463543407391569,New / Low-Value
15468,51,2,467.51,India,0,-0.15233261521127717,-0.48598842624651944,New / Low-Value
15469,50,2,538.55,India,0,-0.14352940227309294,-0.4918388882896839,New / Low-Value
15471,2,1,454.48,India,0,-0.05439327314267683,-0.94712043375116,New / Low-Value
15472,113,1,371.56,India,0,-0.48287334080177635,0.05362804556199118,New / Low-Value
15473,14,7,1771.2,India,0,0.5188225076240843,-0.6764851452160746,New / Low-Value
15475,77,1,454.10999999999996,India,0,-0.3399930062488338,-0.26843279490207067,New / Low-Value
15478,40,2,1399.92,India,0,-0.044880997438790884,-0.5435453350985711,New / Low-Value
15480,116,1,905.5,Malta,0,-0.4567493985107141,0.10481951638789182,New / Low-Value
15482,16,12,10879.76,India,3,1.5903211203871046,-0.16260261528243974,Loyal Customers
15483,161,4,225.26,India,1,-0.41277076848982097,0.532786287186847,At Risk / Lost
15484,1,4,3590.41,India,0,0.4330919539082237,-0.7635836369313674,New / Low-Value
15485,30,3,2564.5,India,0,0.1628084748016804,-0.5644731221552824,New / Low-Value
15488,93,1,91.32000000000001,India,0,-0.4264269478104465,-0.13997896478698316,New / Low-Value
15489,23,3,1134.28,India,0,0.08888833481577106,-0.6922216115270733,New / Low-Value
15491,95,6,3100.09,India,0,0.2161318037737947,0.09923024274912157,New / Low-Value
15492,28,2,659.4599999999999,India,0,-0.051258669373012176,-0.6854809100241351,New / Low-Value
15493,33,5,1953.41,India,0,0.28385183321122887,-0.5305920617818242,New / Low-Value
15494,21,2,1280.58,India,0,0.019072303356512454,-0.7208576336192437,New / Low-Value
15497,18,2,1262.2,India,0,0.029202762418501917,-0.7488334563498376,New / Low-Value
15498,3,27,13316.4,India,3,3.126954282291926,0.08635398365098969,Loyal Customers
15500,8,4,1131.56,India,0,0.2335310157070882,-0.8109598285627855,New / Low-Value
15502,16,12,10384.93,India,3,1.5555244615665393,-0.184884792229838,Loyal Customers
15503,363,1,141.04,India,1,-1.450995988354478,2.305595404777555,At Risk / Lost
15504,81,1,52.83,India,0,-0.3834417868681806,-0.2503048560802593,New / Low-Value
15505,53,5,3610.96,India,0,0.32425847289809673,-0.2749648321021283,New / Low-Value
15506,23,3,972.08,India,0,0.07748236092434234,-0.6995254716424018,New / Low-Value
15507,172,1,475.86,India,1,-0.7001902419693514,0.5922387200606752,At Risk / Lost
15508,189,6,1000.27,India,1,-0.2894474989967354,0.8553181469173444,At Risk / Lost
15510,331,1,250.0,India,1,-1.3214890893307152,2.0209213683185645,At Risk / Lost
15511,12,5,900.53,India,0,0.28977349800189844,-0.7680404139649638,New / Low-Value
15512,156,2,121.0,India,1,-0.5765025480866738,0.44859426093491406,At Risk / Lost
15513,33,19,14758.220000000001,India,3,2.4123605237164876,0.2857598102936244,Loyal Customers
15514,12,11,4023.7200000000003,India,0,1.0357128218979188,-0.5246525348589351,New / Low-Value
15516,45,3,62.43,India,0,-0.07025290864112366,-0.541400383492193,New / Low-Value
15517,233,1,267.03,India,1,-0.9471418787181586,1.134847943351441,At Risk / Lost
15518,64,8,1921.55,India,0,0.42673191759891554,-0.20012023242764182,New / Low-Value
15520,2,1,343.5,India,0,-0.06219743456358162,-0.9521178591247677,New / Low-Value
15521,40,8,3000.2,India,0,0.5939666390404865,-0.36873403804084615,New / Low-Value
15522,33,2,397.99,India,0,-0.08868360007599484,-0.6520079413088696,New / Low-Value
15523,84,1,412.01000000000005,India,0,-0.3696070430806084,-0.20698282171400606,New / Low-Value
15524,25,1,440.0,India,0,-0.14298745210972197,-0.7396364823122166,New / Low-Value
15525,2,3,734.37,India,0,0.14072713136899437,-0.9002667483001879,New / Low-Value
15526,33,2,148.44,India,0,-0.10623206360624167,-0.6632451687551102,New / Low-Value
15527,19,8,2428.53,India,0,0.6337271983829096,-0.5845135213824492,New / Low-Value
15528,254,1,229.33,India,1,-1.0297535990360434,1.323187517701196,At Risk / Lost
15529,23,11,3962.6,India,0,0.9895306923613321,-0.427861468917583,New / Low-Value
15530,22,4,1497.31,India,0,0.20594361992546464,-0.6677986500109964,New / Low-Value
15531,8,2,1972.39,India,0,0.11722012450985587,-0.8073475330738628,New / Low-Value
15532,25,4,1564.73,India,0,0.19926167479464452,-0.6376145578595904,New / Low-Value
15533,19,3,807.57,India,0,0.08114454494670116,-0.7431309136371581,New / Low-Value
15535,173,4,502.9,India,1,-0.43893879838316474,0.6538810943036794,At Risk / Lost
15537,163,1,110.92,India,1,-0.69158413427515,0.4943609691085434,At Risk / Lost
15539,7,1,538.46,India,0,-0.06752601099242861,-0.8980918640689388,New / Low-Value
15540,11,1,213.3,India,0,-0.10562200041192613,-0.8765362444087872,New / Low-Value
15541,114,1,85.13000000000001,India,0,-0.5068228713507795,0.04977950371957856,New / Low-Value
15543,288,1,127.86,India,1,-1.1663490970869703,1.6262976099200641,At Risk / Lost
15544,9,9,3546.71,India,0,0.8381538026297787,-0.6075306987557527,New / Low-Value
15545,54,2,288.96999999999997,India,0,-0.17631057352542537,-0.46687990397160045,New / Low-Value
15547,7,14,4910.6,India,3,1.380274481949977,-0.47858794060607385,Loyal Customers
15549,77,3,1681.46,India,0,-0.07824680627986885,-0.17891502002527174,New / Low-Value
15550,4,4,575.63,India,0,0.20966837666789936,-0.8721908989566902,New / Low-Value
15551,37,1,436.06,India,0,-0.18895630893493068,-0.6312212123795654,New / Low-Value
15552,217,1,90.12,India,1,-0.8986598737114415,0.982091441816854,At Risk / Lost
15553,60,1,428.93,India,0,-0.27703363273488585,-0.4234062907072825,New / Low-Value
15554,278,1,217.2,India,1,-1.1219901745177714,1.5398266802206897,At Risk / Lost
15555,12,16,4794.86,India,3,1.5285357667495776,-0.4043025063724657,Loyal Customers
15556,24,1,279.77,India,0,-0.15044724522499475,-0.7559010240648262,New / Low-Value
15557,29,1,468.91,India,0,-0.15618508656165989,-0.7021371033978457,New / Low-Value
15561,12,4,800.59,India,0,0.19502646458408138,-0.789665832991845,New / Low-Value
15562,352,1,134.55,India,1,-1.4095682231508107,2.2057598629891166,At Risk / Lost
15563,22,4,1400.44,India,0,0.19913167978451088,-0.6721607025965196,New / Low-Value
15565,50,2,173.16,India,0,-0.16922378451840203,-0.5082923867332095,New / Low-Value
15567,19,1,186.01,India,0,-0.13800224118941173,-0.8053699867922257,New / Low-Value
15568,3,3,758.29,India,0,0.13860154654875145,-0.8901402409022049,New / Low-Value
15569,104,5,1375.71,India,0,-0.027115396155304266,0.0859008654497597,New / Low-Value
15570,7,12,4148.82,India,0,1.1512673649935428,-0.5471411152739117,New / Low-Value
15571,12,4,650.4300000000001,India,0,0.18446714868064773,-0.7964275323439888,New / Low-Value
15572,5,7,2533.42,India,0,0.6066909922076987,-0.7236069222619571,New / Low-Value
15573,32,2,591.1899999999999,India,0,-0.07129004329948181,-0.6523575429840407,New / Low-Value
15574,178,4,675.64,India,1,-0.4458298947865342,0.7069065235656573,At Risk / Lost
15576,38,1,921.37,India,0,-0.15863675014379078,-0.6003183300209696,New / Low-Value
15577,151,3,258.88,India,1,-0.46004930988419135,0.4266811634562746,At Risk / Lost
15578,162,1,127.1,India,1,-0.6866387001759533,0.4860401632557185,At Risk / Lost
15579,69,2,327.6,India,0,-0.2307088381892347,-0.329399536485977,New / Low-Value
15581,121,13,3675.77,India,0,0.7716494486008939,0.48031312074345467,New / Low-Value
15582,25,3,682.9100000000001,India,0,0.04953250286739288,-0.6944480049195974,New / Low-Value
15584,24,4,720.86,India,0,0.14372802230121928,-0.6846633840095068,New / Low-Value
15585,177,1,455.3,India,1,-0.7206742776650339,0.6365598573356435,At Risk / Lost
15587,50,4,913.6800000000001,India,0,0.058288320077170525,-0.44069654909405165,New / Low-Value
15589,256,3,478.53000000000003,India,1,-0.8444066276031683,1.3867580148972294,At Risk / Lost
15592,47,1,388.58,India,0,-0.230371618266798,-0.542865328398886,New / Low-Value
15593,71,1,199.8,India,0,-0.3350302978664104,-0.33418070897047003,New / Low-Value
15594,16,5,1771.78,India,0,0.33580957531140354,-0.6926104954109766,New / Low-Value
15596,101,5,1406.59,India,0,-0.013520952667348218,0.06014321873199608,New / Low-Value
15597,35,1,324.57,India,0,-0.18918103472101336,-0.6543403843662878,New / Low-Value
15598,53,1,240.68,India,0,-0.26361790716014327,-0.49522891603817015,New / Low-Value
15599,27,2,761.74,India,0,-0.040258646173618136,-0.6899246360006975,New / Low-Value
15601,11,14,6776.56,India,3,1.4962589950766405,-0.3583662668405061,Loyal Customers
15602,8,9,1297.8700000000001,India,0,0.6838220543395557,-0.7178452730328764,New / Low-Value
15603,79,1,48.480000000000004,India,0,-0.37613238168800145,-0.2685995177540576,New / Low-Value
15604,52,1,216.39,India,0,-0.26151834089933207,-0.5053720845227294,New / Low-Value
15605,36,5,1198.23,India,0,0.21932430162486452,-0.5374496177862086,New / Low-Value
15606,61,9,2920.16,India,0,0.5960967612324501,-0.16517590790224262,New / Low-Value
15607,337,1,104.76,India,1,-1.3545483258778754,2.068677560382775,At Risk / Lost
15608,28,4,1093.68,India,0,0.15471428723893146,-0.6316777502723084,New / Low-Value
15609,184,1,298.48,India,1,-0.7583554743292665,0.6928439930857888,At Risk / Lost
15610,52,1,112.46000000000001,India,0,-0.26882674328241585,-0.5100520486521134,New / Low-Value
15611,10,13,1591.45,India,0,1.0477282656036433,-0.6180260971414873,New / Low-Value
15612,36,2,195.15,India,0,-0.11437034486093044,-0.6339936471523384,New / Low-Value
15615,10,23,10399.74,India,3,2.5443231094059744,-0.050137873481878904,Loyal Customers
15618,33,4,776.851,India,0,0.11339648780194386,-0.6006975953185995,New / Low-Value
15619,11,1,336.40000000000003,India,0,-0.09696555536855452,-0.8709930558748973,New / Low-Value
15620,57,3,1553.18,India,0,-0.01111452060949146,-0.365679277087407,New / Low-Value
15621,4,4,1293.03,India,0,0.26011625379312103,-0.8398864029842078,New / Low-Value
15622,43,9,3709.56,India,0,0.7201454008734414,-0.29251828652650463,New / Low-Value
15623,141,1,301.03,India,0,-0.5944472275570244,0.30383502086349234,New / Low-Value
15624,117,4,588.13,India,0,-0.21971701452962586,0.15095312082620863,New / Low-Value
15625,104,4,1534.26,India,0,-0.10368530139065889,0.07591524174477286,New / Low-Value
15626,75,2,675.8,India,0,-0.22906916131477617,-0.25942375912393895,New / Low-Value
15628,5,9,2870.2400000000002,India,0,0.8058147388503134,-0.674189680976425,New / Low-Value
15630,45,2,1186.35,India,0,-0.07893757950182637,-0.507915431121134,New / Low-Value
15632,16,8,3285.31,India,0,0.7053992857483685,-0.5730809210641477,New / Low-Value
15634,17,1,243.55,India,0,-0.12634070454104193,-0.8208777440114143,New / Low-Value
15636,90,2,724.76,India,0,-0.2827410159274236,-0.12147823211309132,New / Low-Value
15637,53,1,223.36,India,0,-0.2648358570232724,-0.4960088350097946,New / Low-Value
15639,134,1,425.32,India,0,-0.5590535545098582,0.2460860603935464,New / Low-Value
15640,4,15,12416.11,India,3,2.007207337384606,-0.15063814515323456,Loyal Customers
15641,105,4,1887.2,India,0,-0.08267405803730211,0.10085750780579769,New / Low-Value
15643,192,3,664.0,India,1,-0.5876747275382367,0.8159487196565461,At Risk / Lost
15644,166,4,803.54,India,1,-0.39114411734738286,0.604073167935695,At Risk / Lost
15645,19,1,612.01,India,0,-0.10804573762745964,-0.7861872222476515,New / Low-Value
15646,158,3,447.64000000000004,India,1,-0.47342917203917656,0.4985267540686592,At Risk / Lost
15648,204,2,639.5,India,1,-0.7228085819766903,0.9063130490823826,At Risk / Lost
15649,336,2,816.0,India,1,-1.2130067635256767,2.108780405565674,At Risk / Lost
15651,37,3,646.3,India,0,0.0012662775647922227,-0.5875038639016675,New / Low-Value
15652,91,1,337.74,India,0,-0.40148328817432666,-0.1469814624588029,New / Low-Value
15653,93,2,877.4399999999999,India,0,-0.28342744111999957,-0.08745488525494736,New / Low-Value
15654,9,2,922.53,India,0,0.03958586740146045,-0.8455733001187736,New / Low-Value
15655,243,1,560.67,India,1,-0.9645694826625771,1.2385644485561698,At Risk / Lost
15656,45,4,748.5,India,0,0.06571103893811828,-0.493381551830309,New / Low-Value
15657,23,1,30.0,India,0,-0.16420352972274915,-0.7761975487688939,New / Low-Value
15658,190,5,1024.1000000000001,India,1,-0.3792986222097698,0.8483154771658543,At Risk / Lost
15659,44,1,306.45,India,0,-0.22472408667446678,-0.5737118113166081,New / Low-Value
15660,25,9,1600.86,India,0,0.6403983997329924,-0.5503620030067065,New / Low-Value
15661,317,2,309.8,India,1,-1.1762576246270322,1.9140478152804146,At Risk / Lost
15663,106,1,138.14,India,0,-0.4726339890906333,-0.02022858323011341,New / Low-Value
15664,51,1,386.43,India,0,-0.24575340530238432,-0.5067645801576477,New / Low-Value
15665,168,2,2222.21,India,1,-0.47443634980990246,0.6518043589920025,At Risk / Lost
15667,40,1,301.32,India,0,-0.2098542323758077,-0.6101403776937255,New / Low-Value
15668,218,1,76.32000000000001,India,1,-0.9034379451851042,0.9905194189833317,At Risk / Lost
15669,40,4,684.34,India,0,0.0802375277282407,-0.5415176276316066,New / Low-Value
15670,297,1,173.05,India,1,-1.1974401625603601,1.7097770299728356,At Risk / Lost
15671,19,7,2657.13,India,0,0.5620832393318619,-0.5913447961288739,New / Low-Value
15673,88,4,2726.23,India,0,0.04105693506179756,-0.015200643053248865,New / Low-Value
15674,73,5,2446.6,India,0,0.1662271854335368,-0.14640810734257131,New / Low-Value
15675,81,3,323.69,India,0,-0.18895637584750571,-0.20385779120167574,New / Low-Value
15676,19,3,3435.76,India,0,0.26595999822483946,-0.6247836132887912,New / Low-Value
15677,49,1,657.23,India,0,-0.2190953335610054,-0.5126692473139822,New / Low-Value
15678,53,1,352.7,India,0,-0.255740612491106,-0.4901846595022941,New / Low-Value
15679,24,4,781.28,India,0,0.1479767827359919,-0.681942673601565,New / Low-Value
15680,9,3,1333.68,India,0,0.15621732211860878,-0.8099341060826979,New / Low-Value
15681,25,5,1426.16,India,0,0.27723658223931325,-0.6267292354794848,New / Low-Value
15683,117,1,193.75,India,0,-0.5106076147286597,0.08181883037623441,New / Low-Value
15687,9,9,2993.1,India,0,0.7992237088811113,-0.6324597369705923,New / Low-Value
15689,120,2,254.1,India,0,-0.4300675157519081,0.12880968513688096,New / Low-Value
15690,4,2,239.76,India,0,0.010611434434636413,-0.9215653617766886,New / Low-Value
15691,252,1,136.8,India,1,-1.0286450494523265,1.3009221138265983,At Risk / Lost
15692,28,1,191.04,India,0,-0.17191737516760885,-0.7236989700824358,New / Low-Value
15694,1,14,6479.4,India,3,1.513439071104303,-0.4622412775175283,Loyal Customers
15695,267,2,409.98,India,1,-0.9788304474953274,1.4660893837554059,At Risk / Lost
15696,33,8,2711.11,India,0,0.6002912523636158,-0.44509748491322404,New / Low-Value
15699,18,1,309.65,India,0,-0.12550017358606627,-0.808851872743736,New / Low-Value
15700,172,2,696.68,India,1,-0.5969428748647532,0.6193073611019887,At Risk / Lost
15701,2,4,1529.0,India,0,0.28432506492637133,-0.8473594637768979,New / Low-Value
15703,265,1,211.5,India,1,-1.0728915571191162,1.421927930771972,At Risk / Lost
15704,140,4,2293.62,India,0,-0.1873621619674439,0.4358872589640516,New / Low-Value
15705,201,1,143.1,India,1,-0.8340119048459048,0.8396868786417794,At Risk / Lost
15706,64,4,1060.56,India,0,0.015309891585207925,-0.30739107870158405,New / Low-Value
15707,35,4,916.98,India,0,0.11563512040847435,-0.5762888102009098,New / Low-Value
15708,41,7,3235.25,India,0,0.5189685972414322,-0.3662254788554703,New / Low-Value
15709,284,1,133.25,India,1,-1.150739471855279,1.5903427587612775,At Risk / Lost
15712,9,5,1072.3600000000001,India,0,0.3132796062247305,-0.7874510872964416,New / Low-Value
15713,143,2,356.7,India,0,-0.5104285786695792,0.34156574472812196,New / Low-Value
15714,12,2,330.03000000000003,India,0,-0.0135019364866448,-0.8451053816252442,New / Low-Value
15716,146,4,1101.1100000000001,India,0,-0.2940658761796878,0.436484920923576,New / Low-Value
15717,234,1,150.3,India,1,-0.9591580321440084,1.138640986352254,At Risk / Lost
15719,33,13,5030.07,India,0,1.2019575665656517,-0.25504917798219406,New / Low-Value
15720,24,1,598.73,India,0,-0.12801784058621485,-0.7415382668368042,New / Low-Value
15721,12,1,471.40000000000003,India,0,-0.09127994672480302,-0.8558646201069348,New / Low-Value
15722,36,5,2211.21,India,0,0.29055749171450357,-0.49183516513746994,New / Low-Value
15723,365,1,190.7,India,1,-1.4551191748107322,2.325930374107491,At Risk / Lost
15724,201,2,218.25,India,1,-0.7410081149100145,0.8601960048680503,At Risk / Lost
15725,15,1,415.25,India,0,-0.10665138750151623,-0.8312448805723668,New / Low-Value
15727,17,7,5159.06,India,0,0.7456353340595746,-0.49678176033136884,New / Low-Value
15729,213,1,85.0,India,1,-0.8837893162084733,0.9456633257393738,At Risk / Lost
15730,66,3,1120.88,India,0,-0.07578288863169917,-0.30370121441113507,New / Low-Value
15732,212,2,294.12,India,1,-0.7775570486180757,0.9631557255393581,At Risk / Lost
15733,283,1,162.3,India,1,-1.144889013810443,1.5826014885415247,At Risk / Lost
15734,115,2,1339.45,India,0,-0.3347069884418336,0.13243600293096694,New / Low-Value
15737,15,8,1188.1200000000001,India,0,0.5617316308036151,-0.6765667013431852,New / Low-Value
15738,19,16,4812.42,India,3,1.5031170468250943,-0.3401660455488863,Loyal Customers
15739,66,1,449.12,India,0,-0.29845976039882144,-0.36820079174492937,New / Low-Value
15740,49,1,154.88,India,0,-0.25442080202191303,-0.5352900495885522,New / Low-Value
15743,16,4,775.96,India,0,0.17806387426193943,-0.7545773583350247,New / Low-Value
15744,78,1,34.8,India,0,-0.3732867156553773,-0.2782649183235514,New / Low-Value
15745,19,4,1094.59,India,0,0.1890471245766544,-0.7130812889976035,New / Low-Value
15746,134,1,196.88,India,0,-0.5751175537438777,0.23579941548142783,New / Low-Value
15747,13,3,946.64,India,0,0.1137699044352295,-0.7911649405775186,New / Low-Value
15748,40,1,144.36,India,0,-0.22089172720933822,-0.617208280799163,New / Low-Value
15749,235,3,44534.3,India,3,2.3335747423514714,3.1805505356568236,Loyal Customers
15750,3,8,2463.05,India,0,0.6970770520940951,-0.7277493376877886,New / Low-Value
15752,40,7,2626.6,India,0,0.47997571650350557,-0.4026823569392488,New / Low-Value
15753,305,1,79.2,India,1,-1.2345009312183233,1.7779460932042164,At Risk / Lost
15754,51,3,458.57,India,0,-0.06524207030948208,-0.4692658696694346,New / Low-Value
15755,10,6,2364.25,India,0,0.4880374277224616,-0.7031028123481058,New / Low-Value
15756,61,4,528.01,India,0,-0.010716305306908017,-0.35851995787791435,New / Low-Value
15757,66,2,714.42,India,0,-0.1920845405279424,-0.3391292179173656,New / Low-Value
15758,25,1,205.25,India,0,-0.1594951732626991,-0.7502072662954061,New / Low-Value
15759,218,3,253.04,India,1,-0.7155724995290353,1.0327273630773466,At Risk / Lost
15762,65,2,583.75,India,0,-0.19746566170591165,-0.35406267394242213,New / Low-Value
15763,32,2,1086.92,India,0,-0.0364300960911097,-0.6300348390692948,New / Low-Value
15764,88,6,3279.97,India,0,0.255434589574503,0.04398449796235142,New / Low-Value
15766,64,1,315.06,India,0,-0.30027161831024046,-0.3923362900128044,New / Low-Value
15768,116,3,621.8299999999999,India,0,-0.3012587760351315,0.12629611548501363,New / Low-Value
15769,7,26,56252.72,India,3,6.043304998143112,2.0388473537170966,Loyal Customers
15773,6,1,635.6800000000001,India,0,-0.056881809173371364,-0.9027634416619226,New / Low-Value
15774,69,1,270.8,India,0,-0.32242224821817245,-0.34908236287799205,New / Low-Value
15775,245,1,104.9,India,1,-1.0042347245069005,1.236139923323279,At Risk / Lost
15776,133,1,241.62,India,0,-0.5681637681382741,0.22876466539243645,New / Low-Value
15777,241,4,1047.11,India,1,-0.659589884540623,1.2937454161345578,At Risk / Lost
15780,184,3,475.28000000000003,India,1,-0.5704844030387259,0.7350555395769014,At Risk / Lost
15781,25,3,345.46,India,0,0.025802873461334797,-0.7096433661767958,New / Low-Value
15782,10,3,2614.7400000000002,India,0,0.24249436379571904,-0.7431986300941843,New / Low-Value
15783,11,1,246.3,India,0,-0.10330142619233827,-0.8750502556060384,New / Low-Value
15785,33,5,2328.9700000000003,India,0,0.3102613742387564,-0.5136806086072696,New / Low-Value
15786,46,3,4919.0,India,0,0.26745553691109314,-0.31365982192440667,New / Low-Value
15787,26,3,933.26,India,0,0.0633295732150673,-0.6741253628365722,New / Low-Value
15789,358,1,351.3,India,1,-1.4171721669177104,2.2698164516202057,At Risk / Lost
15790,10,1,218.75,India,0,-0.10143110453624996,-0.885340221772324,New / Low-Value
15791,44,2,1612.69,India,0,-0.04514951746607972,-0.49776674705470414,New / Low-Value
15793,15,3,965.61,India,0,0.10748858395475867,-0.7722119408341389,New / Low-Value
15795,150,1,610.01,India,1,-0.6069884665641996,0.399192895045872,At Risk / Lost
15796,1,8,2708.61,India,0,0.7219602361596437,-0.7347905611284072,New / Low-Value
15797,113,4,2207.4,India,0,-0.09061865228252777,0.18767122751530307,New / Low-Value
15799,76,3,884.14,India,0,-0.13050704271505723,-0.22386770136403802,New / Low-Value
15800,107,2,696.89,India,0,-0.34943088830043634,0.031106424116792687,New / Low-Value
15801,46,3,1063.95,India,0,-0.003633240216849292,-0.48725258356187273,New / Low-Value
15802,143,1,451.42,India,1,-0.5914870370090639,0.3287058584389094,At Risk / Lost
15803,51,1,415.82000000000005,India,0,-0.24368668783833322,-0.505441149523927,New / Low-Value
15804,1,13,4206.39,India,0,1.2658808189180086,-0.5817199598046857,New / Low-Value
15805,23,17,5488.18,India,3,1.6231253926526334,-0.25641391014971643,Loyal Customers
15806,46,3,784.58,India,0,-0.023278658996432774,-0.49983260452623346,New / Low-Value
15807,50,3,903.9,India,0,-0.030118623291008968,-0.45826206659196844,New / Low-Value
15808,306,4,3651.27,India,1,-0.7239614504907584,1.9992210397323185,At Risk / Lost
15809,36,5,515.77,India,0,0.17133342035517007,-0.5681807668263261,New / Low-Value
15810,79,4,1391.98,India,0,-0.01849925411638555,-0.15672638813848191,New / Low-Value
15811,22,6,2218.62,India,0,0.43210486904351353,-0.601067837974893,New / Low-Value
15812,107,5,1801.14,India,0,-0.008621923820832222,0.13220613491244027,New / Low-Value
15813,208,2,1303.9099999999999,India,1,-0.6913175825938381,0.9724289699405958,At Risk / Lost
15814,17,4,1945.33,India,0,0.25648682701220826,-0.6928712789943599,New / Low-Value
15815,64,5,2100.6,India,0,0.17616516208891977,-0.24343299078185276,New / Low-Value
15819,49,4,1905.45,India,0,0.13183766335478236,-0.4050865726416156,New / Low-Value
15820,320,1,206.98,India,1,-1.2826301294677007,1.9194408819554478,At Risk / Lost
15821,44,2,570.96,India,0,-0.11840441994399609,-0.544675811160383,New / Low-Value
15822,3,2,885.47,India,0,0.059825689396170445,-0.9015384545690773,New / Low-Value
15823,372,1,15.0,India,1,-1.4941280212102928,2.3813643441426087,At Risk / Lost
15825,172,1,532.94,India,1,-0.6961763517737735,0.5948090303897933,At Risk / Lost
15826,56,3,1654.31,India,0,-0.0001953659056285084,-0.37017478752224686,New / Low-Value
15827,73,14,1836.0900000000001,India,0,0.9127687451529495,-0.019773230418412543,New / Low-Value
15829,99,2,636.14,India,0,-0.32324165825908746,-0.044024271505647514,New / Low-Value
15830,38,1,576.0,India,0,-0.1829233173625499,-0.6158703285908278,New / Low-Value
15831,58,3,794.64,India,0,-0.06826302978908899,-0.39078691510150715,New / Low-Value
15832,254,1,836.79,India,1,-0.987036750083594,1.350541419462339,At Risk / Lost
15834,70,4,2225.15,India,0,0.0743584650393427,-0.20065328925845466,New / Low-Value
15835,44,4,954.09,India,0,0.0839758658534402,-0.4931732322549935,New / Low-Value
15836,50,1,137.37,India,0,-0.25945976229420215,-0.5270291335874746,New / Low-Value
15837,65,1,391.98,India,0,-0.2986702202929636,-0.37982319453767943,New / Low-Value
15838,11,19,33643.08,India,3,3.824120305938848,0.9370577762966426,Loyal Customers
15839,33,3,1048.49,India,0,0.04477904977625495,-0.6055908254564939,New / Low-Value
15840,59,2,355.56,India,0,-0.19066618366846902,-0.41863440535846413,New / Low-Value
15841,73,4,1224.06,India,0,-0.007461563708804814,-0.21858416364114006,New / Low-Value
15843,304,1,118.95000000000002,India,1,-1.2278980445628938,1.7706866435962638,At Risk / Lost
15844,46,1,130.73999999999998,India,0,-0.24469538864188795,-0.5635252449101714,New / Low-Value
15845,18,8,3711.77,India,0,0.7277728376539537,-0.5357786614046447,New / Low-Value
15847,38,2,389.27,India,0,-0.10833504186986152,-0.6071536492634608,New / Low-Value
15850,19,2,234.88,India,0,-0.04684647217748409,-0.7860442480125074,New / Low-Value
15852,187,2,160.71,India,1,-0.6917472591217495,0.730913511434297,At Risk / Lost
15853,52,1,110.8,India,0,-0.26894347519770423,-0.510126798391888,New / Low-Value
15854,4,12,2969.12,India,0,1.0797333012466912,-0.6274111354714185,New / Low-Value
15855,137,5,712.24,India,0,-0.19942332684283137,0.35465472739237136,New / Low-Value
15856,4,27,16143.64,India,3,3.321959367812743,0.22271388894356334,Loyal Customers
15857,19,1,297.0,India,0,-0.13019737656419797,-0.8003721111189809,New / Low-Value
15858,16,5,1427.57,India,0,0.31160457979248446,-0.70811025922292,New / Low-Value
15860,41,8,965.16,India,0,0.44705409982137756,-0.4513224247430893,New / Low-Value
15861,12,8,3146.92,India,0,0.7108982394257466,-0.6155101804065466,New / Low-Value
15862,8,4,832.88,India,0,0.21252770940689136,-0.8244093781265728,New / Low-Value
15863,26,2,68.84,India,0,-0.08517602321458342,-0.7301752885278572,New / Low-Value
15864,22,6,1936.3200000000002,India,0,0.412253411401403,-0.6137797967329524,New / Low-Value
15865,41,3,895.13,India,0,0.003533512275634846,-0.5401014953660696,New / Low-Value
15866,101,1,211.89,India,0,-0.4484096096755606,-0.062154576734833045,New / Low-Value
15867,5,15,3810.14,India,3,1.3982241691740933,-0.5291152713598875,Loyal Customers
15869,277,2,149.64,India,1,-1.0352141637478454,1.544860189658719,At Risk / Lost
15870,33,1,351.44,India,0,-0.17967622568824237,-0.6712292105727583,New / Low-Value
15872,15,2,316.25,India,0,-0.025893900606269005,-0.8185777225278743,New / Low-Value
15874,64,7,4405.88,India,0,0.5137118641342581,-0.10537606711272336,New / Low-Value
15877,2,2,490.33,India,0,0.035846923858977066,-0.9283809850990716,New / Low-Value
15880,369,1,329.03000000000003,India,1,-1.4606223477139642,2.3683569316520665,At Risk / Lost
15881,312,5,501.39000000000004,India,1,-0.880589056973072,1.928803526058635,At Risk / Lost
15882,199,4,516.36,India,1,-0.5369911730928278,0.8897713549263766,At Risk / Lost
15883,2,2,396.48,India,0,0.02924735141933105,-0.9326070471941615,New / Low-Value
15885,93,3,379.35,India,0,-0.23073413499127696,-0.09275873543133309,New / Low-Value
15886,60,1,181.09,India,0,-0.29446184832829947,-0.4345665169155624,New / Low-Value
15888,81,1,168.31,India,0,-0.3753211835082411,-0.24510479586991324,New / Low-Value
15889,157,2,420.07,India,1,-0.5592794663457169,0.47111076285036085,At Risk / Lost
15891,227,1,511.68,India,1,-0.907092088135567,1.0915681799806016,At Risk / Lost
15894,253,2,258.25,India,1,-0.9361930730932132,1.332565518038898,At Risk / Lost
15895,150,1,179.17,India,1,-0.6372853210116913,0.3797921854768947,At Risk / Lost
15897,194,2,208.59,India,1,-0.7150338635814479,0.7964152807578561,At Risk / Lost
15898,1,5,1383.83,India,0,0.3656435070544122,-0.8458207298231508,New / Low-Value
15899,369,1,56.25,India,1,-1.479804354853939,2.356073658148618,At Risk / Lost
15900,24,1,337.28,India,0,-0.14640311724413124,-0.7533113508513086,New / Low-Value
15901,17,3,351.73,India,0,0.05670497878137383,-0.7817561536307447,New / Low-Value
15903,10,7,5126.76,India,0,0.7700175308326421,-0.5615819628201758,New / Low-Value
15904,8,1,164.68,India,0,-0.09761803118024984,-0.9058737732422636,New / Low-Value
15906,20,7,1567.69,India,0,0.481665699568579,-0.6313528491378089,New / Low-Value
15907,4,3,882.72,India,0,0.14354386823792584,-0.875487771850759,New / Low-Value
15909,174,1,191.94,India,1,-0.7277709177640936,0.5975525940930078,At Risk / Lost
15910,1,8,1228.88,India,0,0.617904984949016,-0.8014227493432962,New / Low-Value
15912,178,2,264.62,India,1,-0.6501714174016767,0.6541480589721267,At Risk / Lost
15916,16,8,1502.8600000000001,India,0,0.5800566336967218,-0.6533445798962514,New / Low-Value
15917,248,1,123.1,India,1,-1.0143778412464513,1.2641076406604033,At Risk / Lost
15918,191,2,334.23,India,1,-0.69477585606173,0.7749246734021674,At Risk / Lost
15919,20,2,525.69,India,0,-0.030204237195733195,-0.7638996935973849,New / Low-Value
15920,154,4,167.5,India,1,-0.390178929887381,0.4668396218217374,At Risk / Lost
15921,173,1,323.03000000000003,India,1,-0.7147449629505687,0.5944061813712088,At Risk / Lost
15922,373,1,369.5,India,1,-1.4730070779847373,2.4063768569470367,At Risk / Lost
15923,373,1,127.08,India,1,-1.4900541568426915,2.3954606931421174,At Risk / Lost
15925,194,1,207.15,India,1,-0.8028543345559498,0.7792253131573611,At Risk / Lost
15930,67,1,426.63,India,0,-0.3038489164169757,-0.36016412496317557,New / Low-Value
15932,4,8,2495.87,India,0,0.6955773191088318,-0.7172220636127006,New / Low-Value
15933,21,3,1107.46,India,0,0.09461763991370357,-0.7115280964856523,New / Low-Value
15935,239,2,416.86,India,1,-0.871732456166648,1.2130162512631486,At Risk / Lost
15937,64,1,145.35,India,0,-0.3122056986377027,-0.3999783251556675,New / Low-Value
15938,112,5,404.58,India,0,-0.12586687243023795,0.1145660421091596,New / Low-Value
15939,90,15,6115.01,India,3,1.2366534109151206,0.34387114771239424,Loyal Customers
15940,311,1,35.8,India,1,-1.2603987350829737,1.8302881367736366,At Risk / Lost
15942,134,1,337.44,India,0,-0.5652333139770515,0.2421288271818629,New / Low-Value
15944,277,1,325.1,India,1,-1.1105949504967385,1.5356360226402317,At Risk / Lost
15945,365,1,181.0,India,1,-1.4558012829904292,2.32549358345941,At Risk / Lost
15947,83,1,1708.24,India,0,-0.2746479414122174,-0.15766302250748312,New / Low-Value
15948,8,2,955.24,India,0,0.04569369822337796,-0.8531497606713124,New / Low-Value
15949,17,2,364.72,India,0,-0.03010076837529005,-0.7982963388547648,New / Low-Value
15950,32,4,1744.71,India,0,0.18526439925638707,-0.5661643303286642,New / Low-Value
15951,9,2,708.22,India,0,0.02451549585600985,-0.8552236716435334,New / Low-Value
15952,34,4,781.91,India,0,0.1099445893345601,-0.591420398066333,New / Low-Value
15953,15,8,1657.28,India,0,0.5947231641630646,-0.6554404435644706,New / Low-Value
15955,24,14,4416.26,India,0,1.280782238176627,-0.3470084115524985,New / Low-Value
15957,32,1,428.89,India,0,-0.17042225878801093,-0.6767910305484798,New / Low-Value
15958,74,1,104.35,India,0,-0.35316533157736,-0.3113306470100847,New / Low-Value
15963,20,2,470.76,India,0,-0.03406693846488349,-0.7663731895045056,New / Low-Value
15965,17,4,808.87,India,0,0.17657047011545687,-0.7440460315632019,New / Low-Value
15967,23,2,397.68,India,0,-0.05062890413667609,-0.7425158072557116,New / Low-Value
15969,3,3,666.1,India,0,0.13211870602439377,-0.8942915532575202,New / Low-Value
15970,304,1,314.1,India,1,-1.214175012473422,1.7794742410161548,At Risk / Lost
15971,18,12,4199.85,India,0,1.11297167178201,-0.44529993890140007,New / Low-Value
15973,367,1,307.82000000000005,India,1,-1.4544985449987018,2.349303064789954,At Risk / Lost
15974,39,7,3442.15,India,0,0.5411331934485184,-0.37500756069349095,New / Low-Value
15975,84,1,371.01,India,0,-0.372490180747369,-0.20882905022651202,New / Low-Value
15976,165,2,427.64,India,1,-0.589208336902147,0.5438467650021898,At Risk / Lost
15977,17,2,1054.73,India,0,0.01842103214767375,-0.7672252135885639,New / Low-Value
15978,77,1,1098.78,India,0,-0.2946595340627219,-0.23940332819091895,New / Low-Value
15980,89,3,2398.86,India,0,-0.0734907234821232,-0.03801783606308285,New / Low-Value
15981,25,8,3408.48,India,0,0.679791807476296,-0.4860900644405175,New / Low-Value
15983,22,4,1465.12,India,0,0.20368000525490304,-0.6692481645431322,New / Low-Value
15984,3,10,2780.63,India,0,0.8948478336462591,-0.6791984729042226,New / Low-Value
15985,123,2,1142.42,India,0,-0.3790234191597083,0.1959588745057538,New / Low-Value
15986,30,1,168.12,India,0,-0.18114441849833826,-0.7066322755192727,New / Low-Value
15987,12,7,1432.77,India,0,0.5026392632503269,-0.7098234171693362,New / Low-Value
15988,19,1,156.78,India,0,-0.1400577073845194,-0.8066862126317512,New / Low-Value
15990,44,2,792.11,India,0,-0.10285305665121271,-0.5347174346837807,New / Low-Value
15992,4,1,41.989999999999995,India,0,-0.09101504673779516,-0.9475960621542638,New / Low-Value
15993,9,7,2777.67,India,0,0.6086361593450349,-0.6764107909601952,New / Low-Value
15994,55,1,414.27,India,0,-0.25902628261538163,-0.46931338330445704,New / Low-Value
15996,88,6,1032.58,India,0,0.09739715638179043,-0.057215392201569897,New / Low-Value
15998,37,5,3080.22,India,0,0.3478589998406693,-0.4436542856996414,New / Low-Value
16000,3,3,12393.7,India,0,0.956808591407374,-0.3661981507388636,New / Low-Value
16003,30,5,2735.37,India,0,0.3502625459370041,-0.5225286033490274,New / Low-Value
16005,12,4,578.71,India,0,0.17942376737674348,-0.7996570813419627,New / Low-Value
16006,211,1,101.4,India,1,-0.8750207620871897,0.9283030358127584,At Risk / Lost
16007,48,4,1693.81,India,0,0.12076269688711534,-0.42366610482905287,New / Low-Value
16008,24,3,478.78,India,0,0.0389856428357593,-0.7126893620795,New / Low-Value
16009,22,4,972.11,India,0,0.1690113296185697,-0.6914483869565606,New / Low-Value
16010,246,3,392.4,India,1,-0.8123868310433958,1.2923856774639666,At Risk / Lost
16011,8,16,3352.96,India,3,1.442371335548927,-0.5054287737230754,Loyal Customers
16012,35,3,1415.29,India,0,0.06295728477454894,-0.5709750534325058,New / Low-Value
16013,4,47,37130.6,India,3,6.552155629302691,1.5102584253842397,Loyal Customers
16014,38,3,646.83,India,0,-0.0025041021341221997,-0.5784306073550873,New / Low-Value
16015,4,3,704.55,India,0,0.1310148770650784,-0.8835107604866904,New / Low-Value
16016,3,8,1465.51,India,0,0.6269296094574995,-0.7726685276966959,New / Low-Value
16017,47,1,211.88,India,0,-0.24279723840622738,-0.5508221229881495,New / Low-Value
16018,39,2,408.90000000000003,India,0,-0.11076230133865092,-0.5972203204098351,New / Low-Value
16019,47,9,3786.2400000000002,India,0,0.710306973405434,-0.2528678262452458,New / Low-Value
16020,17,3,851.01,India,0,0.09181456351942886,-0.759273593344794,New / Low-Value
16022,260,1,602.63,India,1,-1.0263488793460802,1.3942935471525975,At Risk / Lost
16023,46,3,719.81,India,0,-0.027833313305605647,-0.5027491952763556,New / Low-Value
16024,12,1,251.03,India,0,-0.10677646008148703,-0.8657878732118357,New / Low-Value
16025,30,1,439.65999999999997,India,0,-0.16204960869267518,-0.6944048391708368,New / Low-Value
16026,43,1,236.09,India,0,-0.225864182665062,-0.585929510229732,New / Low-Value
16027,92,6,934.62,India,0,0.07527796886200071,-0.02542896478431205,New / Low-Value
16029,39,63,80850.84,India,2,10.896821364414542,4.06970991094609,Champions (VIP)
16030,310,1,331.24,India,1,-1.2358156174515922,1.8345423985891636,At Risk / Lost
16031,92,2,547.9,India,0,-0.3027931863903759,-0.11134345016493222,New / Low-Value
16033,6,20,8778.82,India,3,2.182412286004182,-0.21070077829579745,Loyal Customers
16034,196,3,437.7,India,1,-0.6188188391592963,0.8419560015300231,At Risk / Lost
16036,87,2,758.92,India,0,-0.2689159214261267,-0.14708818054985445,New / Low-Value
16037,270,3,855.02,India,1,-0.8712387819569624,1.5304028152593676,At Risk / Lost
16038,8,3,471.78000000000003,India,0,0.09941579225611787,-0.8577948224784796,New / Low-Value
16040,65,3,1313.55,India,0,-0.05842660168356137,-0.30407468196707743,New / Low-Value
16041,31,3,3166.4,India,0,0.20132669263105496,-0.5283201963266116,New / Low-Value
16042,22,5,1177.47,India,0,0.27117154286150646,-0.6650759091543531,New / Low-Value
16043,38,4,773.99,India,0,0.09415705341270036,-0.555579472715757,New / Low-Value
16045,120,4,1340.7,India,0,-0.17821891643163973,0.211989492620138,New / Low-Value
16048,373,2,256.44,India,1,-1.3932382963478964,2.4184108937016306,At Risk / Lost
16049,40,3,1074.81,India,0,0.019976336826425817,-0.5410599021507304,New / Low-Value
16050,174,1,137.9,India,1,-0.731571033849746,0.5951191748535974,At Risk / Lost
16052,54,1,362.06,India,0,-0.25889006278520355,-0.4807137883760692,New / Low-Value
16053,33,2,1511.95,India,0,-0.010349452874416975,-0.6018463629237198,New / Low-Value
16054,145,1,783.9,India,1,-0.5757221991991412,0.3617762021080389,At Risk / Lost
16055,221,1,134.8,India,1,-0.9107485549681401,1.020300943259084,At Risk / Lost
16056,45,1,650.75,India,0,-0.2043204118440567,-0.5491586041421211,New / Low-Value
16057,16,7,2263.12,India,0,0.5457992349361611,-0.6362352241314829,New / Low-Value
16059,66,6,1453.16,India,0,0.21074081280865573,-0.23736328470815155,New / Low-Value
16062,10,4,1153.62,India,0,0.22746698535808785,-0.791867686231512,New / Low-Value
16063,260,1,335.32,India,1,-1.0451462337290507,1.3822565875506958,At Risk / Lost
16065,365,1,367.14,India,1,-1.442711837983336,2.333875460906187,At Risk / Lost
16066,17,5,1521.04,India,0,0.3143697809411001,-0.6948519178482347,New / Low-Value
16070,22,2,852.15,India,0,-0.014862728379808057,-0.7311004303098477,New / Low-Value
16071,45,1,326.24,India,0,-0.22714009487431275,-0.5637712776687872,New / Low-Value
16072,288,1,584.3199999999999,India,1,-1.1342506331999078,1.646851987159539,At Risk / Lost
16073,297,1,122.39999999999999,India,1,-1.2010018923852728,1.7074962623104348,At Risk / Lost
16076,3,10,2234.73,India,0,0.8564599104198044,-0.7037803300987837,New / Low-Value
16078,284,1,79.2,India,1,-1.1545402911452403,1.58790888922223,At Risk / Lost
16079,17,3,1352.0,India,0,0.12704439619431712,-0.7367140318208828,New / Low-Value
16080,82,2,217.16,India,0,-0.287974470432221,-0.21673056702366053,New / Low-Value
16081,56,5,2799.42,India,0,0.2557676818264,-0.2843602768617526,New / Low-Value
16083,101,2,1317.62,India,0,-0.282934990066251,0.004761529501642514,New / Low-Value
16084,299,1,436.18,India,1,-1.1865520466331165,1.7397245456580066,At Risk / Lost
16085,23,5,981.51,India,0,0.2535839016957188,-0.6648505901790484,New / Low-Value
16086,59,5,1121.39,India,0,0.12634494058710727,-0.3327737348848231,New / Low-Value
16091,155,2,315.06,India,1,-0.5590485157395897,0.4482833850285419,At Risk / Lost
16092,115,3,817.86,India,0,-0.2836662124391811,0.12607394860716925,New / Low-Value
16093,107,1,17.0,India,0,-0.4849602556167372,-0.016634122369303866,New / Low-Value
16094,12,4,1078.23,India,0,0.21455022901821372,-0.7771637138647193,New / Low-Value
16096,264,1,320.62,India,1,-1.0614105421723894,1.4177922097472522,At Risk / Lost
16097,240,1,185.04999999999998,India,1,-0.9795602943340895,1.1945021215863652,At Risk / Lost
16098,88,7,2005.63,India,0,0.253541661219739,0.0037261384485814974,New / Low-Value
16099,50,3,731.9,India,0,-0.042213737405224376,-0.4660072203517496,New / Low-Value
16101,71,1,1290.7,India,0,-0.2583177398013082,-0.2850575215486955,New / Low-Value
16102,42,3,1842.14,India,0,0.06632001401173546,-0.48840827875810783,New / Low-Value
16103,7,6,1429.64,India,0,0.43373819838405814,-0.7723364387375615,New / Low-Value
16104,62,1,298.21,India,0,-0.2938412185162689,-0.41119382623309836,New / Low-Value
16105,249,1,336.96,India,1,-1.003146763422194,1.2827871393672985,At Risk / Lost
16106,66,1,108.38,India,0,-0.32242074402252935,-0.3835443015827655,New / Low-Value
16107,18,7,3204.1600000000003,India,0,0.6043582741725193,-0.5757614457411185,New / Low-Value
16108,85,1,842.5,India,0,-0.3431424503112202,-0.17854848196652176,New / Low-Value
16109,219,2,611.88,India,1,-0.7818655751873994,1.0408101814715789,At Risk / Lost
16110,45,3,1320.95,India,0,0.01824676005086689,-0.48472927355172957,New / Low-Value
16112,143,4,195.73999999999998,India,0,-0.3463089361186747,0.368567970673283,New / Low-Value
16113,183,1,161.38,India,1,-0.7641887558779009,0.6776209943940149,At Risk / Lost
16114,171,1,135.75000000000003,India,1,-0.7202992741943047,0.5678741884341736,At Risk / Lost
16115,10,8,1660.8799999999999,India,0,0.6140145653507407,-0.7005252890241243,New / Low-Value
16116,212,1,612.78,India,1,-0.8428679496625755,0.9603798493255258,At Risk / Lost
16117,190,1,232.21,India,1,-0.7858615064485224,0.7441562013849404,At Risk / Lost
16119,8,2,423.36,India,0,0.008291667438093732,-0.8771002977745239,New / Low-Value
16120,59,4,1309.14,India,0,0.05182839193393341,-0.34144448364919594,New / Low-Value
16121,57,2,854.66,India,0,-0.14795395755339605,-0.41425873179760075,New / Low-Value
16122,73,4,684.4200000000001,India,0,-0.045409281037846666,-0.24288413326281608,New / Low-Value
16123,52,1,307.78,India,0,-0.2550917567196917,-0.5012567961383899,New / Low-Value
16124,317,1,249.0,India,1,-1.2682523163795563,1.8941848690335208,At Risk / Lost
16125,367,1,289.35,India,1,-1.455797363357362,2.348471361360052,At Risk / Lost
16126,29,4,6287.77,India,0,0.5161572846273692,-0.3887386753498633,New / Low-Value
16127,39,1,656.25,India,0,-0.18108775231038735,-0.6032072833365163,New / Low-Value
16128,18,5,1880.22,India,0,0.33581982378325165,-0.6696286648135992,New / Low-Value
16131,52,6,3506.54,India,0,0.408442472585174,-0.2715911271268053,New / Low-Value
16133,4,33,14589.04,India,3,3.738954483264951,0.2554610540614149,Loyal Customers
16134,22,2,618.09,India,0,-0.03132192843546654,-0.7416401436180707,New / Low-Value
16135,263,1,517.55,India,1,-1.043754690188632,1.4176105698367556,At Risk / Lost
16136,60,3,709.38,India,0,-0.08187384878191255,-0.3765273884766274,New / Low-Value
16139,19,3,635.41,India,0,0.06903817956354229,-0.7508832721911344,New / Low-Value
16140,66,2,725.18,India,0,-0.191327892691495,-0.3386446955077421,New / Low-Value
16141,88,1,620.4,India,0,-0.3701835665952244,-0.16140146491123109,New / Low-Value
16142,250,1,535.34,India,1,-0.9930042458682158,1.3007695742358127,At Risk / Lost
16143,3,6,2424.94,India,0,0.5189587213646041,-0.7637156785106219,New / Low-Value
16144,247,1,175.2,India,1,-1.0069064972694488,1.2574043111043889,At Risk / Lost
16145,9,11,3799.4900000000002,India,0,1.0313678202598429,-0.5618977756212206,New / Low-Value
16146,157,3,734.13,India,1,-0.4494754222643196,0.5023779977088951,At Risk / Lost
16147,134,1,375.0,India,0,-0.5625920785925751,0.24382015261917325,New / Low-Value
16148,296,1,76.32000000000001,India,1,-1.2004346083136983,1.696371890916424,At Risk / Lost
16149,5,2,280.52,India,0,0.009670045670692184,-0.9106805497896664,New / Low-Value
16150,43,5,2053.02,India,0,0.2527799560599426,-0.43561272043762045,New / Low-Value
16152,269,1,1829.04,India,1,-0.9743760454357866,1.5309632609503026,At Risk / Lost
16153,50,5,1824.23,India,0,0.2100377979840815,-0.38256939117637884,New / Low-Value
16156,9,9,3092.04,India,0,0.806181212314021,-0.6280044723601694,New / Low-Value
16157,16,3,656.69,India,0,0.081957546914891,-0.7770732065606067,New / Low-Value
16159,282,1,348.2,India,1,-1.1280087961794751,1.5819231681312,At Risk / Lost
16160,65,2,1025.44,India,0,-0.16640583058319186,-0.33417338926708656,New / Low-Value
16161,2,19,5533.67,India,3,1.8817233282352246,-0.41015245217661844,Loyal Customers
16162,252,1,37.4,India,1,-1.0356349002834488,1.2964461354328642,At Risk / Lost
16163,232,2,856.6,India,1,-0.8141562031931489,1.1694719928485686,At Risk / Lost
16164,17,3,822.48,India,0,0.08980832162594883,-0.7605582982097159,New / Low-Value
16168,11,27,3787.6,India,3,2.4264237641460746,-0.2703324093144127,Loyal Customers
16169,8,4,1822.97,India,0,0.2821512648333072,-0.779825661347377,New / Low-Value
16170,51,6,1885.05,India,0,0.29822624661793384,-0.3536561536644018,New / Low-Value
16171,59,1,73.2,India,0,-0.2982410700904441,-0.4484741903670852,New / Low-Value
16172,95,5,1140.21,India,0,-0.009407011885846814,-0.006148206998499555,New / Low-Value
16173,16,6,1418.32,India,0,0.3986733253607016,-0.6914016619345883,New / Low-Value
16174,126,3,1009.5500000000001,India,0,-0.312070633840798,0.23424903967648808,New / Low-Value
16175,94,4,1037.59,India,0,-0.10053485453117711,-0.03694369699395825,New / Low-Value
16177,50,1,331.95,India,0,-0.2457768128503415,-0.5182672032469037,New / Low-Value
16178,138,1,197.9,India,0,-0.5902764250135218,0.2720429087076574,New / Low-Value
16179,61,1,215.83,India,0,-0.2958265660862412,-0.4239527853101327,New / Low-Value
16180,100,8,10254.18,India,0,0.8756106667184335,0.5008758581308084,New / Low-Value
16181,73,1,305.54,India,0,-0.33520991455798316,-0.31132045927513563,New / Low-Value
16182,72,4,6617.65,India,0,0.3756256586980841,0.01523960771175914,New / Low-Value
16183,67,1,338.71000000000004,India,0,-0.3100314887014049,-0.3641231593734079,New / Low-Value
16184,64,6,1158.79,India,0,0.19765588662020253,-0.26871753645992497,New / Low-Value
16185,17,2,529.41,India,0,-0.01851969661092881,-0.7908803541297744,New / Low-Value
16186,23,12,4006.94,India,0,1.0803679098212982,-0.4087397158735148,New / Low-Value
16187,32,15,6911.4400000000005,India,3,1.5135023842769018,-0.14513029689927362,Loyal Customers
16188,45,4,981.86,India,0,0.08212101469214915,-0.4828733594966897,New / Low-Value
16189,16,2,215.48,India,0,-0.03678773995500913,-0.8140660013060954,New / Low-Value
16190,40,1,215.08,India,0,-0.21591866633633058,-0.6140237617649088,New / Low-Value
16191,3,13,5180.52,India,0,1.3267667612127356,-0.5197561399148379,New / Low-Value
16193,237,1,314.45,India,1,-0.9590378819942004,1.1731808268942623,At Risk / Lost
16198,75,1,400.68100000000004,India,0,-0.33613485749662897,-0.28893748216526594,New / Low-Value
16200,4,2,1068.8700000000001,India,0,0.06891480689531743,-0.8842305685570833,New / Low-Value
16201,3,4,1863.47,India,0,0.30403748992106794,-0.8232489011457752,New / Low-Value
16202,361,1,365.27,India,1,-1.427612739079954,2.297593692210796,At Risk / Lost
16203,59,4,592.9,India,0,0.0014620865085517697,-0.3736967448637635,New / Low-Value
16204,23,1,384.18,India,0,-0.13929743950779094,-0.7602488362186656,New / Low-Value
16205,31,4,757.63,India,0,0.11966015785425964,-0.6196618975828728,New / Low-Value
16206,55,4,537.0600000000001,India,0,0.01276599175644425,-0.41240878070110465,New / Low-Value
16207,25,1,394.38,India,0,-0.1461954701672249,-0.7416907492571073,New / Low-Value
16208,45,2,664.26,India,0,-0.11565117326863288,-0.5314251248795301,New / Low-Value
16209,89,5,2262.62,India,0,0.09236724012054534,-0.009902469414771922,New / Low-Value
16210,2,18,21086.3,India,3,2.88767176185662,0.27305678801590166,Loyal Customers
16211,89,1,547.02,India,0,-0.3791513293417066,-0.1556563729831707,New / Low-Value
16212,19,2,690.34,India,0,-0.014818328721318118,-0.7655349007367521,New / Low-Value
16213,79,1,159.0,India,0,-0.3683605676653091,-0.26362280616376105,New / Low-Value
16214,171,3,1062.75,India,1,-0.47967381564513395,0.6438672137077733,At Risk / Lost
16215,81,1,242.35,India,0,-0.37011465880465677,-0.2417707773561098,New / Low-Value
16216,267,1,914.9300000000001,India,1,-1.0310413554680995,1.4717021394829086,At Risk / Lost
16217,235,2,304.25,India,1,-0.8644206417807555,1.1717478643854424,At Risk / Lost
16218,30,7,3084.68,India,0,0.5502645947615173,-0.47254893781663676,New / Low-Value
16221,37,3,860.86,India,0,0.01635422921796698,-0.5778422348859777,New / Low-Value
16222,318,1,773.5500000000001,India,1,-1.235173383880034,1.926854727168476,At Risk / Lost
16224,57,4,1295.3,India,0,0.05847045622490377,-0.3601664796786937,New / Low-Value
16225,45,5,1096.32,India,0,0.17788910076658487,-0.4605941053965991,New / Low-Value
16226,203,3,255.12,India,1,-0.6583114901234254,0.8970801654147503,At Risk / Lost
16227,225,1,314.22,India,1,-0.9133622613658305,1.0645777820129003,At Risk / Lost
16229,87,2,1010.6,India,0,-0.25121767537807016,-0.13575503928089103,New / Low-Value
16230,190,2,542.03,India,1,-0.6763556209941266,0.7752325091973034,At Risk / Lost
16232,44,4,990.88,India,0,0.08656295450612617,-0.4915165798897473,New / Low-Value
16233,71,3,536.6800000000001,India,0,-0.13590233199794194,-0.2847607658871147,New / Low-Value
16235,41,5,867.31,India,0,0.1770156169961129,-0.5071039800512733,New / Low-Value
16236,78,1,432.2,India,0,-0.34534137641706797,-0.26037001074135946,New / Low-Value
16239,57,2,414.2,India,0,-0.178927294546113,-0.4340926296175612,New / Low-Value
16240,24,2,3718.8,India,0,0.17910603579535442,-0.5839165034812734,New / Low-Value
16241,10,13,2590.31,India,0,1.1179685312090224,-0.5730474675804701,New / Low-Value
16242,8,7,3579.86,India,0,0.6688541553332691,-0.649337595029732,New / Low-Value
16243,34,2,409.1,India,0,-0.09170998961602327,-0.6424582677461355,New / Low-Value
16244,212,2,1522.75,India,1,-0.6911592576055846,1.018480889864241,At Risk / Lost
16245,24,3,1413.66,India,0,0.10472680727237384,-0.6705917495972665,New / Low-Value
16247,170,1,114.56,India,1,-0.7179817145977141,0.5578706128371451,At Risk / Lost
16248,62,1,152.94,India,0,-0.3040566675126181,-0.41773532906265304,New / Low-Value
16249,53,5,1800.07,India,0,0.19691590779175058,-0.3565091431024191,New / Low-Value
16250,261,2,389.44,India,1,-0.9574289319822055,1.4108681243057508,At Risk / Lost
16253,67,2,3683.86,India,0,0.012920110266371356,-0.1963660517838566,New / Low-Value
16255,17,8,2619.91,India,0,0.6548004215024805,-0.5939944682573989,New / Low-Value
16256,267,1,752.4300000000001,India,1,-1.042468425488797,1.4643847703784643,At Risk / Lost
16257,177,1,46.95,India,1,-0.749389625621661,0.6181718716507213,At Risk / Lost
16258,45,5,5203.51,India,0,0.46670847134079635,-0.27564748870685857,New / Low-Value
16260,51,1,1035.45,India,0,-0.20011403924187224,-0.4775392331043156,New / Low-Value
16261,17,4,728.54,India,0,0.1709216299015329,-0.747663288548802,New / Low-Value
16265,9,9,5447.0,India,0,0.971783014258281,-0.5219607089989245,New / Low-Value
16266,74,7,861.89,India,0,0.2264204649681157,-0.17446790157746397,New / Low-Value
16268,71,2,667.65,India,0,-0.2144116747174248,-0.2959883159914896,New / Low-Value
16270,353,1,1141.24,India,1,-1.3425849980988012,2.2601404678318677,At Risk / Lost
16271,3,5,1404.64,India,0,0.35949157616679117,-0.8267848749465271,New / Low-Value
16272,117,1,411.7,India,0,-0.49528127681474543,0.09163311096893378,New / Low-Value
16274,373,1,351.75,India,1,-1.474255265633152,2.4055775750910127,At Risk / Lost
16275,197,1,559.87,India,1,-0.7894738607519697,0.8222564539579856,At Risk / Lost
16276,177,1,810.6000000000001,India,1,-0.6956894285674715,0.6525590034452379,At Risk / Lost
16278,100,1,566.38,India,0,-0.41967407059973477,-0.05524129556166048,New / Low-Value
16279,21,3,1502.78,India,0,0.12241671265574797,-0.6937268512279973,New / Low-Value
16281,72,1,2062.06,India,0,-0.20788302175219556,-0.24127381806809153,New / Low-Value
16282,340,1,168.3,India,1,-1.3615031142805745,2.0986869362749485,At Risk / Lost
16283,6,5,1570.81,India,0,0.35975377358701033,-0.7921540738778049,New / Low-Value
16284,31,2,812.68,India,0,-0.05190712153290394,-0.6514332469855827,New / Low-Value
16287,170,1,142.5,India,1,-0.7160169617584631,0.5591287500234724,At Risk / Lost
16292,122,1,302.25,India,0,-0.5220160956128268,0.13195153476886168,New / Low-Value
16293,22,10,2248.9900000000002,India,0,0.7851173387458862,-0.5311997801657729,New / Low-Value
16295,10,4,1328.55,India,0,0.2397681383348303,-0.7839905946780323,New / Low-Value
16297,269,1,301.9,India,1,-1.0817651882752222,1.4621962021554646,At Risk / Lost
16298,23,3,598.2,India,0,0.0511909582207211,-0.7163612744779073,New / Low-Value
16302,127,1,233.22,India,0,-0.5459085625940675,0.17409006970233806,New / Low-Value
16303,26,3,5360.63,India,0,0.37466413935375253,-0.47476105236307176,New / Low-Value
16305,139,1,361.21999999999997,India,0,-0.5825993417667786,0.2884465930481608,New / Low-Value
16306,214,6,632.27,India,1,-0.4105166557489264,1.0649818869137324,At Risk / Lost
16308,38,4,2560.0,India,0,0.21975004619833907,-0.4751555072128114,New / Low-Value
16309,106,2,706.57,India,0,-0.3449425370020675,0.022492923499790127,New / Low-Value
16311,18,2,616.26,India,0,-0.016220016714848656,-0.7779201111149132,New / Low-Value
16313,3,2,274.15000000000003,India,0,0.016837403580460205,-0.9290661719901785,New / Low-Value
16315,331,1,226.37,India,1,-1.3231507611128017,2.019857310275869,At Risk / Lost
16316,64,8,2938.91,India,0,0.49827311117588174,-0.15430854853781095,New / Low-Value
16317,120,3,1341.65,India,0,-0.2658713215762987,0.19490714663293313,New / Low-Value
16318,35,1,328.15,India,0,-0.18892928757840352,-0.6541791770961715,New / Low-Value
16319,218,1,404.40000000000003,India,1,-0.8803672182165473,1.005292849480477,At Risk / Lost
16320,172,2,1038.46,Unspecified,1,-0.5729087579929127,0.6346977021020932,At Risk / Lost
16321,72,5,373.65000000000003,Australia,0,0.02426409773371698,-0.24880236130104447,New / Low-Value
16322,1,2,326.75,India,0,0.028151557300200736,-0.9447963772301422,New / Low-Value
16323,196,1,207.50000000000003,India,1,-0.8104450214597153,0.7973398549762808,At Risk / Lost
16324,128,3,408.59000000000003,India,0,-0.36194569904699875,0.2252866140111404,New / Low-Value
16325,47,3,594.24,India,0,-0.040471099340581525,-0.4993542171548242,New / Low-Value
16326,6,14,3039.2200000000003,India,0,1.2524858835059853,-0.5719055047775756,New / Low-Value
16327,14,6,3820.27,India,0,0.5751947834073722,-0.6013407219097744,New / Low-Value
16330,18,3,251.91,India,0,0.04587794384198542,-0.777201653943432,New / Low-Value
16332,28,7,1582.8,India,0,0.45226704506110926,-0.5582773210595338,New / Low-Value
16333,8,22,26626.8,India,3,3.605313050291544,0.6453421438104721,Loyal Customers
16337,37,1,151.05,India,0,-0.20899833494477096,-0.644055202339305,New / Low-Value
16338,157,1,214.79999999999998,India,1,-0.661433350749873,0.44474233774488814,At Risk / Lost
16339,284,1,94.05,India,1,-1.1534960327464256,1.588577584183467,At Risk / Lost
16340,107,1,534.31,India,0,-0.4485827935096165,0.006660328162512204,New / Low-Value
16341,25,4,1971.87,India,0,0.2278919350298867,-0.619281058430769,New / Low-Value
16342,75,4,322.41,India,0,-0.07848127928130462,-0.2410866490973516,New / Low-Value
16343,16,2,328.58,India,0,-0.028834499220603535,-0.8089731124094022,New / Low-Value
16344,158,1,101.10000000000001,India,1,-0.6732364332701063,0.44867182153577195,At Risk / Lost
16345,44,1,565.46,India,0,-0.20651039186793813,-0.5620486004135796,New / Low-Value
16347,11,2,847.45,India,0,0.026690910395164278,-0.8308553684632277,New / Low-Value
16348,32,7,1415.65,India,0,0.4252823869275837,-0.5296065168320391,New / Low-Value
16349,291,1,53.5,India,1,-1.1830010729103104,1.6500973538152972,At Risk / Lost
16350,21,4,1116.47,India,0,0.18297043655009274,-0.6939972520597997,New / Low-Value
16351,333,1,153.9,India,1,-1.335862181794458,2.034692770136724,At Risk / Lost
16352,18,2,494.44,India,0,-0.024786451606672612,-0.7834056612952419,New / Low-Value
16353,4,23,6675.71,India,3,2.3052936122978425,-0.2721271532676488,Loyal Customers
16354,63,2,395.8,India,0,-0.20306708763834846,-0.38062483695514965,New / Low-Value
16356,198,3,211.77,India,1,-0.6423216331663447,0.8498811631584587,At Risk / Lost
16357,33,3,658.88,India,0,0.017381506694630167,-0.6231349496213097,New / Low-Value
16358,1,4,2027.5,India,0,0.3231874492556167,-0.8339614175284574,New / Low-Value
16359,7,9,1750.92,India,0,0.7194883750845504,-0.7064938386354943,New / Low-Value
16360,5,6,3450.41,India,0,0.5834549145815623,-0.6994400202834068,New / Low-Value
16361,10,4,891.21,India,0,0.20901420108651073,-0.8036839990111874,New / Low-Value
16362,32,5,709.99,India,0,0.20022165255306665,-0.5956326099359298,New / Low-Value
16363,53,1,109.36000000000001,India,0,-0.27285238614548496,-0.5011422508738356,New / Low-Value
16364,12,2,705.79,India,0,0.012921668627062071,-0.8281849224579456,New / Low-Value
16365,18,9,1540.42,India,0,0.6628017795806296,-0.6164293486745847,New / Low-Value
16366,19,1,327.3,India,0,-0.12806666750803095,-0.7990077032182752,New / Low-Value
16367,37,2,800.67,India,0,-0.07559756707171016,-0.5976777128550025,New / Low-Value
16368,2,2,479.91,India,0,0.03511418496903449,-0.9288501973210305,New / Low-Value
16369,18,3,1545.41,India,0,0.13683742120673908,-0.7189553958720548,New / Low-Value
16370,82,4,1301.91,India,0,-0.036255963909111434,-0.13363406497328487,New / Low-Value
16372,33,2,355.73,India,0,-0.0916553414856852,-0.6539109075756624,New / Low-Value
16374,66,2,466.73,India,0,-0.20950220805672157,-0.3502826896310876,New / Low-Value
16376,9,2,974.96,India,0,0.04327276759336926,-0.8432123791209519,New / Low-Value
16377,267,1,676.2,India,1,-1.047828951936045,1.460952136244115,At Risk / Lost
16378,247,3,362.95,India,1,-0.8182654172605904,1.3001089356982316,At Risk / Lost
16379,4,4,2157.4,India,0,0.32089912464721626,-0.8009638532438473,New / Low-Value
16380,61,1,1743.1499999999999,India,0,-0.18842476556924426,-0.3551776211218252,New / Low-Value
16383,75,2,643.76,India,0,-0.23132222792070328,-0.26086651916151676,New / Low-Value
16384,90,2,584.5,India,0,-0.2926041595649809,-0.12779413482441052,New / Low-Value
16385,60,3,554.86,India,0,-0.09273976176405536,-0.3834854184705889,New / Low-Value
16386,29,2,302.57,India,0,-0.08016297748298981,-0.692502263110235,New / Low-Value
16387,323,1,94.36,India,1,-1.301972564977145,1.9415177794387664,At Risk / Lost
16389,53,4,1382.07,India,0,0.07980275812296055,-0.3924567923899745,New / Low-Value
16392,270,1,217.89,India,1,-1.0914804572021353,1.4674626255691852,At Risk / Lost
16393,2,13,3040.96,India,0,1.1801196296108931,-0.6251498397566774,New / Low-Value
16394,57,5,1555.34,India,0,0.1644757906292667,-0.3313317634602954,New / Low-Value
16395,61,5,1482.06,India,0,0.1440921113440051,-0.29843399653843644,New / Low-Value
16398,154,2,1705.8,India,1,-0.4574434301471609,0.5018589661062097,At Risk / Lost
16399,19,2,408.02,India,0,-0.03467119277204658,-0.7782477600940858,New / Low-Value
16400,95,1,303.93,India,0,-0.4190914200520994,-0.112306362868929,New / Low-Value
16401,1,12,4098.32,India,0,1.1705620803970023,-0.6037114724366077,New / Low-Value
16402,265,2,293.45,India,1,-0.979409588253129,1.4427432607515365,At Risk / Lost
16403,312,1,177.5,India,1,-1.2542419795522153,1.845718273298521,At Risk / Lost
16404,70,1,443.05,India,0,-0.3141172035235225,-0.3322765609614721,New / Low-Value
16405,302,2,167.25,India,1,-1.1291670591419978,1.771887933965044,At Risk / Lost
16406,19,1,154.35,India,0,-0.14022858603159816,-0.80679563544359,New / Low-Value
16407,13,10,2079.68,India,0,0.8074802323363898,-0.6202683193154279,New / Low-Value
16409,36,5,2022.98,India,0,0.27732107700683634,-0.5003111552084211,New / Low-Value
16411,19,2,211.7,India,0,-0.04847649976566732,-0.7870880425715291,New / Low-Value
16412,54,1,135.99,India,0,-0.27478740259799816,-0.4908937122741722,New / Low-Value
16413,57,1,262.2,India,0,-0.2773352095964071,-0.45806230855568764,New / Low-Value
16414,22,2,126.25,India,0,-0.06590832916765088,-0.7637876809739472,New / Low-Value
16415,44,1,200.27,India,0,-0.2321907100270679,-0.5784930928643613,New / Low-Value
16416,27,3,1051.4,India,0,0.06782957939390209,-0.659756132256923,New / Low-Value
16418,45,3,631.12,India,0,-0.03026238279453553,-0.515792293424461,New / Low-Value
16419,113,6,958.71,India,0,-0.002988652030783243,0.16569301102368092,New / Low-Value
16422,17,51,34684.4,India,3,6.681515185604702,1.586248704599683,Loyal Customers
16423,25,1,346.12,India,0,-0.14958913416229488,-0.743863895306218,New / Low-Value
16424,191,1,133.56,India,1,-0.7966062664837616,0.7487633861298051,At Risk / Lost
16425,302,1,302.7,India,1,-1.2073613663310638,1.7608621180981332,At Risk / Lost
16426,2,10,1863.76,India,0,0.834180789697382,-0.729534486405674,New / Low-Value
16427,263,2,241.06,India,1,-0.9754783765732226,1.4222853596206457,At Risk / Lost
16429,106,1,284.55,India,0,-0.4623383748030619,-0.013635746241918328,New / Low-Value
16430,57,1,300.85,India,0,-0.2746173249422535,-0.45632190045792287,New / Low-Value
16431,213,3,623.28,India,1,-0.6704988155574294,1.0041523035158681,At Risk / Lost
16432,64,1,287.4,India,0,-0.30221668142884045,-0.3935818188092901,New / Low-Value
16433,28,1,184.26,India,0,-0.1723941476890878,-0.7240042732364551,New / Low-Value
16434,29,7,1511.8,India,0,0.4434666449401609,-0.5524250578178207,New / Low-Value
16438,6,5,798.35,India,0,0.30543405353662173,-0.8269379196526916,New / Low-Value
16440,8,5,3640.67,India,0,0.49769192162806997,-0.6808495718414167,New / Low-Value
16441,67,2,381.2,India,0,-0.21932436403859754,-0.34508471176222105,New / Low-Value
16442,2,3,609.3,India,0,0.13193215507675646,-0.9058986458626055,New / Low-Value
16444,46,4,654.67,India,0,0.055305223379800504,-0.48855732266031565,New / Low-Value
16445,34,1,230.51,India,0,-0.191987724923858,-0.6676252934195678,New / Low-Value
16446,1,2,168472.5,India,2,11.852233150732381,6.626800644884477,Champions (VIP)
16447,136,1,255.91,India,0,-0.5785818377626307,0.25655631557141695,New / Low-Value
16448,198,1,182.99,India,1,-0.8197838742755704,0.8143349518971298,At Risk / Lost
16449,198,2,707.69,India,1,-0.695167534630113,0.8550872983135728,At Risk / Lost
16450,150,1,311.92,India,1,-0.6279502838101675,0.38576991316067927,At Risk / Lost
16451,88,1,266.97,India,0,-0.3950369164870101,-0.17731640498866968,New / Low-Value
16454,45,2,6.9,India,0,-0.1618770117228226,-0.5610260218302842,New / Low-Value
16455,64,7,1841.18,India,0,0.33336105501374497,-0.22086441506452925,New / Low-Value
16456,99,5,2158.18,India,0,0.04694647904480761,0.0758885078324358,New / Low-Value
16457,218,1,208.36,India,1,-0.894152835489517,0.9964651753928753,At Risk / Lost
16458,3,18,3482.7400000000002,India,3,1.6459741878151577,-0.5105814894551055,Loyal Customers
16460,28,3,811.23,India,0,0.0471330719781757,-0.6615215879776642,New / Low-Value
16461,178,1,142.92,India,1,-0.7464486233958038,0.6315427879347058,At Risk / Lost
16462,74,3,136.0,India,0,-0.1755012708314611,-0.27565519975288044,New / Low-Value
16463,21,4,1422.4,India,0,0.20448356597428993,-0.6802212352590449,New / Low-Value
16464,20,3,1298.66,India,0,0.11187055582842335,-0.7119677580882626,New / Low-Value
16466,34,7,1595.96,India,0,0.43034656476797056,-0.5033883827421299,New / Low-Value
16468,74,1,74.9,India,0,-0.3552362682672649,-0.3126567794416286,New / Low-Value
16469,24,4,625.42,India,0,0.13701664037644767,-0.6889610437469109,New / Low-Value
16470,52,4,752.77,India,0,0.03935776048701906,-0.4298435392245639,New / Low-Value
16471,275,1,223.95000000000002,India,1,-1.1100925630273504,1.5129824604783706,At Risk / Lost
16473,165,3,316.11,India,1,-0.5093319650060342,0.5559496976012749,At Risk / Lost
16474,7,7,1810.65,India,0,0.5482501953139829,-0.7380544478079962,New / Low-Value
16475,88,4,544.3,India,0,-0.1123773227244235,-0.11345287179208141,New / Low-Value
16477,64,7,2494.46,India,0,0.3792999861098766,-0.19144724036575134,New / Low-Value
16478,25,3,331.0,India,0,0.024786040030569948,-0.7102944994521821,New / Low-Value
16479,10,2,300.83,India,0,-0.007939994014246197,-0.8645190378974759,New / Low-Value
16480,76,1,769.29,India,0,-0.31402176331155335,-0.26328964160271784,New / Low-Value
16482,16,1,220.62,India,0,-0.12414550249421134,-0.830959671745315,New / Low-Value
16483,192,1,139.35,India,1,-0.8000067607161601,0.7580735002855506,At Risk / Lost
16484,174,2,404.3,India,1,-0.6251184615048808,0.6242402816412529,At Risk / Lost
16485,77,1,363.65,India,0,-0.3463541924277403,-0.27250620542015086,New / Low-Value
16488,33,3,498.8,India,0,0.006124612116702233,-0.6303433462135525,New / Low-Value
16491,47,1,731.5,India,0,-0.2062573361037355,-0.5274236532401411,New / Low-Value
16493,80,4,1351.63,India,0,-0.025144333030353076,-0.14949395650876124,New / Low-Value
16494,297,1,826.53,India,1,-1.1514871673780491,1.7392032106643573,At Risk / Lost
16495,3,3,648.26,India,0,0.13086418953719842,-0.8950948878102788,New / Low-Value
16496,9,3,1599.52,India,0,0.17491130546816122,-0.7979633405274641,New / Low-Value
16497,50,6,2965.69,India,0,0.37802496658932666,-0.3140443643362,New / Low-Value
16498,161,2,100.97,India,1,-0.596949313953981,0.4929392640906536,At Risk / Lost
16499,360,2,365.45,India,1,-1.3360732223210923,2.305677531391195,At Risk / Lost
16500,5,6,400.86,India,0,0.3690092445408321,-0.8367611461446887,New / Low-Value
16503,107,4,1431.93,India,0,-0.12230413966617709,0.09845549755476694,New / Low-Value
16504,25,1,465.88,India,0,-0.14116755935811792,-0.7384711068511518,New / Low-Value
16505,32,1,777.6,India,0,-0.14590082133005713,-0.6610886318997979,New / Low-Value
16506,20,2,90.30000000000001,India,0,-0.0608210496038044,-0.7835052895012866,New / Low-Value
16509,297,1,363.7,India,1,-1.184033572409923,1.7183619925559883,At Risk / Lost
16510,372,1,248.1,India,1,-1.477736328768295,2.391860828685661,At Risk / Lost
16511,22,3,918.33,India,0,0.07751028729093971,-0.7109952228581423,New / Low-Value
16513,5,4,874.59,India,0,0.22688372316145758,-0.8496793503372524,New / Low-Value
16515,52,5,1624.14,India,0,0.1883520839114012,-0.3734806552854273,New / Low-Value
16516,30,1,101.69999999999999,India,0,-0.1858151015184905,-0.7096231657095323,New / Low-Value
16517,277,1,162.7,India,1,-1.1220149884743464,1.5283231565321593,At Risk / Lost
16518,61,2,484.32,India,0,-0.189227024040802,-0.3947375658983033,New / Low-Value
16519,25,2,215.07999999999998,India,0,-0.07108471387297478,-0.7326394972993033,New / Low-Value
16520,186,3,1046.57,India,1,-0.537926343126386,0.7788794888819224,At Risk / Lost
16523,2,21,9418.470000000001,India,3,2.3303425572903627,-0.20096980021301533,Loyal Customers
16525,2,26,13027.45,India,3,3.0227236337576318,0.047168060515647287,Loyal Customers
16526,172,1,290.36,India,1,-0.713234681900671,0.5838856617906788,At Risk / Lost
16527,81,1,228.06,India,0,-0.37111953776216916,-0.24241425553766371,New / Low-Value
16528,4,1,244.41,India,0,-0.07678078511570514,-0.9384810968981308,New / Low-Value
16529,190,1,455.25,India,1,-0.7701772375413444,0.7541996844929728,At Risk / Lost
16531,22,7,1244.59,India,0,0.4513298692913078,-0.6278032490840125,New / Low-Value
16532,18,3,6748.8,India,0,0.5027420481298048,-0.4846469329528257,New / Low-Value
16533,19,3,1082.81,India,0,0.10049954034668165,-0.7307368664229595,New / Low-Value
16535,5,1,593.75,India,0,-0.056022695313576176,-0.9137009387064967,New / Low-Value
16536,110,1,548.12,India,0,-0.4590346169408034,0.03443036395890731,New / Low-Value
16539,3,4,1388.81,India,0,0.2706591941916872,-0.8446228237249479,New / Low-Value
16542,54,1,119.62,India,0,-0.27593854805177553,-0.491630852780263,New / Low-Value
16545,165,1,339.3,India,1,-0.6831396533215636,0.5227436935544566,At Risk / Lost
16546,291,2,787.15,India,1,-1.0436912792290083,1.7002587111509624,At Risk / Lost
16549,10,10,4034.9,India,0,0.9563950938159114,-0.5593730056489056,New / Low-Value
16550,109,5,2298.97,India,0,0.01877039723784339,0.17272218308261517,New / Low-Value
16551,96,3,922.12,India,0,-0.20398926329539774,-0.0411696500257879,New / Low-Value
16552,243,2,379.73,India,1,-0.8895740518749974,1.2475418513734733,At Risk / Lost
16553,163,12,5719.82,India,0,0.6677474356749146,0.935305901595855,New / Low-Value
16554,42,3,837.1,India,0,-0.0043548318565846105,-0.5336651934949125,New / Low-Value
16555,35,2,285.89,India,0,-0.10418181943408318,-0.6389570189102256,New / Low-Value
16556,67,7,3313.79,India,0,0.42549267617451986,-0.1274046681938976,New / Low-Value
16557,24,2,281.85,India,0,-0.06258176917471911,-0.7386822372875507,New / Low-Value
16558,1,20,8338.49,India,3,2.1704863383039297,-0.2757757755495187,Loyal Customers
16560,27,2,841.41,India,0,-0.034656217444085924,-0.6863370987911523,New / Low-Value
16561,6,2,511.12,India,0,0.022078287508158736,-0.8912472494901045,New / Low-Value
16563,54,1,1077.74,India,0,-0.20856313680112398,-0.44848674394118465,New / Low-Value
16565,364,1,173.7,India,1,-1.4525069726086848,2.3161154740584475,At Risk / Lost
16566,15,5,614.66,India,0,0.258248047839618,-0.7537649576960757,New / Low-Value
16567,194,2,865.6,India,1,-0.6688326372780721,0.8260004172213083,At Risk / Lost
16569,3,1,124.2,India,0,-0.08142635458649589,-0.9529435395026797,New / Low-Value
16570,15,10,3738.4,India,0,0.9165068384186207,-0.5274774365627396,New / Low-Value
16571,27,3,1421.69,India,0,0.09386853175060454,-0.6430819869911709,New / Low-Value
16572,127,3,1009.6,India,0,-0.3158747673465428,0.2433006818404829,New / Low-Value
16573,85,2,663.61,India,0,-0.26800286264030243,-0.16947876772359277,New / Low-Value
16574,71,1,451.44,India,0,-0.3173348646355897,-0.3228493689000554,New / Low-Value
16581,183,1,105.84,India,1,-0.7680943526098981,0.6751200302090251,At Risk / Lost
16582,113,1,313.62,India,0,-0.4869477065679254,0.051019009464074214,New / Low-Value
16583,374,1,233.45,India,1,-1.4863818221355096,2.409299921048786,At Risk / Lost
16584,80,2,936.08,India,0,-0.22980440719745718,-0.20245640683794205,New / Low-Value
16586,249,1,463.95,India,1,-0.9942167719026345,1.2885054944600578,At Risk / Lost
16587,232,1,225.15,India,1,-0.9462792488368185,1.1239126978050524,At Risk / Lost
16589,71,3,459.24,India,0,-0.14134794616657473,-0.2882478862775649,New / Low-Value
16591,69,1,213.5,India,0,-0.3264516089085477,-0.35166257979912846,New / Low-Value
16592,4,16,4113.68,India,3,1.5110960918497482,-0.507371142385493,Loyal Customers
16593,51,3,330.03,India,0,-0.0742810584969312,-0.4750540212059594,New / Low-Value
16594,75,1,181.09,India,0,-0.3515765912376445,-0.29882565692842933,New / Low-Value
16595,61,1,360.16,India,0,-0.28567721829493475,-0.41745361064647446,New / Low-Value
16596,16,2,250.15,India,0,-0.034349730615823956,-0.8125048124639349,New / Low-Value
16597,4,1,90.04,India,0,-0.08763615003321347,-0.9454323723975343,New / Low-Value
16598,286,1,145.04999999999998,India,1,-1.1575249898252784,1.6089728936647874,At Risk / Lost
16600,4,6,813.52,India,0,0.4018353230819133,-0.8272284719819437,New / Low-Value
16601,41,1,242.7,India,0,-0.21778406556225613,-0.6037306435011629,New / Low-Value
16602,36,1,528.08,India,0,-0.17867777335653576,-0.6361269457838914,New / Low-Value
16603,75,2,482.47,India,0,-0.24266421022001608,-0.26812940200986035,New / Low-Value
16607,18,14,3347.71,India,0,1.2284872389058017,-0.449421523279992,New / Low-Value
16609,15,7,5493.46,India,0,0.7767657852059774,-0.49982252179513303,New / Low-Value
16610,219,1,75.66,India,1,-0.9072920061967857,0.9995390898730856,At Risk / Lost
16611,186,1,129.49,India,1,-0.7778542230010626,0.7033331608484217,At Risk / Lost
16612,33,4,1187.66,India,0,0.14228475369814572,-0.5821988809528906,New / Low-Value
16613,70,1,618.59,India,0,-0.30177315508393315,-0.32437200113012343,New / Low-Value
16614,183,1,506.19,India,1,-0.7399415681004439,0.69314777618419,At Risk / Lost
16616,15,2,500.42,India,0,-0.01294298684804195,-0.810284554109625,New / Low-Value
16617,236,1,151.85,India,1,-0.9666643345306981,1.1568095641276372,At Risk / Lost
16618,31,5,2647.59,India,0,0.3402821689856108,-0.51743194289853,New / Low-Value
16619,264,1,226.21,India,1,-1.0680494940533376,1.4135409308724793,At Risk / Lost
16620,4,2,178.96,India,0,0.006335952236123061,-0.9243031835708437,New / Low-Value
16621,52,4,813.48,India,0,0.04362691384675172,-0.42710977012714346,New / Low-Value
16623,246,1,129.45,India,1,-1.0063160074556785,1.2462947995984055,At Risk / Lost
16624,81,2,810.5699999999999,India,0,-0.24243797400657927,-0.1990587269185874,New / Low-Value
16625,275,1,333.08,India,1,-1.1024184944036042,1.517896580419097,At Risk / Lost
16626,1,17,4413.1,India,3,1.6312935934046882,-0.5039113181932411,Loyal Customers
16627,79,1,322.8,India,0,-0.3568420810844458,-0.2562468981064811,New / Low-Value
16628,30,5,2188.05,India,0,0.3117747676986764,-0.5471744030920704,New / Low-Value
16629,74,2,408.63,India,0,-0.24404902131013148,-0.28050380519672874,New / Low-Value
16633,17,6,2883.1,India,0,0.4978696366021354,-0.6163932810114994,New / Low-Value
16634,223,2,217.9,India,1,-0.8248010166612011,1.0592668390285438,At Risk / Lost
16637,32,4,1154.47,India,0,0.1437584681239772,-0.5927428161145549,New / Low-Value
16638,23,10,1680.72,India,0,0.7413486979529851,-0.5477395669829338,New / Low-Value
16639,31,3,1257.51,India,0,0.06709272529684189,-0.6142774437714288,New / Low-Value
16641,106,1,231.10000000000002,India,0,-0.46609700183448527,-0.01604259780273403,New / Low-Value
16642,5,2,688.33,India,0,0.03834742059463512,-0.8923168802851529,New / Low-Value
16643,246,1,487.51,India,1,-0.9811370739688416,1.2624182284078662,At Risk / Lost
16644,178,2,833.78,India,1,-0.6101478409525672,0.679777313122807,At Risk / Lost
16647,170,2,214.06,India,1,-0.6232656221694914,0.5794762186799897,At Risk / Lost
16648,43,1,290.65999999999997,India,0,-0.22202679675103448,-0.5834722251095503,New / Low-Value
16650,72,1,518.42,India,0,-0.31643245170142503,-0.31078387126430385,New / Low-Value
16652,59,7,6773.97,India,0,0.6992752209726387,-0.043988013656883734,New / Low-Value
16653,16,2,1212.66,India,0,0.03333438732646366,-0.7691630220841272,New / Low-Value
16654,141,4,601.27,India,0,-0.3101765927225966,0.36873019052889794,New / Low-Value
16655,18,6,3789.52,India,0,0.557801832048143,-0.5665278306309184,New / Low-Value
16656,22,15,8625.8,India,3,1.6721334134616954,-0.15842663495493034,Loyal Customers
16657,10,4,874.43,India,0,0.20783422425606576,-0.8044396018024033,New / Low-Value
16658,368,1,123.24,India,1,-1.471285939660886,2.350040824752389,At Risk / Lost
16659,189,1,39.12,India,1,-0.7956320289230573,0.7264119750245028,At Risk / Lost
16660,16,4,1267.6499999999999,India,0,0.21263972692948924,-0.7324365754737062,New / Low-Value
16665,362,1,135.39999999999998,India,1,-1.4475849460574453,2.2962920451163673,At Risk / Lost
16666,19,1,118.98,India,0,-0.1427158196724109,-0.8083883452603543,New / Low-Value
16667,68,2,567.1800000000001,India,0,-0.21005381982773733,-0.3276606484438303,New / Low-Value
16668,15,6,306.71999999999997,India,0,0.32431278390332935,-0.7505063602711685,New / Low-Value
16669,24,3,1348.88,India,0,0.100171449758892,-0.6735087906470258,New / Low-Value
16670,17,11,4095.9,India,0,1.021750302963587,-0.4761553187486059,New / Low-Value
16671,28,3,1692.27,India,0,0.10908818441531722,-0.6218483887420971,New / Low-Value
16672,2,20,8134.9400000000005,India,3,2.152364965067637,-0.27589223399884605,Loyal Customers
16674,55,2,304.24,India,0,-0.17904443007292392,-0.45714290575979244,New / Low-Value
16676,34,4,1592.1200000000001,India,0,0.16691890565129539,-0.5549366711610291,New / Low-Value
16678,3,12,3109.99,India,0,1.0934469898743853,-0.6301171551480392,New / Low-Value
16679,366,1,129.75,India,1,-1.4632128546011698,2.3322351884845864,At Risk / Lost
16680,43,1,183.7,India,0,-0.22954827003973494,-0.5882886300290049,New / Low-Value
16681,73,6,1770.34,India,0,0.20639150038941198,-0.15973494615488842,New / Low-Value
16682,5,5,1028.0,India,0,0.3253907900193159,-0.8256461791502812,New / Low-Value
16684,4,28,66653.56,India,3,6.961557916319609,2.5142988784791105,Loyal Customers
16685,61,2,324.24,India,0,-0.2004839186187299,-0.4019459624905461,New / Low-Value
16686,47,7,2959.88,India,0,0.4767585630216971,-0.3243290359700992,New / Low-Value
16688,1,4,1260.86,India,0,0.2692769941130464,-0.8684831889144958,New / Low-Value
16689,76,2,422.59999999999997,India,0,-0.2506819439450853,-0.26177595527194736,New / Low-Value
16690,72,2,225.57999999999998,India,0,-0.24930587713117497,-0.3068453213872298,New / Low-Value
16692,256,2,1276.0,India,1,-0.8760474031300665,1.4055429356120062,At Risk / Lost
16693,69,2,477.86,India,0,-0.2201424902427114,-0.3226333341374612,New / Low-Value
16696,135,4,657.9000000000001,India,0,-0.2833484495571841,0.3169838933794889,New / Low-Value
16697,241,1,112.75,India,1,-0.9884521110152035,1.200295845875243,At Risk / Lost
16698,227,2,1998.0,India,1,-0.7148542157313199,1.1756222401091416,At Risk / Lost
16700,9,13,5076.55,India,0,1.296609648848678,-0.4701415612479175,New / Low-Value
16701,9,13,5398.3,India,0,1.3192352474896594,-0.4556531704211177,New / Low-Value
16705,1,20,14034.99,India,3,2.5710666729064187,-0.019262587220489055,Loyal Customers
16706,37,3,531.35,India,0,-0.00681705596677208,-0.5926800582312421,New / Low-Value
16708,46,1,656.63,India,0,-0.20771457723767434,-0.5398444372896407,New / Low-Value
16709,85,5,3029.87,India,0,0.1615511888351213,-0.011550792414100113,New / Low-Value
16710,19,10,2467.99,India,0,0.8119404616941108,-0.5484863901085943,New / Low-Value
16711,3,5,1651.03,India,0,0.3768178271354047,-0.8156899421856406,New / Low-Value
16712,9,11,3611.31,India,0,1.0181349215737205,-0.5703715141939857,New / Low-Value
16713,19,15,6910.78,India,3,1.5629554166472754,-0.2628020953308441,Loyal Customers
16714,219,3,1129.06,India,1,-0.6577780451822846,1.0812239025608499,At Risk / Lost
16715,78,1,301.71999999999997,India,0,-0.3545167862404565,-0.2662455204075004,New / Low-Value
16716,267,2,901.2,India,1,-0.944287645430299,1.4882090025337762,At Risk / Lost
16717,24,6,3843.08,India,0,0.538722297163227,-0.5098196817792403,New / Low-Value
16718,369,1,606.0500000000001,India,1,-1.4411421819469876,2.380831132201686,At Risk / Lost
16719,15,7,1770.22,India,0,0.514945944074516,-0.667479883914711,New / Low-Value
16720,26,1,152.95,India,0,-0.166980581325881,-0.7435129427321353,New / Low-Value
16721,262,1,292.47,India,1,-1.0557747632475494,1.3984258349369263,At Risk / Lost
16722,17,13,4730.81,India,0,1.2418358668521696,-0.413315095577881,New / Low-Value
16723,91,2,576.4,India,0,-0.2969814045825331,-0.11910948686473086,New / Low-Value
16725,302,7,758.27,India,1,-0.6490102303034349,1.884127165386329,At Risk / Lost
16726,26,5,1358.74,India,0,0.26868792926097473,-0.6207157649676551,New / Low-Value
16727,364,1,256.32,India,1,-1.4466970986080077,2.3198358496609655,At Risk / Lost
16728,46,4,1048.28,India,0,0.0829840481850117,-0.4708330786406212,New / Low-Value
16729,38,21,7205.33,India,3,2.03763821587343,0.025150649849581045,Loyal Customers
16730,52,3,743.11,India,0,-0.04904074442945284,-0.44740365312683433,New / Low-Value
16732,32,1,603.75,India,0,-0.15812602824143124,-0.6689170910924604,New / Low-Value
16734,52,3,646.76,India,0,-0.05581611794634038,-0.45174229013122336,New / Low-Value
16735,79,5,2247.41,India,0,0.12937416163950474,-0.10108128182103668,New / Low-Value
16737,53,1,417.59999999999997,India,0,-0.2511768165259166,-0.4872622148568883,New / Low-Value
16738,298,1,3.75,India,1,-1.213153061038444,1.711202847780906,At Risk / Lost
16739,177,1,323.0,India,1,-0.7299776706726543,0.6306023931355328,At Risk / Lost
16742,47,1,464.9,India,0,-0.22500476298076938,-0.5394286415678017,New / Low-Value
16743,29,7,2213.13,India,0,0.4927844727408743,-0.5208441933623131,New / Low-Value
16744,11,7,1291.91,India,0,0.4965415768815214,-0.7252157285246958,New / Low-Value
16745,87,17,7180.7,India,3,1.49845455860721,0.3989612066568466,Loyal Customers
16746,5,18,6680.11,India,3,1.8631993248964442,-0.3485052530251661,Loyal Customers
16747,38,2,836.06,India,0,-0.07691657654956907,-0.587034711773155,New / Low-Value
16748,18,5,1515.9,India,0,0.3102006843990019,-0.6860339811959448,New / Low-Value
16750,45,5,623.93,India,0,0.14467043241533942,-0.4818658099581282,New / Low-Value
16751,31,1,1764.72,India,0,-0.07267846805611447,-0.6256880447786585,New / Low-Value
16752,373,1,207.5,India,1,-1.4843989877899868,2.399082002824452,At Risk / Lost
16753,58,1,223.92000000000002,India,0,-0.2838347252184187,-0.45073666490106723,New / Low-Value
16754,372,1,2002.4,India,1,-1.3543731968463877,2.4708568940390565,At Risk / Lost
16755,114,3,1475.43,India,0,-0.23361795716721337,0.14663491118449565,New / Low-Value
16756,215,1,239.4,India,1,-0.8805471407326175,0.9707147334693068,At Risk / Lost
16757,319,1,106.83000000000001,India,1,-1.2858650710947055,1.905881740423115,At Risk / Lost
16758,65,1,369.34000000000003,India,0,-0.30026227484846263,-0.3808426729162925,New / Low-Value
16759,8,3,789.79,India,0,0.121778392485546,-0.8434748437159914,New / Low-Value
16761,97,1,316.62,India,0,-0.4258143528386009,-0.0936361512977088,New / Low-Value
16762,20,3,1207.24,India,0,0.10544186203585607,-0.7160843973715137,New / Low-Value
16763,199,1,611.85,India,1,-0.7934339038085436,0.8426958928037511,At Risk / Lost
16764,4,13,2790.9500000000003,India,0,1.1549235196278547,-0.6183089996546113,New / Low-Value
16765,294,1,34.0,India,1,-1.1957952698946632,1.6763674415201906,At Risk / Lost
16766,273,2,1145.6,India,1,-0.9499472292829076,1.5535106696617136,At Risk / Lost
16767,31,11,5575.56,India,0,1.0724935383619967,-0.28283481330985294,New / Low-Value
16768,48,3,478.09000000000003,India,0,-0.05244646691651139,-0.4955350567750536,New / Low-Value
16769,260,1,361.54,India,1,-1.0433024320309419,1.3834372731994253,At Risk / Lost
16770,58,5,757.1,India,0,0.10453556034307408,-0.35822709103406597,New / Low-Value
16771,33,5,2242.61,India,0,0.3041885018265259,-0.5175693962740993,New / Low-Value
16773,57,1,171.59,India,0,-0.28370694383994816,-0.46214247356832583,New / Low-Value
16774,68,4,661.52,India,0,-0.027981371268930497,-0.2891622727610407,New / Low-Value
16775,10,11,1691.51,India,0,0.8793261088111358,-0.6477706478771755,New / Low-Value
16776,60,1,371.54,India,0,-0.28106932226404174,-0.42599056032515364,New / Low-Value
16777,80,2,222.62,India,0,-0.2799752218249463,-0.234583484753369,New / Low-Value
16778,74,2,245.94,India,0,-0.25548945221269953,-0.2878297299942798,New / Low-Value
16779,2,22,10611.720000000001,India,3,2.501971621011742,-0.13011267155179546,Loyal Customers
16780,100,2,422.24,India,0,-0.34209084795516015,-0.044606790079473393,New / Low-Value
16781,372,1,311.25,India,1,-1.4732955935571748,2.3947044708945575,At Risk / Lost
16782,10,13,2267.9500000000003,India,0,1.095300037105194,-0.5875633266851389,New / Low-Value
16784,20,1,107.6,India,0,-0.1473237157033039,-0.7998513955816751,New / Low-Value
16788,123,2,594.39,India,0,-0.4175611249039727,0.17128110348846984,New / Low-Value
16789,8,1,80.8,India,0,-0.10351650892385673,-0.9096508865990685,New / Low-Value
16790,4,6,1545.6200000000001,India,0,0.453316910541315,-0.7942620355427824,New / Low-Value
16791,29,7,1705.78,India,0,0.4571074021254836,-0.5436901454554814,New / Low-Value
16792,282,2,110.38000000000001,India,1,-1.0570131915012941,1.5883392666121297,At Risk / Lost
16793,57,1,243.84,India,0,-0.27862629270766875,-0.4588890586895805,New / Low-Value
16794,1,10,1196.5,India,0,0.7910664285046055,-0.7686305706630616,New / Low-Value
16795,365,1,414.88,India,1,-1.4393547406123322,2.3360251913741634,At Risk / Lost
16796,89,1,305.62,India,0,-0.3961266813601461,-0.16652660622509605,New / Low-Value
16800,11,1,1162.65,India,0,-0.03886329934023777,-0.8337870483515302,New / Low-Value
16801,163,4,1594.23,India,1,-0.3241195072598802,0.6125297379517644,At Risk / Lost
16803,65,1,332.3,India,0,-0.30286694360887273,-0.38251058277246863,New / Low-Value
16804,23,3,536.99,India,0,0.04688664464554013,-0.7191175585571876,New / Low-Value
16805,174,2,460.59,India,1,-0.6211601244497111,0.6267750182990324,At Risk / Lost
16806,103,4,762.16,India,0,-0.154172056558635,0.03209821609101633,New / Low-Value
16807,143,3,1121.59,India,0,-0.3689219747270672,0.39313383813038943,New / Low-Value
16808,99,2,288.42,India,0,-0.3476934784904536,-0.05968209049024685,New / Low-Value
16809,23,5,914.69,India,0,0.24888509050320795,-0.6678594923547958,New / Low-Value
16810,192,1,309.54,India,1,-0.7880389265818676,0.7657371498109992,At Risk / Lost
16811,5,2,547.07,India,0,0.028413956526181252,-0.8986778129601917,New / Low-Value
16812,361,1,479.35,India,1,-1.4195905843232697,2.302730710471934,At Risk / Lost
16813,8,10,1652.18,India,0,0.796456495764541,-0.6847655821346259,New / Low-Value
16814,14,21,6416.7,India,3,2.073565003110396,-0.2275467064180656,Loyal Customers
16816,103,4,417.06,India,0,-0.17843963726105205,0.016558375611362496,New / Low-Value
16817,3,9,1604.75,India,0,0.724440235809553,-0.7492734310956323,New / Low-Value
16818,11,11,3349.57,India,0,0.9921139529362647,-0.564058875566351,New / Low-Value
16820,96,1,497.61,India,0,-0.40927940852333533,-0.09453556882989683,New / Low-Value
16823,227,1,358.38,India,1,-0.9178722101920159,1.0846650865423781,At Risk / Lost
16824,16,2,460.64,India,0,-0.01954798311639839,-0.8030264554005841,New / Low-Value
16825,39,2,775.1800000000001,India,0,-0.08500533390984384,-0.5807267452985988,New / Low-Value
16826,51,1,341.7,India,0,-0.2488988381763893,-0.508778770434828,New / Low-Value
16828,93,2,128.5,India,0,-0.33609322463570007,-0.12117962628314775,New / Low-Value
16829,157,1,197.22,India,1,-0.6626695839250353,0.4439507109826965,At Risk / Lost
16830,39,1,325.91,India,0,-0.20431740345277058,-0.618082481551668,New / Low-Value
16832,184,3,199.15,India,1,-0.5899019836222044,0.7226214156949924,At Risk / Lost
16833,1,4,1106.53,India,0,0.2584244420127739,-0.8754326632153505,New / Low-Value
16834,228,1,413.46,India,1,-0.9178066103855209,1.0961947276098658,At Risk / Lost
16835,128,2,180.85,India,0,-0.46567968353340145,0.19790636562088698,New / Low-Value
16836,40,2,251.87,India,0,-0.1256123681296339,-0.5952419849469239,New / Low-Value
16837,31,11,3170.98,India,0,0.9034024366366473,-0.39111296347086727,New / Low-Value
16838,197,2,588.85,India,1,-0.6997167651105756,0.8406865467593199,At Risk / Lost
16839,9,34,16594.35,India,3,3.9486497084637766,0.4081321683898643,Loyal Customers
16841,37,6,1869.82,India,0,0.35046235983743396,-0.48103342933317644,New / Low-Value
16842,101,3,1264.19,India,0,-0.1989730011350457,0.01948070299283976,New / Low-Value
16843,43,16,10196.57,India,3,1.7903492061820774,0.11946740959172134,Loyal Customers
16846,50,1,214.32,India,0,-0.2540486051367087,-0.523564077879247,New / Low-Value
16847,43,1,193.44,India,0,-0.22886334904280203,-0.5878500381823755,New / Low-Value
16848,53,1,281.42,India,0,-0.2607530528054158,-0.4933943953162313,New / Low-Value
16849,187,1,124.57,India,1,-0.7820078490483635,0.7121610040927299,At Risk / Lost
16850,334,1,332.41,India,1,-1.3271169312023954,2.051780459626128,At Risk / Lost
16851,4,3,342.45,India,0,0.10555184903741911,-0.8998161103495784,New / Low-Value
16852,10,2,144.91000000000003,India,0,-0.018904355599644245,-0.8715401098406448,New / Low-Value
16855,24,2,328.4,India,0,-0.0593083531164823,-0.7365860924764006,New / Low-Value
16856,15,1,35.400000000000006,India,0,-0.13336260317759016,-0.8483495122912788,New / Low-Value
16858,369,1,375.69000000000005,India,1,-1.4573411964083287,2.370458029759226,At Risk / Lost
16859,145,2,747.81,India,1,-0.49054085399618885,0.37727619517013494,At Risk / Lost
16861,60,2,173.76,India,0,-0.2072580875327608,-0.417771462096889,New / Low-Value
16863,31,2,502.8,India,0,-0.07369801665914272,-0.6653871321430301,New / Low-Value
16866,141,3,207.73999999999998,India,0,-0.42556900144734683,0.33388442445356253,New / Low-Value
16869,23,4,817.12,India,0,0.15430471650661576,-0.6893781903676615,New / Low-Value
16871,22,6,2812.34,India,0,0.47385551527544356,-0.574332647915258,New / Low-Value
16872,77,3,680.02,India,0,-0.14866849859696116,-0.22400982689268567,New / Low-Value
16873,5,6,7123.62,India,0,0.8417566245552668,-0.5340355072487233,New / Low-Value
16875,67,5,2095.53,India,0,0.16438568892240502,-0.21651312070048476,New / Low-Value
16877,12,6,846.62,India,0,0.37370173312627336,-0.7533428548563521,New / Low-Value
16878,84,1,13.3,India,0,-0.39764450208339225,-0.22493671854867073,New / Low-Value
16880,31,7,1491.43,India,0,0.4344189187082178,-0.5352435368471723,New / Low-Value
16881,67,1,432.0,India,0,-0.303471295703061,-0.359922314058001,New / Low-Value
16882,67,3,705.12,India,0,-0.10882696050855978,-0.313373481461411,New / Low-Value
16883,187,2,272.48,India,1,-0.6838875445604364,0.7359465104792431,At Risk / Lost
16884,38,2,429.84000000000003,India,0,-0.1054821419883864,-0.6053267836353543,New / Low-Value
16885,15,3,450.41,India,0,0.07125949795682975,-0.7954113781425065,New / Low-Value
16887,35,1,192.32999999999998,India,0,-0.19848020850277992,-0.6602951467685754,New / Low-Value
16889,195,3,1578.67,India,1,-0.5347776875919116,0.8842844485694321,At Risk / Lost
16891,2,5,742.43,India,0,0.31673233315004246,-0.8656535578871304,New / Low-Value
16892,1,5,518.19,India,0,0.3047713292530783,-0.8848004676174352,New / Low-Value
16893,367,1,145.93,India,1,-1.4658827195565525,2.342013163963379,At Risk / Lost
16895,65,1,202.27,India,0,-0.31201070923835783,-0.3883658289549357,New / Low-Value
16897,299,2,289.78,India,1,-1.1091277481623683,1.7502572834221872,At Risk / Lost
16898,26,3,501.03,India,0,0.03293497336862937,-0.6935886640551198,New / Low-Value
16899,8,6,1271.06,India,0,0.4187791349251855,-0.7704278997184161,New / Low-Value
16900,17,3,887.11,India,0,0.09435313107479619,-0.7576480116545143,New / Low-Value
16902,116,1,1706.88,India,0,-0.40039601159879584,0.14090562871355103,New / Low-Value
16903,29,1,363.2,India,0,-0.1636186593117396,-0.7068972208626507,New / Low-Value
16904,4,16,3653.75,India,3,1.4787536160674744,-0.528081773599075,Loyal Customers
16905,5,7,3037.6,India,0,0.6421451470571471,-0.7009037151537801,New / Low-Value
16906,82,4,559.59,India,0,-0.08845622617227643,-0.1670607076416611,New / Low-Value
16907,29,5,928.76,India,0,0.22702860180218515,-0.6129295767704069,New / Low-Value
16909,72,1,379.14,India,0,-0.3262266813167036,-0.31705564461117774,New / Low-Value
16910,4,8,1508.96,India,0,0.6261773826526671,-0.7616625851072679,New / Low-Value
16912,29,11,2555.58,India,0,0.8677425425174583,-0.4369231844755624,New / Low-Value
16913,290,1,113.44,India,1,-1.1749784167550785,1.6437470591748444,At Risk / Lost
16914,36,1,183.76,India,0,-0.20289050412285348,-0.6516316628918439,New / Low-Value
16915,9,6,621.6800000000001,India,0,0.3693068039822609,-0.7906200668928784,New / Low-Value
16916,24,2,562.41,India,0,-0.04285266908236866,-0.7260486306663635,New / Low-Value
16917,277,1,391.52,India,1,-1.1059242674765861,1.5386269128304915,At Risk / Lost
16918,50,6,1068.82,India,0,0.24463625083449073,-0.3994603516171069,New / Low-Value
16919,156,11,2592.25,India,0,0.3867497027526485,0.7140006788517649,New / Low-Value
16921,61,1,154.18,India,0,-0.30016182065101665,-0.42672888257344954,New / Low-Value
16923,12,19,7069.08,India,3,1.9516175257652784,-0.25051908892373026,Loyal Customers
16924,21,3,829.89,India,0,0.07509879790973398,-0.7240270635153178,New / Low-Value
16926,371,1,230.25,India,1,-1.4751838989325097,2.382007653167456,At Risk / Lost
16927,116,3,543.05,India,0,-0.3067986195811657,0.122748654943179,New / Low-Value
16928,80,17,2814.7,India,3,1.2180891040036768,0.13901465039615932,Loyal Customers
16929,4,7,1295.39,India,0,0.5234398386720693,-0.7884047589116137,New / Low-Value
16930,26,3,378.89,India,0,0.024346035938918497,-0.6990886238238389,New / Low-Value
16931,5,21,4554.87,India,3,1.9769091609997838,-0.39282935976251565,Loyal Customers
16932,53,1,150.23000000000002,India,0,-0.2699783901347409,-0.49930187625661315,New / Low-Value
16933,1,2,563.23,India,0,0.04478093279862897,-0.9341476914097175,New / Low-Value
16934,55,2,931.03,India,0,-0.13496828719124324,-0.42891857479994827,New / Low-Value
16936,26,1,261.9,India,0,-0.1593191703796963,-0.7386069281848786,New / Low-Value
16938,9,4,2711.6800000000003,India,0,0.340838085448136,-0.7307576916242712,New / Low-Value
16940,52,3,3049.88,India,0,0.1131723159498999,-0.34352988371723975,New / Low-Value
16942,13,9,1904.99,India,0,0.7074767467090518,-0.6452597281303535,New / Low-Value
16943,212,3,816.73,India,1,-0.6530876786731922,1.003813959331627,At Risk / Lost
16945,22,19,4345.5,India,3,1.7220177113110164,-0.2826678908532266,Loyal Customers
16947,236,1,406.48,India,1,-0.9487586432114965,1.1682755437895735,At Risk / Lost
16948,139,3,435.02,India,0,-0.40197127485858797,0.3260200532761486,New / Low-Value
16949,4,6,1286.27,India,0,0.43507930678828144,-0.8059405566334755,New / Low-Value
16950,57,3,1178.56,India,0,-0.03745796043197621,-0.3825484020960651,New / Low-Value
16951,135,3,1277.75,India,0,-0.32747954001993657,0.3277705919383801,New / Low-Value
16952,109,2,167.61,India,0,-0.3942653850199687,0.025371746250870086,New / Low-Value
16953,30,1,20.8,India,0,-0.19150402437802555,-0.7132660897744526,New / Low-Value
16954,1,9,2085.08,India,0,0.7658325474366967,-0.7457429699537869,New / Low-Value
16955,185,4,518.67,India,1,-0.48352163951540134,0.7631839048212448,At Risk / Lost
16956,18,1,308.74,India,0,-0.1255641651781822,-0.808892850010721,New / Low-Value
16957,239,2,416.64,India,1,-0.8717479266614452,1.2130063446711303,At Risk / Lost
16959,87,1,117.35000000000001,India,0,-0.40175060983046995,-0.19310317882621375,New / Low-Value
16960,39,3,507.05,India,0,-0.016141141492138796,-0.5756755050180121,New / Low-Value
16961,116,1,234.17,India,0,-0.5039576133845294,0.07458955084397408,New / Low-Value
16963,187,1,110.55000000000001,India,1,-0.7829937414895338,0.7115296840013803,At Risk / Lost
16965,227,1,201.19,India,1,-0.9289258787246527,1.0775868265452853,At Risk / Lost
16966,8,7,2154.97,India,0,0.568655276553011,-0.7135003400342349,New / Low-Value
16967,189,1,319.02,India,1,-0.7759493403150987,0.739015861869635,At Risk / Lost
16968,4,2,439.43,India,0,0.024652314871760776,-0.9125742289207845,New / Low-Value
16969,39,3,650.41,India,0,-0.006060004518802058,-0.5692200094191621,New / Low-Value
16971,38,1,357.21,India,0,-0.1983087244384173,-0.6257224343530516,New / Low-Value
16976,267,1,251.51999999999998,India,1,-1.0776926325292135,1.4418288112516506,At Risk / Lost
16978,78,1,344.33,India,0,-0.35152043267995237,-0.2643267936534058,New / Low-Value
16979,4,6,1852.0,India,0,0.47486168415941565,-0.7804657552583537,New / Low-Value
16980,255,2,1028.46,India,1,-0.8896468730669214,1.3853468277270333,At Risk / Lost
16982,61,1,384.06,India,0,-0.28399655999650597,-0.4163773945135747,New / Low-Value
16983,13,7,1905.87,India,0,0.5321002095802193,-0.6794703506677572,New / Low-Value
16984,88,2,4459.52,India,0,-0.01249578437745399,0.0285990938569194,New / Low-Value
16985,17,10,5464.12,India,0,1.030244913370924,-0.4316695462408345,New / Low-Value
16986,30,2,1873.2,India,0,0.02647675136884925,-0.6127274605274202,New / Low-Value
16987,3,7,1616.8,India,0,0.5498491778938355,-0.7829810689382875,New / Low-Value
16988,5,1,126.12,India,0,-0.08890663841375379,-0.9347583006407202,New / Low-Value
16989,7,6,1133.25,India,0,0.4128959258706145,-0.7856828696844309,New / Low-Value
16990,219,1,179.0,India,1,-0.900025092867931,1.004192486323875,At Risk / Lost
16992,11,5,1614.31,India,0,0.34377446469456413,-0.7449483171269554,New / Low-Value
16996,30,6,1456.96,India,0,0.3480834134284909,-0.5629702348151364,New / Low-Value
16997,288,3,702.0,India,1,-0.9505369057839742,1.6864013621955454,At Risk / Lost
16998,150,4,295.0,India,1,-0.3659824768389057,0.43638337953275824,At Risk / Lost
16999,23,2,484.82,India,0,-0.04450118178834627,-0.7385918962171807,New / Low-Value
17001,1,11,3989.57,India,0,1.0751955239829862,-0.6257336054438589,New / Low-Value
17002,86,3,1493.73,India,0,-0.12571690651769482,-0.10592397912208318,New / Low-Value
17004,46,2,1312.1399999999999,India,0,-0.07389962202663258,-0.4932017213190295,New / Low-Value
17006,5,4,781.78,India,0,0.22035728396994403,-0.8538585812700739,New / Low-Value
17007,51,6,889.9300000000001,India,0,0.22824897942410807,-0.3984663711611075,New / Low-Value
17010,18,1,195.36,India,0,-0.13353709563323884,-0.8139983472972557,New / Low-Value
17011,30,1,270.9,India,0,-0.17391688461078558,-0.7020040958481663,New / Low-Value
17014,8,3,583.4300000000001,India,0,0.10726706836572339,-0.8527672270291798,New / Low-Value
17015,29,3,1838.6100000000001,India,0,0.11557122674543623,-0.6062093131855536,New / Low-Value
17017,3,20,8694.26,India,3,2.1878889389494343,-0.24165668402535834,Loyal Customers
17018,41,2,920.1,India,0,-0.08242979611888776,-0.5561022216247282,New / Low-Value
17019,11,4,1258.08,India,0,0.23100500804225713,-0.7781144655555476,New / Low-Value
17022,31,1,71.0,India,0,-0.19178158827430583,-0.7019561949299169,New / Low-Value
17024,45,3,95.85,India,0,-0.06790279984055925,-0.5398954821046821,New / Low-Value
17025,61,3,357.77,India,0,-0.11040686501675616,-0.3833109833542874,New / Low-Value
17026,185,2,154.82999999999998,India,1,-0.6845454442008422,0.7125499539160075,At Risk / Lost
17027,79,6,877.5600000000001,India,0,0.12076492892980635,-0.1456404531696711,New / Low-Value
17029,111,2,716.0,India,0,-0.36331766297516094,0.06816450938671088,New / Low-Value
17030,64,1,146.87,India,0,-0.31209881158273983,-0.39990987961081365,New / Low-Value
17031,12,2,380.35,India,0,-0.00996341240392783,-0.842839473850871,New / Low-Value
17033,86,3,1030.14,India,0,-0.15831675507705015,-0.12679942000287925,New / Low-Value
17034,16,3,745.52,India,0,0.08820411079143609,-0.7730731948833895,New / Low-Value
17035,246,2,433.53000000000003,India,1,-0.8972137612746294,1.2771126354190174,At Risk / Lost
17037,88,1,1267.32,India,0,-0.32469187343959516,-0.1322706807817102,New / Low-Value
17038,30,1,112.4,India,0,-0.18506267290789685,-0.709141345097732,New / Low-Value
17040,138,1,449.73,India,0,-0.5725676309008307,0.28338280447117875,New / Low-Value
17041,27,3,1071.49,India,0,0.06924231685061481,-0.658851480285795,New / Low-Value
17042,3,5,1036.58,India,0,0.3336094383709881,-0.8433586033931842,New / Low-Value
17043,32,4,1735.18,India,0,0.18459424554994247,-0.5665934658829126,New / Low-Value
17044,25,1,948.48,India,0,-0.1072309194074182,-0.7167396463600451,New / Low-Value
17045,113,3,339.44,India,0,-0.3096936139341537,0.08643193203279288,New / Low-Value
17046,157,1,642.02,India,1,-0.631391056262227,0.4639800388452002,At Risk / Lost
17047,85,3,1100.9,India,0,-0.14953323185951697,-0.13266249043588516,New / Low-Value
17048,118,3,925.35,India,0,-0.28753041790397443,0.15806239140482187,New / Low-Value
17049,3,9,5655.03,India,0,1.009257670661439,-0.5668894696411775,New / Low-Value
17050,96,6,3185.64,India,0,0.21834006710970924,0.11213194681114715,New / Low-Value
17051,194,1,240.89000000000001,India,1,-0.8004817232174984,0.7807446241332624,At Risk / Lost
17052,28,1,399.09,India,0,-0.15728720951957098,-0.714330486130561,New / Low-Value
17053,131,1,498.48,India,0,-0.5424859632035938,0.22223228054184999,New / Low-Value
17054,28,5,1356.33,India,0,0.26090315796793456,-0.6027255058486017,New / Low-Value
17058,82,3,1179.89,India,0,-0.13255567244112543,-0.15625374559909602,New / Low-Value
17059,30,5,3080.39,India,0,0.3745245010049495,-0.5069923652664712,New / Low-Value
17060,266,1,234.24,India,1,-1.0751001200478172,1.432001302812766,At Risk / Lost
17061,74,11,5232.2300000000005,India,0,0.8846214951488107,0.09082884787605869,New / Low-Value
17062,314,4,533.33,India,1,-0.9736775310188245,1.9312154399787198,At Risk / Lost
17063,21,7,1461.14,India,0,0.47036540812925653,-0.6271014011063296,New / Low-Value
17064,59,3,855.45,India,0,-0.06779449391355634,-0.37899925234190596,New / Low-Value
17068,12,21,4552.14,India,3,1.9500636395324085,-0.32960655690280816,Loyal Customers
17069,28,9,2709.7000000000003,India,0,0.7069495577465107,-0.47328280603837464,New / Low-Value
17070,114,1,304.24,India,0,-0.4914149617370252,0.05964601907019273,New / Low-Value
17071,28,9,2429.03,India,0,0.6872127224067617,-0.48592136595557095,New / Low-Value
17073,18,4,1446.09,India,0,0.2175724055640994,-0.7063026474159527,New / Low-Value
17075,18,4,834.12,India,0,0.17453841146830637,-0.7338596343134717,New / Low-Value
17076,36,3,841.0799999999999,India,0,0.018770940622121878,-0.5877823182341615,New / Low-Value
17078,36,2,378.2,India,0,-0.10149818998530759,-0.6257509122934551,New / Low-Value
17079,78,1,118.80000000000001,India,0,-0.36737979946006283,-0.27448240137110014,New / Low-Value
17080,22,2,287.62,India,0,-0.05456072123386634,-0.7565211957285061,New / Low-Value
17081,25,2,288.91,India,0,-0.06589295645987871,-0.729314935077881,New / Low-Value
17082,33,2,2003.85,India,0,0.024241167083621142,-0.5796961237700203,New / Low-Value
17083,109,3,1405.78,India,0,-0.2194775275427133,0.0982516208823771,New / Low-Value
17084,35,2,2747.9900000000002,India,0,0.06895411347643864,-0.5280887452360565,New / Low-Value
17085,123,5,1562.4,India,0,-0.08633261592972151,0.26624593202695124,New / Low-Value
17086,7,6,2050.08,India,0,0.47736780652954536,-0.7443980480473372,New / Low-Value
17088,28,4,1991.01,India,0,0.21781491949537862,-0.5912710129277481,New / Low-Value
17090,4,7,1974.65,India,0,0.5712056945628946,-0.7578177057553991,New / Low-Value
17091,3,9,3827.76,India,0,0.8807632568970064,-0.6491713714471962,New / Low-Value
17092,50,4,1774.03,India,0,0.11878850279906135,-0.4019550198078442,New / Low-Value
17094,322,1,302.0,India,1,-1.2835635811784851,1.941818410439707,At Risk / Lost
17095,23,3,1324.16,India,0,0.1022407782344177,-0.6836713220159847,New / Low-Value
17096,15,4,1022.13,India,0,0.19918230426304537,-0.7525417228319654,New / Low-Value
17097,2,8,954.42,Spain,0,0.5947971899578453,-0.8047322825199845,New / Low-Value
17100,18,2,971.74,India,0,0.008777490060275131,-0.7619128596118494,New / Low-Value
17101,10,4,1621.73,India,0,0.2603846822650958,-0.770788709914703,New / Low-Value
17102,262,1,25.5,India,1,-1.074548208684015,1.3864041855226894,At Risk / Lost
17105,159,2,665.78,India,1,-0.5496163323246924,0.5002738565675358,At Risk / Lost
17107,33,6,10797.48,India,0,0.9934898560449432,-0.11521878609497345,New / Low-Value
17109,29,6,881.29,India,0,0.31140970050153416,-0.5979420246954406,New / Low-Value
17110,165,1,163.29999999999998,India,1,-0.6955160491593654,0.5148184199397968,At Risk / Lost
17111,47,1,231.61,India,0,-0.24140981630463745,-0.5499336818039606,New / Low-Value
17114,6,8,801.12,India,0,0.5687864697922376,-0.7754378132949725,New / Low-Value
17115,8,3,837.5,India,0,0.12513338024362286,-0.8413264641469265,New / Low-Value
17117,288,1,116.19999999999999,India,1,-1.1671690333112248,1.625772560543093,At Risk / Lost
17118,318,1,157.02,India,1,-1.2785280391407154,1.8990924036363954,At Risk / Lost
17119,3,2,606.91,India,0,0.040237230165613196,-0.9140820012628252,New / Low-Value
17120,233,1,307.46,India,1,-0.944298823697009,1.1366685047846266,At Risk / Lost
17122,119,1,138.32,India,0,-0.5221207752678376,0.09742160081887152,New / Low-Value
17123,162,1,345.29999999999995,India,1,-0.6712947821543149,0.4958657013393478,At Risk / Lost
17124,185,1,294.24,India,1,-0.7624612824835578,0.7017024567054264,At Risk / Lost
17125,50,1,230.5,India,0,-0.2529108205648017,-0.5228354930662629,New / Low-Value
17126,152,5,989.45,India,1,-0.23704454310332956,0.5028783436222308,At Risk / Lost
17128,335,1,157.09,India,1,-1.3432531586744771,2.052935197052607,At Risk / Lost
17131,5,5,2463.17,India,0,0.42631256282919106,-0.7610205261187402,New / Low-Value
17133,16,7,4892.240000000001,India,0,0.7306800862150333,-0.5178460459168567,New / Low-Value
17134,107,2,413.2,India,0,-0.3693800913414931,0.01833187370916303,New / Low-Value
17135,16,7,1139.73,India,0,0.46680196607122826,-0.6868214350745091,New / Low-Value
17138,276,1,380.5,India,1,-1.1028915490977769,1.5290812919644918,At Risk / Lost
17139,16,12,10650.77,India,3,1.5742184449160916,-0.1729140266746042,Loyal Customers
17140,247,1,454.12,India,1,-0.9872927226837688,1.2699640685850757,At Risk / Lost
17142,239,1,579.0,India,1,-0.9480499110550838,1.2031922851279155,At Risk / Lost
17144,1,2,984.57,India,0,0.07440974315260294,-0.915174766496077,New / Low-Value
17146,106,3,749.78,India,0,-0.2541847816290147,0.041563792684855064,New / Low-Value
17147,23,4,1714.59,India,0,0.21741519362338846,-0.6489651488281803,New / Low-Value
17148,52,1,124.88,India,0,-0.26795336353068006,-0.5094927765027153,New / Low-Value
17152,195,3,1689.5,India,1,-0.5269840742356412,0.8892751194484817,At Risk / Lost
17153,24,1,213.78,India,0,-0.15508769045986148,-0.7588725513706864,New / Low-Value
17154,75,1,329.34,India,0,-0.3411515873572234,-0.29214996480699007,New / Low-Value
17155,18,2,251.70000000000002,India,0,-0.04185603300251359,-0.7943362346885516,New / Low-Value
17157,8,2,319.0,India,0,0.0009530272697244124,-0.8817996247883074,New / Low-Value
17158,32,3,1266.97,India,0,0.06395030704583407,-0.604802069648832,New / Low-Value
17159,22,3,1538.88,India,0,0.1211476306838256,-0.6830518788719088,New / Low-Value
17160,31,6,3518.03,India,0,0.4892110944092591,-0.46111093682565285,New / Low-Value
17162,29,10,1715.46,India,0,0.720945732558595,-0.4918788820484597,New / Low-Value
17163,22,2,293.1,India,0,-0.05417536527255298,-0.7562744315273223,New / Low-Value
17164,33,7,2467.35,India,0,0.49543073457424947,-0.47319911332226633,New / Low-Value
17165,284,1,158.68,India,1,-1.1489512232975785,1.5914878707386684,At Risk / Lost
17166,39,2,206.34,India,0,-0.12500640782106645,-0.6063415898608888,New / Low-Value
17169,58,2,835.78,India,0,-0.15308925681601354,-0.406059506846819,New / Low-Value
17171,289,1,224.91,India,1,-1.1633321487957449,1.6397171585648658,At Risk / Lost
17172,79,1,317.76,India,0,-0.35719649605616466,-0.2564738491236282,New / Low-Value
17173,5,8,3766.6,India,0,0.7811279507347801,-0.6509517471494112,New / Low-Value
17174,218,1,59.9,India,1,-0.9045926066604264,0.9897800269790549,At Risk / Lost
17175,44,4,1443.69,India,0,0.11840474882041616,-0.47112656201784914,New / Low-Value
17176,202,1,306.13,India,1,-0.8263552145241216,0.856077504292804,At Risk / Lost
17179,178,3,711.79,India,1,-0.5310070207636328,0.6914092323013845,At Risk / Lost
17180,56,4,783.97,India,0,0.026321159821834358,-0.3922410416932751,New / Low-Value
17181,57,2,239.92000000000002,India,0,-0.19118273924277265,-0.4419404516946231,New / Low-Value
17183,8,6,3347.31,India,0,0.5647819295742538,-0.676934437545477,New / Low-Value
17186,47,2,144.0,India,0,-0.15985137970147795,-0.5367536324727014,New / Low-Value
17187,227,1,203.95,India,1,-0.9287317943353781,1.0777111092451515,At Risk / Lost
17188,11,7,2474.23,India,0,0.579682828739191,-0.6719759018196703,New / Low-Value
17189,106,2,383.75,India,0,-0.36764337850410833,0.007956350611810251,New / Low-Value
17190,59,2,444.74,India,0,-0.18439500764111014,-0.4146186331939451,New / Low-Value
17191,28,7,2093.68,India,0,0.48819234679756485,-0.5352724131944351,New / Low-Value
17193,36,7,1699.3000000000002,India,0,0.42999817904224596,-0.4806362049597228,New / Low-Value
17194,274,2,262.62,India,1,-1.0158464128832783,1.5227995029623393,At Risk / Lost
17197,30,1,1013.01,India,0,-0.12173138963810888,-0.6685869094721711,New / Low-Value
17198,24,3,692.22,India,0,0.053994835606329866,-0.7030781666231762,New / Low-Value
17201,54,1,289.78,India,0,-0.26397282353040985,-0.4839685541537261,New / Low-Value
17203,36,6,3560.08,India,0,0.4731298208920128,-0.41397047352219685,New / Low-Value
17204,175,4,1564.56,India,1,-0.3718977087720584,0.7197863869179087,At Risk / Lost
17205,54,1,384.08,India,0,-0.25734160689686036,-0.47972222857496233,New / Low-Value
17206,53,1,204.24,India,0,-0.26618038366201546,-0.49686980791611446,New / Low-Value
17211,27,8,2317.2200000000003,India,0,0.5954386350014916,-0.5171306813176132,New / Low-Value
17212,253,1,226.85,India,1,-1.0261203441773772,1.3140264527253622,At Risk / Lost
17213,40,7,2781.23,India,0,0.490849364733047,-0.39571937364927817,New / Low-Value
17214,60,6,1059.1200000000001,India,0,0.205877647381897,-0.30940323560709876,New / Low-Value
17217,234,1,113.5,India,1,-0.9617458240010034,1.1369838836873705,At Risk / Lost
17218,4,10,1951.97,India,0,0.8327684558521918,-0.7074636119743453,New / Low-Value
17219,32,1,114.23,India,0,-0.19254928557393544,-0.6909601589325072,New / Low-Value
17220,24,14,3187.55,India,0,1.194378821529664,-0.402337178274479,New / Low-Value
17221,7,2,334.48,India,0,0.0058492370672934245,-0.8901519516157359,New / Low-Value
17222,65,1,328.65,India,0,-0.3031236131816453,-0.3826749421400454,New / Low-Value
17223,310,2,416.89,India,1,-1.1420734629912876,1.8555243394344905,At Risk / Lost
17226,309,1,393.49,India,1,-1.2276305211009892,1.8282961231649033,At Risk / Lost
17227,19,6,939.32,India,0,0.3535668903793606,-0.6858228425588776,New / Low-Value
17228,16,8,1906.09,India,0,0.6084119410471582,-0.6351871476255738,New / Low-Value
17229,96,2,318.76,India,0,-0.33413700803518176,-0.08546405338841906,New / Low-Value
17230,264,8,3638.41,India,1,-0.21406765286987972,1.6870680442458648,At Risk / Lost
17231,12,10,3124.72,India,0,0.8847755449678635,-0.5822595966956459,New / Low-Value
17232,3,2,417.77,India,0,0.026936823865830063,-0.9225989686007612,New / Low-Value
17233,35,1,190.88,India,0,-0.19858217312757998,-0.6603604402159688,New / Low-Value
17234,183,1,149.89000000000001,India,1,-0.7649967376289029,0.677103600110876,At Risk / Lost
17235,25,2,550.06,India,0,-0.047528775931231323,-0.7175553600524924,New / Low-Value
17236,13,6,916.13,India,0,0.37478205675060644,-0.7411634314123897,New / Low-Value
17237,11,2,314.69,India,0,-0.010773002369308966,-0.8548455319345124,New / Low-Value
17238,3,17,3719.1,India,3,1.5748759153078677,-0.5170633316830658,Loyal Customers
17239,313,1,382.5,India,1,-1.2436339407457015,1.8639988065268598,At Risk / Lost
17242,108,2,1135.04,India,0,-0.3224276410303802,0.05988569338636957,New / Low-Value
17243,1,26,8540.05,India,3,2.7109753816795132,-0.16394878934575322,Loyal Customers
17244,53,1,954.9,India,0,-0.21339364900517277,-0.46306761535031626,New / Low-Value
17245,205,1,171.45,India,1,-0.8472489187391449,0.8771610407764672,At Risk / Lost
17247,15,1,280.09000000000003,India,0,-0.11615589694150084,-0.8373311304687158,New / Low-Value
17248,120,1,318.65,India,0,-0.5132475414915432,0.1145912448422463,New / Low-Value
17250,4,2,381.97,India,0,0.02061170291244207,-0.9151616506361161,New / Low-Value
17251,363,1,269.83,India,1,-1.441939420059305,2.3113948138050096,At Risk / Lost
17252,117,2,348.91,India,0,-0.41197748711673227,0.10593080399971505,New / Low-Value
17253,18,1,178.26,India,0,-0.13473957500157072,-0.8147683596768619,New / Low-Value
17254,5,2,271.19,India,0,0.009013956050426902,-0.9111006793511709,New / Low-Value
17255,41,2,291.48,India,0,-0.1266346253891092,-0.5844089574181794,New / Low-Value
17256,107,2,240.0,India,0,-0.38155958997278444,0.010532683992918328,New / Low-Value
17259,148,2,581.23,India,1,-0.5136777799568136,0.39692327581114095,At Risk / Lost
17262,52,5,1253.3600000000001,India,0,0.16227867454355943,-0.39017686523340195,New / Low-Value
17263,208,1,63.440000000000005,India,1,-0.8662671770621557,0.8994455263925336,At Risk / Lost
17265,139,2,550.01,India,0,-0.48160433806379854,0.31407292435153344,New / Low-Value
17266,2,3,296.58,India,0,0.10994154992677131,-0.9199804161170169,New / Low-Value
17267,127,2,317.2,India,0,-0.4522838432533602,0.19499681050825343,New / Low-Value
17268,108,4,763.64,India,0,-0.17310622995735636,0.07741181376636584,New / Low-Value
17272,42,4,2148.63,India,0,0.1755917324312455,-0.4574819207249314,New / Low-Value
17274,35,1,107.82,India,0,-0.20442298811785167,-0.6641006290025236,New / Low-Value
17277,228,2,1065.3500000000001,India,1,-0.7842462151343247,1.1426744351118119,At Risk / Lost
17278,241,1,246.04,India,1,-0.9790791007809956,1.2062978897394363,At Risk / Lost
17279,58,1,187.82999999999998,India,0,-0.28637258956947703,-0.4523617962917097,New / Low-Value
17282,130,3,1685.46,India,0,-0.2797709495026349,0.30088280511747734,New / Low-Value
17284,60,6,1647.48,India,0,0.2472513761042213,-0.282909406153001,New / Low-Value
17286,22,1,151.37,India,0,-0.151861089497539,-0.779781652738048,New / Low-Value
17287,26,7,1049.06,India,0,0.42234951732893666,-0.6004103952268817,New / Low-Value
17288,9,7,1417.63,India,0,0.5129975605084215,-0.7376533428174783,New / Low-Value
17289,32,3,931.02,India,0,0.04032615828612089,-0.619929885960451,New / Low-Value
17290,4,2,513.01,India,0,0.029826492177132673,-0.9092609241902921,New / Low-Value
17291,308,1,550.8000000000001,India,1,-1.2127607645893552,1.8263303960918336,At Risk / Lost
17293,8,9,1854.06,India,0,0.7229335747999363,-0.6928000575116401,New / Low-Value
17295,29,3,547.0,India,0,0.024744654995077147,-0.6643704646255005,New / Low-Value
17297,17,1,128.18,India,0,-0.13445357265358282,-0.8260728509257512,New / Low-Value
17298,101,2,498.42,India,0,-0.3405414870567467,-0.032127016777501,New / Low-Value
17299,12,4,656.61,India,0,0.18490172894358875,-0.7961492471682013,New / Low-Value
17301,21,1,163.24,India,0,-0.14721873645550665,-0.7882965377345046,New / Low-Value
17302,15,5,1135.63,India,0,0.29488288272382035,-0.7303056974970457,New / Low-Value
17303,361,1,250.04,India,1,-1.4357157623321692,2.2924048894913795,At Risk / Lost
17306,11,19,8631.31,India,3,2.065281862052165,-0.18922131936777833,Loyal Customers
17309,95,1,82.75,India,0,-0.43464489295780967,-0.12226609024444288,New / Low-Value
17311,78,2,1384.85,India,0,-0.19063140836941012,-0.20034709135108905,New / Low-Value
17312,139,3,644.3,India,0,-0.38725461508054726,0.3354439240833985,New / Low-Value
17313,31,1,2328.84,India,0,-0.0330093065787238,-0.6002857416451252,New / Low-Value
17314,25,8,2527.92,India,0,0.6178704488459849,-0.5257416492934991,New / Low-Value
17315,2,38,6281.23,India,3,3.6009570510824918,-0.05111248789631875,Loyal Customers
17317,46,3,2600.34,India,0,0.10440636660837982,-0.41806899760262795,New / Low-Value
17320,100,3,1200.6200000000001,India,0,-0.19963562139985294,0.0075687575333722576,New / Low-Value
17321,8,2,657.16,India,0,0.02473258418171907,-0.866572292256868,New / Low-Value
17323,15,7,906.52,India,0,0.45421018790912154,-0.7063722635793793,New / Low-Value
17324,18,4,986.48,India,0,0.18525243231971256,-0.7269988690411446,New / Low-Value
17325,280,1,96.8,India,1,-1.1380720534523014,1.5525038539204608,At Risk / Lost
17329,14,2,523.11,India,0,-0.007539766743708391,-0.8183122148986348,New / Low-Value
17330,23,2,363.9,India,0,-0.05300432829236328,-0.7440369194301617,New / Low-Value
17331,124,1,175.2,India,0,-0.5385656054128193,0.14432925920989692,New / Low-Value
17333,86,1,494.25,India,0,-0.37143918989825125,-0.18518077616608367,New / Low-Value
17334,302,2,307.02,India,1,-1.1193383725155799,1.7781817719941406,At Risk / Lost
17337,151,4,1981.06,India,1,-0.25122566064867197,0.5213559908277331,At Risk / Lost
17338,17,8,6493.54,India,0,0.9271957522364818,-0.41956504989402166,New / Low-Value
17339,94,2,243.36,India,0,-0.33182386947020615,-0.10695809398449899,New / Low-Value
17340,30,11,12353.29,India,3,1.552914081990107,0.013316732025973126,Loyal Customers
17341,157,3,682.29,India,1,-0.4531208334019994,0.5000436443896681,At Risk / Lost
17343,355,1,193.64,India,1,-1.4168359374709998,2.2355688555427373,At Risk / Lost
17344,46,1,157.62,India,0,-0.24280517545938732,-0.5623148394853871,New / Low-Value
17345,15,4,519.6899999999999,India,0,0.16385050696335707,-0.7751665778032701,New / Low-Value
17346,4,15,2622.88,India,3,1.3185431839150845,-0.591626936751497,Loyal Customers
17347,86,1,228.96,India,0,-0.39009449701081056,-0.19712677524127162,New / Low-Value
17348,15,5,1156.6,India,0,0.29635750215972206,-0.7293614191578445,New / Low-Value
17349,179,1,98.25,India,1,-0.7533974865712446,0.6385806901211574,At Risk / Lost
17350,8,4,1281.32,India,0,0.24406220343816318,-0.8042161411961295,New / Low-Value
17351,36,3,587.15,India,0,0.0009144736045479484,-0.5992167769214941,New / Low-Value
17353,129,2,1740.0,India,0,-0.3598472332282554,0.2771642242202,New / Low-Value
17354,51,1,1393.06,India,0,-0.17496674994893868,-0.46143606777852886,New / Low-Value
17356,312,1,178.22,India,1,-1.2541913488419696,1.845750694872399,At Risk / Lost
17357,24,2,384.39,India,0,-0.05537111219058161,-0.734064864807737,New / Low-Value
17358,303,2,360.81,India,1,-1.1193634860649415,1.78965332440843,At Risk / Lost
17359,11,1,127.86,India,0,-0.11163017802773173,-0.8803836045089947,New / Low-Value
17360,17,3,568.24,India,0,0.07193005527479696,-0.7720067161858016,New / Low-Value
17361,49,3,488.2,India,0,-0.05554317688743644,-0.48603041317603896,New / Low-Value
17362,239,2,312.23,India,1,-0.8790900828513594,1.2083047661591608,At Risk / Lost
17364,1,11,4462.68,India,0,1.1084648230444771,-0.6044294793084517,New / Low-Value
17365,13,8,4767.36,India,0,0.8210406289405453,-0.5334924353308557,New / Low-Value
17367,238,1,167.55,India,1,-0.9731756028202007,1.1756153158896534,At Risk / Lost
17368,23,8,1878.87,India,0,0.5798442722271251,-0.5730671285773608,New / Low-Value
17370,73,4,446.18,India,0,-0.06216242049465293,-0.25361207181938733,New / Low-Value
17371,17,3,418.4,India,0,0.061393241909250225,-0.7787540059495551,New / Low-Value
17372,41,8,1337.18,India,0,0.47321470652353115,-0.43457037764010226,New / Low-Value
17373,40,4,646.92,India,0,0.07760613720408988,-0.5432026488739962,New / Low-Value
17374,219,2,495.77,India,1,-0.7900304804188037,1.0355817523840893,At Risk / Lost
17375,199,3,400.1,India,1,-0.6328858359428774,0.8674110468915907,At Risk / Lost
17376,71,2,203.2,India,0,-0.24707199884735123,-0.3169024826410846,New / Low-Value
17377,24,20,4058.32,India,3,1.781927000465562,-0.26037569004988154,Loyal Customers
17379,11,1,389.71999999999997,India,0,-0.09321606999314773,-0.8685920582093651,New / Low-Value
17381,9,29,20275.61,India,3,3.768921450136145,0.4882735503687985,Loyal Customers
17382,65,1,65.4,India,0,-0.3216354666151756,-0.3945290800892452,New / Low-Value
17383,4,1,193.39000000000001,India,0,-0.08036853350004973,-0.9407785256471077,New / Low-Value
17384,19,2,336.4,India,0,-0.03970754203286115,-0.7814728060956877,New / Low-Value
17385,15,1,256.11,India,0,-0.11784218087440133,-0.8384109489987132,New / Low-Value
17386,8,6,2686.42,India,0,0.518307859998999,-0.7066942902681614,New / Low-Value
17387,20,2,746.81,India,0,-0.014654983515876744,-0.7539426680196941,New / Low-Value
17388,78,4,1259.56,India,0,-0.024003436048423824,-0.17173864660004787,New / Low-Value
17389,1,34,31833.68,India,3,5.050747156857596,1.0219635200752832,Loyal Customers
17391,164,2,508.8,India,1,-0.5796934812032892,0.5384520061918683,At Risk / Lost
17392,307,2,417.27,India,1,-1.1306237926456781,1.8283932788232775,At Risk / Lost
17394,219,1,203.86999999999998,India,1,-0.8982762237515325,1.005312381521583,At Risk / Lost
17396,39,8,7330.8,India,0,0.9023039466085974,-0.18277666782230576,New / Low-Value
17397,22,2,681.41,India,0,-0.026869238751093764,-0.738788846315342,New / Low-Value
17398,115,3,653.38,India,0,-0.2952325169130541,0.11866742017455997,New / Low-Value
17400,126,5,2097.84,India,0,-0.06010319299231439,0.31750494779843136,New / Low-Value
17402,5,13,2633.85,India,0,1.1400685304067086,-0.6163338162891606,New / Low-Value
17403,36,1,263.92,India,0,-0.1972536183821819,-0.6480220610000762,New / Low-Value
17404,4,15,31906.82,Sweden,3,3.3778024630653,0.7270278190171333,Loyal Customers
17405,1,3,1031.41,India,0,0.16542276168981046,-0.8959404385427097,New / Low-Value
17406,333,3,2184.42,India,1,-1.01763672134227,2.1603772609742404,At Risk / Lost
17408,163,1,32.65,India,1,-0.6970881144014269,0.4908364738482058,At Risk / Lost
17409,185,2,771.85,India,1,-0.6411563319290213,0.7403343421303107,At Risk / Lost
17410,16,5,1214.72,India,0,0.2966368760761429,-0.7176948870006491,New / Low-Value
17411,12,3,778.94,India,0,0.10578481770115918,-0.8077658561591141,New / Low-Value
17412,3,7,1258.06,India,0,0.5246224265139887,-0.7991351181230774,New / Low-Value
17414,44,2,778.0,India,0,-0.10384527793116377,-0.5353528074718651,New / Low-Value
17415,80,1,507.84,India,0,-0.3476376380786284,-0.23886516295398677,New / Low-Value
17416,30,7,6893.42,India,0,0.8180968327346382,-0.301041513799028,New / Low-Value
17418,42,2,463.46000000000004,India,0,-0.1183485672108014,-0.5676153135918639,New / Low-Value
17419,11,12,4226.57,India,0,1.1415041803865946,-0.5074424729314728,New / Low-Value
17420,50,3,598.83,India,0,-0.051571277144635115,-0.4719993576239244,New / Low-Value
17422,16,6,1979.37,India,0,0.4381266031152397,-0.6661376007896744,New / Low-Value
17423,46,2,698.41,India,0,-0.11705738008080363,-0.5208379609526949,New / Low-Value
17425,19,2,759.17,India,0,-0.00997817346270505,-0.762435488333928,New / Low-Value
17426,8,6,5037.26,India,0,0.6836199417679649,-0.6008360503574416,New / Low-Value
17427,72,1,100.8,India,0,-0.3457996700524636,-0.32958928471290727,New / Low-Value
17428,1,28,17256.85,India,3,3.499382932827028,0.26281864731123533,Loyal Customers
17429,128,3,524.9200000000001,India,0,-0.3537653233207972,0.23052494969064816,New / Low-Value
17430,33,2,265.76,India,0,-0.09798207065345242,-0.65796225341152,New / Low-Value
17431,313,1,403.3,India,1,-1.2421712757830523,1.8649354297722287,At Risk / Lost
17432,18,2,365.76,India,0,-0.03383528465444727,-0.7892001170266875,New / Low-Value
17433,88,1,303.15999999999997,India,0,-0.39249202009286216,-0.17568677060165527,New / Low-Value
17434,2,7,2373.82,India,0,0.6068908000184702,-0.757941876469041,New / Low-Value
17436,2,2,216.29999999999998,India,0,0.016577016180381442,-0.9407205460571695,New / Low-Value
17438,254,1,388.45000000000005,India,1,-1.0185642120717762,1.330352685528268,At Risk / Lost
17440,157,3,186.42000000000002,India,1,-0.48799062547069705,0.4777146362800014,At Risk / Lost
17442,37,6,2248.56,India,0,0.3770955198352127,-0.4639787808739933,New / Low-Value
17443,220,1,534.24,Canada,1,-0.8788521125235119,1.0292383213014549,At Risk / Lost
17444,148,3,2940.04,Canada,1,-0.260086034799591,0.5202655289854451,At Risk / Lost
17446,177,2,120.9,India,1,-0.6564702202028465,0.6386269619205286,At Risk / Lost
17447,40,2,541.53,India,0,-0.10524335211612439,-0.582198605655888,New / Low-Value
17449,2,7,2519.21,India,0,0.617114687466527,-0.7513949700438399,New / Low-Value
17450,8,46,194390.79,India,2,17.507810145320896,8.610751513841201,Champions (VIP)
17451,1,7,1721.4,India,0,0.5648199940201993,-0.7963697160648289,New / Low-Value
17453,18,2,486.71999999999997,India,0,-0.02532932533319438,-0.7837532926151577,New / Low-Value
17454,192,4,517.53,India,1,-0.5102553514976511,0.8264783053232664,At Risk / Lost
17455,204,1,131.7,India,1,-0.846236506339995,0.8663217090528018,At Risk / Lost
17456,365,1,249.86,India,1,-1.4509590181188892,2.3285943467611454,At Risk / Lost
17457,127,5,1737.7,India,0,-0.089236042502706,0.3103372473302427,New / Low-Value
17458,15,1,316.5,India,0,-0.11359553005255558,-0.835691589489683,New / Low-Value
17459,43,2,657.3,India,0,-0.1085253044130939,-0.5498373147586366,New / Low-Value
17460,94,6,622.4300000000001,India,0,0.04570933448581142,-0.0213880878263342,New / Low-Value
17461,23,3,735.82,India,0,0.06086845592071136,-0.7101642508708081,New / Low-Value
17462,60,2,675.69,India,0,-0.17196215365282977,-0.3951695724070813,New / Low-Value
17463,16,5,1875.86,India,0,0.34312852575912184,-0.6879237767870346,New / Low-Value
17464,158,1,289.96000000000004,India,1,-0.6599557166909742,0.4571761804838665,At Risk / Lost
17466,10,2,763.28,India,0,0.024579689253887024,-0.8436949311753201,New / Low-Value
17468,10,2,137.0,India,0,-0.019460590208036366,-0.8718962968536673,New / Low-Value
17469,16,5,1870.97,India,0,0.34278465885203746,-0.6881439733096238,New / Low-Value
17470,45,5,1125.07,India,0,0.17991081315486215,-0.45929949393965896,New / Low-Value
17472,191,3,697.54,India,1,-0.581508530758675,0.8084096339738946,At Risk / Lost
17475,79,1,194.37,India,0,-0.3658733340244963,-0.26203009634699675,New / Low-Value
17480,78,1,511.82,India,0,-0.3397424637090806,-0.2567847250300003,New / Low-Value
17481,4,4,1255.59,India,0,0.2574834568603523,-0.8415723248258717,New / Low-Value
17483,65,3,414.04,India,0,-0.12168053247936311,-0.3445795846325467,New / Low-Value
17486,261,1,396.87,India,1,-1.0446256607346547,1.3940775724834495,At Risk / Lost
17489,59,2,376.64,India,0,-0.18918382898516867,-0.41768517372325376,New / Low-Value
17490,1,7,2092.32,India,0,0.5909032482483667,-0.7796672019219335,New / Low-Value
17491,1,10,3558.87,India,0,0.9571893048418093,-0.662253135270654,New / Low-Value
17492,248,1,374.57,India,1,-0.996694362488883,1.2754313256369856,At Risk / Lost
17495,8,2,497.56,India,0,0.013509443410621526,-0.8737590744665253,New / Low-Value
17496,359,1,271.05,India,1,-1.4266230310244523,2.275252187697512,At Risk / Lost
17498,76,1,272.22,India,0,-0.3489759398973269,-0.285672685668848,New / Low-Value
17499,290,1,622.88,India,1,-1.139154376439114,1.666687123892187,At Risk / Lost
17500,17,3,1138.0,India,0,0.11199582398244444,-0.7463504440568894,New / Low-Value
17501,221,2,288.6,India,1,-0.812214063142232,1.0443516761319056,At Risk / Lost
17502,9,4,689.1,India,0,0.19860938832528835,-0.8218343956443762,New / Low-Value
17503,3,2,558.96,India,0,0.03686536550412119,-0.9162411880231828,New / Low-Value
17504,206,9,2997.0299999999997,India,1,0.0493931112984698,1.1504471919511745,At Risk / Lost
17505,162,2,1145.84,India,1,-0.527281254850339,0.5490391129482212,At Risk / Lost
17506,76,1,302.2,India,0,-0.3468677333790468,-0.2843226873565327,New / Low-Value
17507,262,2,605.58,India,1,-0.9460375235755039,1.4296502913299267,At Risk / Lost
17508,281,1,387.31,Greece,1,-1.1214509145998193,1.5746348993464672,At Risk / Lost
17509,58,8,6083.64,India,0,0.7422577769930885,-0.06699781472454526,New / Low-Value
17510,25,1,308.48,India,0,-0.15223599518124295,-0.7455588231406259,New / Low-Value
17511,3,31,91062.38,India,2,8.944961934586507,3.65575314021117,Champions (VIP)
17512,29,10,2924.9900000000002,India,0,0.806000403340961,-0.4374137900306222,New / Low-Value
17513,72,1,513.2,India,0,-0.31679952435070524,-0.31101892767492045,New / Low-Value
17514,128,1,208.65,India,0,-0.5514439851084867,0.18203307415955497,New / Low-Value
17515,31,4,639.02,India,0,0.11131945154561376,-0.6250029015796614,New / Low-Value
17516,15,5,764.88,India,0,0.26881158296890545,-0.7470005565461086,New / Low-Value
17517,309,1,153.94,India,1,-1.24447578032227,1.8175091953558593,At Risk / Lost
17519,17,6,1844.02,India,0,0.42480108326609506,-0.6631830157133212,New / Low-Value
17520,54,1,546.81,India,0,-0.24589836317705646,-0.47239450257886245,New / Low-Value
17521,30,3,723.2099999999999,India,0,0.033328168596077554,-0.6473863440526508,New / Low-Value
17522,2,5,1070.71,India,0,0.3398171242047787,-0.8508711213972412,New / Low-Value
17523,11,4,652.74,India,0,0.18843723840330856,-0.8053729037936052,New / Low-Value
17524,361,1,145.0,India,1,-1.4431022203935484,2.287674942102267,At Risk / Lost
17525,360,1,422.70000000000005,India,1,-1.4197665872062726,2.291130372361407,At Risk / Lost
17526,5,4,1195.8999999999999,India,0,0.24947838081284449,-0.8352107726944893,New / Low-Value
17527,54,4,939.37,India,0,0.04486425383774552,-0.40334216666285805,New / Low-Value
17528,1,8,3628.5,India,0,0.7866472973371181,-0.6933679478023314,New / Low-Value
17530,1,10,2367.12,India,0,0.8733849313207849,-0.715917594533556,New / Low-Value
17531,190,1,296.7,India,1,-0.7813265418600005,0.7470601837452211,At Risk / Lost
17534,54,1,223.36,India,0,-0.2686435065505621,-0.4869594443439857,New / Low-Value
17535,280,1,164.4,India,1,-1.1333183923236911,1.5555478794679094,At Risk / Lost
17536,177,1,76.5,India,1,-0.7473116568886664,0.6195025070786372,At Risk / Lost
17537,30,2,887.67,India,0,-0.04282614289267812,-0.6571058406720545,New / Low-Value
17538,26,1,98.42,India,0,-0.1708151544226727,-0.7459684266537683,New / Low-Value
17540,25,2,578.9,India,0,-0.045500734704173325,-0.7162566958988175,New / Low-Value
17542,270,1,170.75,India,1,-1.0947953623146012,1.4653399130794407,At Risk / Lost
17545,43,3,642.32,India,0,-0.021859494913914243,-0.5333867391624185,New / Low-Value
17548,234,1,103.3,India,1,-0.9624630923961487,1.13652457805743,At Risk / Lost
17549,24,2,148.86,India,0,-0.07193368327965809,-0.7446707721626279,New / Low-Value
17550,197,3,267.16,India,1,-0.6346189349716923,0.8433259821830817,At Risk / Lost
17551,359,1,290.34,India,1,-1.4252665499124568,2.276120815697664,At Risk / Lost
17552,60,4,930.41,India,0,0.02138828561317395,-0.34944929114293294,New / Low-Value
17553,130,1,1487.6,India,0,-0.46912296906785794,0.2577229275904288,New / Low-Value
17554,1,5,1952.45,India,0,0.40562911047083755,-0.8202157918528792,New / Low-Value
17555,20,2,480.31,India,0,-0.03339537834982095,-0.765943153350983,New / Low-Value
17556,206,1,157.9,India,1,-0.8520094101050835,0.8856002754338747,At Risk / Lost
17557,14,3,541.46,India,0,0.08146982271725496,-0.8003607906116406,New / Low-Value
17560,95,4,854.95,India,0,-0.117185827557422,-0.03611857890190763,New / Low-Value
17561,19,1,165.12,India,0,-0.13947123499084174,-0.8063106627343293,New / Low-Value
17562,14,7,1122.38,India,0,0.4731972056497515,-0.7057014862766628,New / Low-Value
17564,24,3,454.01,India,0,0.03724380576245048,-0.7138047542808359,New / Low-Value
17566,8,2,869.77,India,0,0.03968341099464546,-0.8569984716704316,New / Low-Value
17567,7,8,4331.48,India,0,0.8132352566850729,-0.6074164399118333,New / Low-Value
17569,332,1,344.14,India,1,-1.318676773493399,2.0342098797689423,At Risk / Lost
17571,50,4,1425.67,India,0,0.09429167749192137,-0.41764165796922414,New / Low-Value
17572,71,4,226.75000000000003,India,0,-0.06997753359171482,-0.2815917780900096,New / Low-Value
17573,29,3,380.6,India,0,0.0130433352938827,-0.6718634505884516,New / Low-Value
17574,243,1,185.65,India,1,-0.9909410506574206,1.2216773115620236,At Risk / Lost
17576,8,19,3564.83,India,3,1.7204277539050223,-0.44451290195157594,Loyal Customers
17578,218,1,143.45999999999998,India,1,-0.8987166314547064,0.9935427307474695,At Risk / Lost
17579,5,3,448.90000000000003,India,0,0.10922980937907262,-0.885973280045812,New / Low-Value
17580,253,3,215.72,India,1,-0.8514645914652349,1.3477755181346396,At Risk / Lost
17581,1,25,11025.24,India,3,2.7980158037854266,-0.06916589826203581,Loyal Customers
17582,236,1,175.27,India,1,-0.9650174300390997,1.1578641658779516,At Risk / Lost
17584,7,2,1242.3,India,0,0.06968753064384592,-0.8492728499517563,New / Low-Value
17585,109,4,1116.68,India,0,-0.15208795456090995,0.10235858282376264,New / Low-Value
17588,100,3,1240.2,India,0,-0.19685233874496547,0.009351043497396306,New / Low-Value
17589,60,4,2404.17,India,0,0.12502372385134897,-0.28308593181145036,New / Low-Value
17590,2,3,1468.02,India,0,0.19231771549628582,-0.8672305154172611,New / Low-Value
17591,73,7,2203.67,India,0,0.3245826622638469,-0.12309698752351064,New / Low-Value
17593,4,5,3923.86,India,0,0.5328365625628371,-0.7042950990788823,New / Low-Value
17594,85,2,993.18,India,0,-0.2448273582297096,-0.1546382425805052,New / Low-Value
17595,12,2,386.69,India,0,-0.009517580872043359,-0.8425539838808883,New / Low-Value
17596,23,7,2806.69,India,0,0.5573697648675989,-0.5484125520917265,New / Low-Value
17597,214,1,2044.3700000000001,India,1,-0.7498132230498895,1.0429430764185683,At Risk / Lost
17600,18,1,161.67000000000002,India,0,-0.1359061909501453,-0.815515406774971,New / Low-Value
17601,239,1,116.00999999999999,India,1,-0.9806075673559013,1.1823438622253513,At Risk / Lost
17602,2,6,5054.42,India,0,0.7076725375258885,-0.6543596801748655,New / Low-Value
17603,78,1,394.72,India,0,-0.3479769861670726,-0.2620577337815722,New / Low-Value
17604,217,2,309.36,India,1,-0.7955236128876598,1.0090889355154902,At Risk / Lost
17608,33,2,191.99,India,0,-0.10316960884069469,-0.6612841138351191,New / Low-Value
17609,41,5,1105.78,India,0,0.1937849301520254,-0.49636568460304664,New / Low-Value
17611,7,15,3961.12,India,3,1.401225848776283,-0.5042178661058757,Loyal Customers
17612,53,6,2048.45,India,0,0.30210130597185914,-0.328199476260992,New / Low-Value
17613,23,14,4544.55,India,0,1.2936112957836414,-0.35028090817271257,New / Low-Value
17614,57,1,386.32,India,0,-0.268607037713521,-0.4524731894588037,New / Low-Value
17615,130,3,329.6,India,0,-0.37511560893810064,0.23982847850854236,New / Low-Value
17616,174,3,571.1999999999999,India,1,-0.5256627720342273,0.6488809070388022,At Risk / Lost
17618,6,3,930.28,India,0,0.13927300887678884,-0.8552473654446343,New / Low-Value
17619,312,1,214.37,India,1,-1.2516492652650575,1.8473785280608646,At Risk / Lost
17620,60,1,81.44,India,0,-0.3014692792671458,-0.4390537528002263,New / Low-Value
17621,21,3,1379.9,India,0,0.11377573810717362,-0.6992601331698688,New / Low-Value
17623,33,1,527.0500000000001,India,0,-0.1673272548184902,-0.6633214986439493,New / Low-Value
17624,15,2,843.48,India,0,0.011181140175346056,-0.7948365747559593,New / Low-Value
17625,18,4,2020.4,India,0,0.25795813223232644,-0.6804414889521162,New / Low-Value
17628,81,1,75.75,India,0,-0.3818300425920305,-0.24927276931180475,New / Low-Value
17629,6,8,1814.12,India,0,0.6400210662904945,-0.7298224600469594,New / Low-Value
17630,170,2,503.59999999999997,India,1,-0.6029050446076896,0.5925141943753793,At Risk / Lost
17631,2,3,528.33,India,0,0.12623830978705866,-0.9095447220249862,New / Low-Value
17633,31,4,1324.84,India,0,0.1595466094631208,-0.5941204518614458,New / Low-Value
17634,36,9,2358.59,India,0,0.6517981550360876,-0.4166981512735126,New / Low-Value
17636,19,1,285.56,India,0,-0.1310018422936551,-0.8008872539039338,New / Low-Value
17637,31,2,547.0600000000001,India,0,-0.07058563438765915,-0.6633941059487981,New / Low-Value
17639,276,1,108.5,India,1,-1.1220187063016525,1.516833141832745,At Risk / Lost
17640,87,1,621.66,India,0,-0.36628731332500497,-0.1703941178227532,New / Low-Value
17642,120,2,712.29,India,0,-0.3978473975193944,0.14944196421359088,New / Low-Value
17643,373,1,101.55,India,1,-1.4918494374434816,2.3943110781683545,At Risk / Lost
17644,1,11,2895.64,India,0,0.9982698950122671,-0.6749932336557041,New / Low-Value
17646,219,3,1008.39,India,1,-0.6662636115785774,1.0757901368387988,At Risk / Lost
17647,65,1,133.06,India,0,-0.3168775862607116,-0.3914823527439732,New / Low-Value
17648,61,4,1797.5,India,0,0.07855477851201823,-0.3013548692354462,New / Low-Value
17649,138,1,868.49,India,0,-0.5431202472585701,0.30223955207842257,New / Low-Value
17650,21,1,166.08,India,0,-0.14701902643176032,-0.7881686526375408,New / Low-Value
17651,12,10,3945.0,India,0,0.9424579880237275,-0.545322418055685,New / Low-Value
17652,25,12,4867.72,India,0,1.1332830312738953,-0.3518800423712901,New / Low-Value
17653,37,4,1207.56,India,0,0.12845353216382938,-0.5451052220116339,New / Low-Value
17654,277,1,117.55,India,1,-1.125189955929328,1.5262900536702169,At Risk / Lost
17655,11,7,2638.94,India,0,0.59126530691217,-0.6645590164954055,New / Low-Value
17656,73,5,1674.69,India,0,0.11194614162014134,-0.18116718663741221,New / Low-Value
17658,26,2,595.42,India,0,-0.04814669071305115,-0.7064634102323598,New / Low-Value
17659,17,12,2999.46,India,0,1.0323673792653283,-0.5084028477166488,New / Low-Value
17660,141,1,178.75,India,0,-0.6030460098470608,0.2983287568998526,New / Low-Value
17663,26,7,1802.91,India,0,0.4753605741603395,-0.5664645570768178,New / Low-Value
17664,19,2,604.64,India,0,-0.020844789649156856,-0.7693939686275267,New / Low-Value
17666,4,2,728.16,India,0,0.04495593288453643,-0.8995727274960078,New / Low-Value
17667,66,5,2055.51,India,0,0.16537911480521272,-0.22736461051435436,New / Low-Value
17668,1,2,347.75,India,0,0.02962828634902935,-0.9438507479920294,New / Low-Value
17669,43,7,3406.7200000000003,India,0,0.523411142472693,-0.34040540964484284,New / Low-Value
17670,228,1,205.7,India,1,-0.9324163831085988,1.0868393023474698,At Risk / Lost
17671,16,4,1572.71,India,0,0.23409167757880642,-0.7186997347413875,New / Low-Value
17672,50,2,3178.17,India,0,0.04208981353019349,-0.3729768954560013,New / Low-Value
17673,2,6,1594.97,India,0,0.46440252286064154,-0.810138588164835,New / Low-Value
17674,74,2,551.04,India,0,-0.2340346887461465,-0.27409108806341226,New / Low-Value
17675,1,31,20374.28,India,3,3.9817595823790515,0.45457178046802305,Loyal Customers
17676,4,6,1371.18,India,0,0.44105021457571186,-0.8021170624140395,New / Low-Value
17677,2,30,16345.38,India,3,3.6069187392584343,0.265074825850965,Loyal Customers
17678,264,1,298.11,India,1,-1.0629934550718718,1.4167785852639228,At Risk / Lost
17679,53,2,1992.1100000000001,India,0,-0.052737385320898326,-0.3992369622279117,New / Low-Value
17680,24,1,184.4,India,0,-0.1571537047196036,-0.76019553170477,New / Low-Value
17682,10,6,2474.33,India,0,0.49577830075555945,-0.6981459139418459,New / Low-Value
17684,44,1,239.41,India,0,-0.22943836836177495,-0.5767306200843739,New / Low-Value
17685,17,7,3155.83,India,0,0.6047673372745762,-0.5869871345534985,New / Low-Value
17686,7,7,5739.46,India,0,0.8245258074248587,-0.5611402760465681,New / Low-Value
17690,30,15,4726.8,India,3,1.36749285717753,-0.26160333817140424,Loyal Customers
17691,358,2,290.40000000000003,India,1,-1.3337354716053027,2.2841992512824167,At Risk / Lost
17692,127,4,740.9399999999999,India,0,-0.24704784475721295,0.24832805624029824,New / Low-Value
17693,137,1,200.47,India,0,-0.5862880519788279,0.263109245048608,New / Low-Value
17694,142,1,283.12,India,0,-0.5995143160016723,0.31207792487908215,New / Low-Value
17695,132,2,765.34,India,0,-0.43980869298780567,0.2604234917786251,New / Low-Value
17696,38,8,2285.71,India,0,0.5513386934237533,-0.4190062781505221,New / Low-Value
17697,236,1,338.95,India,1,-0.953507381909944,1.165234670339585,At Risk / Lost
17698,261,1,154.95,India,1,-1.0616375793771604,1.3831839236603898,At Risk / Lost
17700,17,4,2534.64,India,0,0.2979273601438843,-0.6663346710747283,New / Low-Value
17701,253,1,417.95,India,1,-1.0126821098330367,1.3226316787921888,At Risk / Lost
17702,30,4,1824.37,India,0,0.1984814238361897,-0.5806760247503742,New / Low-Value
17703,35,3,798.74,India,0,0.01960122310524948,-0.5987382775638607,New / Low-Value
17704,169,2,885.19,India,1,-0.5722638218545658,0.6006477875653548,At Risk / Lost
17705,3,9,1823.52,India,0,0.7398242364768024,-0.7394222259326828,New / Low-Value
17706,4,17,10504.49,India,3,2.0482198143820667,-0.20246807549352935,Loyal Customers
17707,185,2,152.4,India,1,-0.6847163228479209,0.7124405311041687,At Risk / Lost
17708,188,2,263.33,India,1,-0.68833862603043,0.744583876977017,At Risk / Lost
17709,170,1,137.45,India,1,-0.7163720799344909,0.5589013487066881,At Risk / Lost
17711,11,2,385.1,India,0,-0.005821740829879286,-0.8516749721890113,New / Low-Value
17712,45,1,522.91,India,0,-0.21331017572987818,-0.5549152347040421,New / Low-Value
17714,321,1,153.0,India,1,-1.2902336758547888,1.9260595551796693,At Risk / Lost
17715,201,1,326.4,India,1,-0.8211221698625578,0.8479408709915927,At Risk / Lost
17716,23,11,5655.99,India,0,1.1086106068373276,-0.351608178654352,New / Low-Value
17718,232,1,139.35,India,1,-0.9523127418077468,1.1200491269179058,At Risk / Lost
17719,38,15,5396.04,India,3,1.3840929061324543,-0.15907235992518962,Loyal Customers
17720,26,4,1195.94,India,0,0.16952055355699727,-0.645171767513954,New / Low-Value
17722,96,4,2424.04,India,0,-0.01065439216916372,0.04358687753677881,New / Low-Value
17723,127,6,3276.4000000000005,India,0,0.10668521407190504,0.3967499769584184,New / Low-Value
17724,71,3,1033.0,India,0,-0.10100089573534085,-0.2624114942937742,New / Low-Value
17725,16,11,3439.08,India,0,0.9793700870693711,-0.5147812901847603,New / Low-Value
17727,15,1,1060.25,India,0,-0.061294709573208456,-0.8022005539731877,New / Low-Value
17728,4,3,2876.01,India,0,0.28371287993981203,-0.7857299954680027,New / Low-Value
17730,3,13,5298.4800000000005,India,0,1.3350617592412988,-0.5144444053944671,New / Low-Value
17731,79,4,1240.11,India,0,-0.02917881795665239,-0.16356508872858633,New / Low-Value
17732,373,1,303.97,India,1,-1.4776151758213916,2.4034260434244876,At Risk / Lost
17733,39,2,692.19,India,0,-0.09084122646995277,-0.5844637819876932,New / Low-Value
17734,54,3,700.63,India,0,-0.05964325538851979,-0.4312177446540277,New / Low-Value
17735,2,19,13110.02,India,3,2.414495524858689,-0.06898968654919051,Loyal Customers
17736,9,3,377.44,India,0,0.08897411327804283,-0.8529935585899833,New / Low-Value
17737,9,2,168.24,India,0,-0.013456130419536864,-0.8795389514528741,New / Low-Value
17738,19,4,1879.05,India,0,0.2442106897978022,-0.6777570836580808,New / Low-Value
17739,12,7,2791.35,India,0,0.5981751942578314,-0.6486466090590837,New / Low-Value
17742,113,2,355.11,India,0,-0.3963109023360147,0.07001242711154139,New / Low-Value
17744,4,6,2322.4,India,0,0.5079404148531769,-0.7592836603246267,New / Low-Value
17746,240,1,110.25,India,1,-0.9848202625651553,1.1911338803001348,At Risk / Lost
17747,113,1,71.4,India,0,-0.5039807213397002,0.04011185165189876,New / Low-Value
17749,178,2,674.52,India,1,-0.62134707277716,0.6726058411008143,At Risk / Lost
17750,5,9,1710.45,India,0,0.7242578063007443,-0.7264149825988466,New / Low-Value
17752,359,1,80.64,India,1,-1.440012744271474,2.2666780323056517,At Risk / Lost
17754,1,5,1664.65,India,0,0.3853908904587957,-0.8331754154113966,New / Low-Value
17757,1,30,5593.39,India,3,2.8546418189897773,-0.22813628442896533,Loyal Customers
17758,19,8,3408.2000000000003,India,0,0.7026180149193829,-0.5403990168252122,New / Low-Value
17759,17,3,819.96,India,0,0.0896311141400894,-0.7606717737182894,New / Low-Value
17760,22,2,287.59,India,0,-0.054562830846793246,-0.7565225466274177,New / Low-Value
17761,33,1,712.78,India,0,-0.1542666411880645,-0.6549580834822972,New / Low-Value
17763,263,1,15.0,India,1,-1.079094222735719,1.3949807615694416,At Risk / Lost
17764,51,2,772.55,India,0,-0.13088207097057794,-0.4722524861134751,New / Low-Value
17765,159,3,367.63,India,1,-0.4828631592425033,0.5039732973372584,At Risk / Lost
17767,15,1,271.2,India,0,-0.11678104557217163,-0.8377314468461835,New / Low-Value
17768,8,3,2081.9,India,0,0.2126401244513534,-0.7852911772941845,New / Low-Value
17769,13,10,3957.43,India,0,0.9395244214524826,-0.5357133049408408,New / Low-Value
17770,199,5,1143.27,India,1,-0.4051873822054288,0.9351262139346057,At Risk / Lost
17771,57,2,245.81,India,0,-0.19076855190479167,-0.4416752252083143,New / Low-Value
17772,11,2,173.45,India,0,-0.02070506002914493,-0.8612055640102769,New / Low-Value
17774,97,4,1213.73,India,0,-0.09957156241491878,-0.0018639471869511207,New / Low-Value
17775,255,1,56.4,India,1,-1.0457217606782823,1.3244498767409645,At Risk / Lost
17777,25,3,647.56,India,0,0.04704667563519802,-0.6960398141370873,New / Low-Value
17779,21,3,650.32,India,0,0.06247135813363132,-0.7321130941004567,New / Low-Value
17781,159,2,188.02,India,1,-0.5832126213898526,0.4787603411008321,At Risk / Lost
17783,72,2,283.47,India,0,-0.24523502738657071,-0.30423853678749885,New / Low-Value
17785,53,1,131.94,India,0,-0.2712645508158397,-0.5001254742930457,New / Low-Value
17786,85,2,266.85,India,0,-0.29590319680283794,-0.18734485612900414,New / Low-Value
17787,153,4,1817.54,India,1,-0.2703397565634635,0.5320914724919124,At Risk / Lost
17788,74,2,1117.9,India,0,-0.19417284928809914,-0.24856540282928713,New / Low-Value
17789,281,1,225.9,India,1,-1.1328013353508397,1.567366612902477,At Risk / Lost
17790,27,14,1964.3,India,0,1.0969364058535274,-0.4302719093971235,New / Low-Value
17791,30,1,106.1,India,0,-0.18550569162254546,-0.7094250338691659,New / Low-Value
17793,25,1,300.34,India,0,-0.1528084034887413,-0.7459253670453039,New / Low-Value
17795,180,2,342.83,India,1,-0.6522869555558328,0.6757686337662587,At Risk / Lost
17796,40,4,690.0,India,0,0.08063554136711545,-0.5412627580369533,New / Low-Value
17797,22,3,780.43,India,0,0.0678130998702984,-0.7172048548550831,New / Low-Value
17799,22,10,3039.17,India,0,0.8406831368317625,-0.4956180034337738,New / Low-Value
17800,37,9,1187.21,India,0,0.5656185591651373,-0.46039595950963624,New / Low-Value
17802,82,3,1285.04,India,0,-0.12516147913234782,-0.15151884491397405,New / Low-Value
17805,74,1,512.31,India,0,-0.3244774085887826,-0.29296022301101315,New / Low-Value
17806,11,1,546.04,India,0,-0.08222358023539104,-0.8615529742807083,New / Low-Value
17809,16,12,5411.91,India,0,1.2058195523091235,-0.4088197024069697,New / Low-Value
17811,4,39,7761.82,India,3,3.785176688363122,0.05078233187172534,Loyal Customers
17812,13,4,699.81,India,0,0.1841319220310322,-0.7851545620697032,New / Low-Value
17813,14,5,1698.07,India,0,0.3382415554045944,-0.7140284353683704,New / Low-Value
17816,37,4,36.56,India,0,0.04610830758390935,-0.597835309527353,New / Low-Value
17817,4,3,387.68,India,0,0.10873244212687239,-0.8977794050905383,New / Low-Value
17819,72,7,3704.87,India,0,0.4339553426531143,-0.06454739665336955,New / Low-Value
17824,51,1,298.4,India,0,-0.25194371283421213,-0.5107285678638892,New / Low-Value
17827,5,5,1987.33,India,0,0.3928512889913523,-0.7824475840551021,New / Low-Value
17828,23,4,1820.09,Malta,0,0.22483399908297988,-0.6442144876557564,New / Low-Value
17829,299,1,889.24,United Arab Emirates,1,-1.1546926722111024,1.7601258210208348,At Risk / Lost
17830,2,3,398.7,India,0,0.11712267232993223,-0.9153819562219654,New / Low-Value
17831,33,1,35.400000000000006,India,0,-0.2019002946688042,-0.6854604803067189,New / Low-Value
17832,50,1,155.37,India,0,-0.25819399453806335,-0.5262185942405208,New / Low-Value
17835,3,3,342.24,India,0,0.1093447312742205,-0.9088749573077685,New / Low-Value
17836,47,1,110.21000000000001,India,0,-0.24994671661548484,-0.555400319399527,New / Low-Value
17837,42,8,1541.23,India,0,0.48375594092069285,-0.4163326228772972,New / Low-Value
17838,27,5,2720.8,India,0,0.3606609258407097,-0.5503328619178494,New / Low-Value
17839,42,1,318.15,India,0,-0.21628603857839723,-0.5912837420727058,New / Low-Value
17841,2,124,40519.84,India,2,13.552482881228093,2.9634115811507025,Champions (VIP)
17843,303,1,205.48,India,1,-1.2180055681501212,1.7655336956911172,At Risk / Lost
17844,107,1,51.559999999999995,Canada,0,-0.4825299815249507,-0.015077886823152507,New / Low-Value
17846,85,1,2033.1,India,0,-0.25941894528572684,-0.12493580716189742,New / Low-Value
17848,81,9,901.1999999999999,India,0,0.37796963352365487,-0.07510179013750501,New / Low-Value
17849,218,4,605.8000000000001,India,1,-0.6030470547719397,1.0657372575318316,At Risk / Lost
17850,372,34,5391.21,India,3,1.7786632978626782,3.188583992332241,Loyal Customers
17852,12,2,114.34,India,0,-0.028669350226732716,-0.8548178944999371,New / Low-Value
17854,185,2,311.26,India,1,-0.6735452191956869,0.7195939911406736,At Risk / Lost
17855,373,1,208.97,India,1,-1.4842956167565686,2.39914819687112,At Risk / Lost
17856,2,4,1418.03,India,0,0.2765216067097755,-0.8523564388508683,New / Low-Value
17857,4,23,26879.04,India,3,3.7260004834440723,0.6376280636486216,Loyal Customers
17858,6,12,5140.66,India,0,1.2248216307013173,-0.5115279867240154,New / Low-Value
17859,305,1,141.92000000000002,India,1,-1.2300904337924885,1.7807703725287134,At Risk / Lost
17860,369,1,226.45000000000002,India,1,-1.4678358175153374,2.3637377579737042,At Risk / Lost
17861,3,8,2097.88,India,0,0.6713981403435832,-0.744192929539296,New / Low-Value
17862,324,1,330.9,India,1,-1.2891466197801524,1.961218557722823,At Risk / Lost
17863,59,6,3160.0,India,0,0.35742008377123813,-0.22385007609355334,New / Low-Value
17864,13,3,554.85,India,0,0.08621906281425012,-0.8088072300632433,New / Low-Value
17865,31,20,10526.32,India,3,2.2101060008137505,0.09422384994952604,Loyal Customers
17866,143,1,329.65,India,1,-0.6000499558793431,0.3232225597567667,At Risk / Lost
17867,30,6,1157.8700000000001,India,0,0.32705127575162646,-0.5764382466640487,New / Low-Value
17869,107,5,428.18,India,0,-0.1051690626246298,0.07038179592389915,New / Low-Value
17870,2,12,1865.89,India,0,1.0097689913232133,-0.6951883236774741,New / Low-Value
17871,205,1,155.9,India,1,-0.848342401439587,0.8764608248406265,At Risk / Lost
17873,80,5,1848.96,India,0,0.09754733642146433,-0.10997408019932538,New / Low-Value
17874,185,6,683.46,India,1,-0.29649511659992894,0.8048546414480843,At Risk / Lost
17877,170,1,237.61,India,1,-0.7093287855758873,0.563411549872849,At Risk / Lost
17878,44,1,379.45,India,0,-0.2195906952190149,-0.5704246239650731,New / Low-Value
17879,174,1,178.51999999999998,India,1,-0.7287146179467261,0.59694829197989,At Risk / Lost
17880,365,1,458.92,India,1,-1.4362578288356458,2.3380083109763774,At Risk / Lost
17881,304,1,133.35000000000002,India,1,-1.2268854303579826,1.7713350750738268,At Risk / Lost
17883,3,4,664.34,India,0,0.21971415162002655,-0.8772456815409282,New / Low-Value
17884,4,4,695.0699999999999,India,0,0.2180674489341894,-0.8668125200900143,New / Low-Value
17885,12,1,156.34,India,0,-0.1134351016830862,-0.87005176047645,New / Low-Value
17886,32,3,869.28,India,0,0.035984574882564735,-0.6227100359205027,New / Low-Value
17887,129,1,111.35,India,0,-0.5620938125620156,0.18670104935544113,New / Low-Value
17888,21,8,716.0,India,0,0.5056860518049738,-0.6435299038196568,New / Low-Value
17889,212,2,201.37,India,1,-0.7840792685837354,0.9589791964043599,At Risk / Lost
17890,323,2,586.89,India,1,-1.1796184335936313,1.9808215119223478,At Risk / Lost
17891,162,1,203.85999999999999,India,1,-0.6812409039003302,0.48949666327083946,At Risk / Lost
17892,56,3,244.1,India,0,-0.09936194076032448,-0.4336764926593452,New / Low-Value
17893,225,1,107.21,India,1,-0.9279192937657359,1.055256129223294,At Risk / Lost
17894,72,8,1118.96,India,0,0.33983224674729506,-0.1638657056829308,New / Low-Value
17895,44,1,95.45,India,0,-0.23956169759364965,-0.5832131336614559,New / Low-Value
17896,23,1,256.32,India,0,-0.14828860980223038,-0.766006367379861,New / Low-Value
17897,173,3,541.8100000000001,India,1,-0.5239218399709887,0.6385080857392726,At Risk / Lost
17898,85,2,152.06,India,0,-0.3039752790654588,-0.19251384566438362,New / Low-Value
17899,159,1,154.55,India,1,-0.6732854557659725,0.46012806376239657,At Risk / Lost
17900,190,2,112.19999999999999,India,1,-0.7065814518064126,0.7558772798916829,At Risk / Lost
17901,29,1,110.38,India,0,-0.18139707065101832,-0.7182816962902546,New / Low-Value
17904,21,1,181.07,India,0,-0.14596492317262025,-0.7874936534813831,New / Low-Value
17905,71,4,798.99,India,0,-0.029737370215443745,-0.2558238316510727,New / Low-Value
17906,247,1,72.9,India,1,-1.014100277350171,1.252797745815868,At Risk / Lost
17908,374,1,232.03,India,1,-1.4864816771473828,2.409235978500304,At Risk / Lost
17911,9,1,366.23,India,0,-0.08725259786032953,-0.8877485933887577,New / Low-Value
17912,310,5,310.06,India,1,-0.8864281659619394,1.9020891617685352,At Risk / Lost
17913,59,2,408.65,India,0,-0.18693287199216846,-0.4162437645845875,New / Low-Value
17914,4,1,329.36,India,0,-0.07080706451103887,-0.9346558014801458,New / Low-Value
17917,45,3,335.03,India,0,-0.05108355917871017,-0.5291252153822144,New / Low-Value
17919,88,1,1304.04,India,0,-0.32210970721707194,-0.13061718051392437,New / Low-Value
17920,4,17,4119.5,India,3,1.5992245663115772,-0.48998394354390606,Loyal Customers
17921,64,4,820.23,India,0,-0.0015902175721722348,-0.31821312988232936,New / Low-Value
17923,282,1,207.50000000000003,India,1,-1.137902880806627,1.5755874522358444,At Risk / Lost
17924,12,7,2962.5,India,0,0.6102105360057847,-0.6409397307684643,New / Low-Value
17925,373,1,244.08,India,1,-1.481826666427789,2.400729198897317,At Risk / Lost
17926,133,2,397.29,India,0,-0.46949777710658946,0.25289960429741404,New / Low-Value
17928,45,2,212.54,India,0,-0.14741631831324556,-0.5517660600909737,New / Low-Value
17929,11,4,843.0,India,0,0.2018164035856959,-0.7968055028963031,New / Low-Value
17930,36,5,1740.48,India,0,0.2574555552785465,-0.5130321199592243,New / Low-Value
17931,134,2,408.36,India,0,-0.47252697946385375,0.2624474766615995,New / Low-Value
17932,29,3,1331.57,India,0,0.07991595546362354,-0.6290413059899688,New / Low-Value
17934,52,2,704.25,India,0,-0.13949260592810547,-0.4662786419697188,New / Low-Value
17935,138,2,145.79,India,0,-0.506221613113533,0.28682152175096454,New / Low-Value
17936,5,1,380.13,India,0,-0.07104454576170811,-0.92332023955629,New / Low-Value
17937,9,7,4301.22,India,0,0.7157728518375517,-0.6078053897351108,New / Low-Value
17939,160,1,99.14,India,1,-0.680989560369243,0.46668234413849924,At Risk / Lost
17940,49,10,4020.04,India,0,0.8068518006484907,-0.2071159149432336,New / Low-Value
17941,131,1,304.56,India,0,-0.5561225011630627,0.21350006997733398,New / Low-Value
17942,8,1,77.50000000000001,India,0,-0.10374856634581552,-0.9097994854793434,New / Low-Value
17946,233,2,149.57999999999998,India,1,-0.8676818037729536,1.1466842985653054,At Risk / Lost
17947,37,1,176.68,India,0,-0.20719602230089107,-0.6429010843691703,New / Low-Value
17948,147,1,358.56000000000006,India,1,-0.613247590331281,0.3607219386711375,At Risk / Lost
17949,1,45,58510.48,India,3,7.891582532894166,2.41159522521197,Loyal Customers
17950,72,3,482.2,India,0,-0.14354103860047843,-0.27816460764475276,New / Low-Value
17951,40,3,1008.5400000000001,India,0,0.015316201870908059,-0.5440440378464322,New / Low-Value
17954,5,12,2314.13,India,0,1.0298664726864368,-0.6478559207423481,New / Low-Value
17955,199,4,557.3,India,1,-0.534112254651921,0.8916148816410594,At Risk / Lost
17956,249,1,12.75,India,1,-1.025945350323181,1.2681879748297482,At Risk / Lost
17957,66,1,111.68,India,0,-0.32218868660057054,-0.3833957027024906,New / Low-Value
17958,117,1,508.4599999999999,India,0,-0.48847707192119033,0.09599021025844785,New / Low-Value
17960,171,1,73.78,India,1,-0.7246570312969671,0.5650836815824664,At Risk / Lost
17961,21,39,1296.44,India,3,3.26579833888893,-0.08651385364332378,Loyal Customers
17962,142,1,102.41,India,0,-0.612221921068997,0.30394056013530285,New / Low-Value
17964,32,2,463.21,India,0,-0.08028965204562884,-0.6581204777408824,New / Low-Value
17965,38,14,2599.19,India,0,1.0996979994252842,-0.30213953840725255,New / Low-Value
17966,38,5,1098.43,India,0,0.2046910235668044,-0.5238448268338128,New / Low-Value
17967,372,1,112.27,India,1,-1.4872879528969805,2.38574440871362,At Risk / Lost
17968,374,1,265.1,India,1,-1.4841561804976322,2.410725119400513,At Risk / Lost
17969,166,2,228.2,India,1,-0.6070406931674549,0.5439153797037501,At Risk / Lost
17970,211,1,562.79,India,1,-0.842575618475807,0.9490794107733712,At Risk / Lost
17972,242,1,135.19,India,1,-0.9906817700731734,1.2103557089269208,At Risk / Lost
17973,52,1,337.04,India,0,-0.25303418091165714,-0.4999392193999528,New / Low-Value
17974,25,3,703.99,India,0,0.051014857550693224,-0.693498773284387,New / Low-Value
17975,15,13,4483.26,India,0,1.2320433432382953,-0.4425610444282999,New / Low-Value
17976,372,1,321.79,India,1,-1.4725544162155246,2.3951790867121625,At Risk / Lost
17977,29,1,288.14,India,0,-0.16889691085483852,-0.7102771699394482,New / Low-Value
17978,365,1,300.91999999999996,India,1,-1.4473684569173089,2.330893576708671,At Risk / Lost
17979,36,4,732.41,India,0,0.09884842895059896,-0.5755505999388382,New / Low-Value
17980,166,3,811.45,India,1,-0.47830709229300145,0.587304230495979,At Risk / Lost
17984,145,1,152.68,India,1,-0.6201098615896938,0.3333523884089166,At Risk / Lost
17985,22,1,631.35,India,0,-0.11810868907578836,-0.7581681707518867,New / Low-Value
17986,56,1,20.8,India,0,-0.29050291208755696,-0.4779819324634218,New / Low-Value
17987,185,1,198.57,India,1,-0.7691888381074357,0.6973944400763668,At Risk / Lost
17988,12,7,201.12,India,0,0.416029104536528,-0.7652845719846525,New / Low-Value
17990,237,3,630.84,India,1,-0.7613507817548032,1.2216781060210018,At Risk / Lost
17991,225,2,93.35,India,1,-0.841174725383952,1.071757138378878,At Risk / Lost
17994,122,4,674.89,India,0,-0.2326542615814851,0.20010687380757053,New / Low-Value
17995,282,1,76.1,India,1,-1.1471429854264403,1.5696705150030814,At Risk / Lost
17997,74,8,1962.46,India,0,0.3915322311539988,-0.10778414995378184,New / Low-Value
17999,37,2,380.39,India,0,-0.10515183776893373,-0.6166029060071001,New / Low-Value
18001,12,2,415.13,India,0,-0.00751766781734402,-0.8412733317127012,New / Low-Value
18004,362,1,157.92,India,1,-1.4460013299536538,2.297306119899334,At Risk / Lost
18005,4,2,226.47,India,0,0.009676875908020572,-0.9221638099945229,New / Low-Value
18006,23,1,444.68,India,0,-0.13504305343854658,-0.7575245234136263,New / Low-Value
18008,70,9,2116.19,India,0,0.5052923986589027,-0.11993413184165583,New / Low-Value
18009,235,1,247.39,India,1,-0.956138271035547,1.1520623361956044,At Risk / Lost
18010,257,1,174.8,India,1,-1.0450111207147041,1.3478802057769896,At Risk / Lost
18011,373,1,102.78999999999999,India,1,-1.49176224010917,2.3943669153233667,At Risk / Lost
18013,155,2,187.29,India,1,-0.5680333571952484,0.44252990656408125,At Risk / Lost
18014,28,1,162.22,India,0,-0.1739440099860489,-0.7249967336368364,New / Low-Value
18015,4,1,120.03,India,0,-0.0855272403106244,-0.9440819237855818,New / Low-Value
18016,32,5,1477.66,India,0,0.2542045377394605,-0.5610644576872602,New / Low-Value
18017,81,3,523.0,India,0,-0.17494081076550416,-0.1948828691327108,New / Low-Value
18018,108,2,122.14,India,0,-0.3936552054855475,0.01427484313472838,New / Low-Value
18019,52,1,38.45,India,0,-0.2740311583730733,-0.5133847162670053,New / Low-Value
18022,36,1,612.72,India,0,-0.1727258520854474,-0.6323156096546596,New / Low-Value
18024,153,2,389.78,India,1,-0.5461788740884163,0.4335492425860569,At Risk / Lost
18027,99,1,115.31,India,0,-0.44758585783697497,-0.08460235196249533,New / Low-Value
18030,4,2,230.64999999999998,India,0,0.009970815309168385,-0.9219755847461747,New / Low-Value
18032,334,1,73.5,India,1,-1.3453235939658343,2.0401217517194716,At Risk / Lost
18033,65,1,93.82000000000001,India,0,-0.3196369599690942,-0.39324932852033256,New / Low-Value
18034,22,2,418.68,India,0,-0.04534452556055778,-0.7506195686834077,New / Low-Value
18035,36,3,713.89,India,0,0.00982688501638318,-0.5935096793196647,New / Low-Value
18036,32,3,403.12,India,0,0.003204002815805112,-0.6437012038080582,New / Low-Value
18037,154,6,70.02,India,1,-0.22159534638316022,0.4967003498638223,At Risk / Lost
18040,19,2,357.20000000000005,India,0,-0.03824487707021185,-0.7805361828503189,New / Low-Value
18041,12,21,4097.37,India,3,1.9180840171735611,-0.3500848335035969,Loyal Customers
18042,54,1,165.04999999999998,India,0,-0.2727438908761429,-0.489585141528479,New / Low-Value
18043,25,3,529.29,India,0,0.038729878273056996,-0.7013655079462112,New / Low-Value
18044,4,10,2088.6,India,0,0.8423763363255945,-0.7013111680313284,New / Low-Value
18045,45,1,178.34,India,0,-0.23754048660392008,-0.5704312093029246,New / Low-Value
18048,203,2,172.29000000000002,India,1,-0.7518553409686016,0.8762252090671125,At Risk / Lost
18050,359,1,74.4,India,1,-1.440451543760269,2.2663970453320412,At Risk / Lost
18053,71,1,300.02,India,0,-0.32798278428195304,-0.32966780600648593,New / Low-Value
18055,7,10,6761.34,India,0,1.1595424780115096,-0.4637496833625089,New / Low-Value
18056,288,1,363.65,India,1,-1.1497682426858606,1.6369152250655223,At Risk / Lost
18058,10,1,170.16,India,0,-0.10484797427351582,-0.887528227709462,New / Low-Value
18059,23,3,306.46,India,0,0.030675675710946666,-0.7294983160934803,New / Low-Value
18061,22,10,2119.41,India,0,0.7760052173103046,-0.5370347628645661,New / Low-Value
18062,173,3,720.52,India,1,-0.5113548757654571,0.6465553905556127,At Risk / Lost
18064,133,2,814.0,India,0,-0.44019455034766675,0.2716640404790326,New / Low-Value
18065,6,14,2392.83,India,0,1.2070314601787313,-0.6010124230263251,New / Low-Value
18066,75,1,318.0,India,0,-0.3419490210435908,-0.292660604595571,New / Low-Value
18067,40,1,396.33,India,0,-0.20317308823632163,-0.6058620808407208,New / Low-Value
18068,289,1,101.69999999999999,India,1,-1.171996329086515,1.6341690167349667,At Risk / Lost
18069,26,5,2009.24,India,0,0.3144313695592138,-0.5914237735680179,New / Low-Value
18071,258,2,453.0,India,1,-0.9415364168125485,1.3865820568023457,At Risk / Lost
18072,186,1,247.44,India,1,-0.7695599281768084,0.7086444450691552,At Risk / Lost
18073,114,12,3859.82,India,0,0.7235262610444302,0.40813002645265695,New / Low-Value
18074,374,1,489.6,India,1,-1.4683692437613451,2.4208343462555764,At Risk / Lost
18075,23,10,2611.75,India,0,0.8068191287306477,-0.5058153198610209,New / Low-Value
18077,8,11,2584.41,India,0,0.9497305206132904,-0.625662174603511,New / Low-Value
18078,217,2,336.13,India,1,-0.7936411349525578,1.0102943876442654,At Risk / Lost
18079,45,4,3613.15,India,0,0.2671544613060669,-0.36438646626079185,New / Low-Value
18080,19,2,1231.5,India,0,0.023236275662686583,-0.7411664855702222,New / Low-Value
18081,36,3,343.45,India,0,-0.01622261540495376,-0.6101905790799746,New / Low-Value
18082,26,1,680.84,India,0,-0.1298591290598742,-0.7197420751841653,New / Low-Value
18084,16,1,90.47999999999999,India,0,-0.133297003371095,-0.8368198712237912,New / Low-Value
18085,330,2,689.95,India,1,-1.1990247566764551,2.048808034643957,At Risk / Lost
18086,274,1,101.34,India,1,-1.1149069015322928,1.4984119459608944,At Risk / Lost
18087,98,2,4055.7199999999993,India,0,-0.07896766964639834,0.10090990116501038,New / Low-Value
18088,61,1,166.03,India,0,-0.2993285235448919,-0.4261952775033716,New / Low-Value
18092,2,11,9068.26,India,0,1.428523543645956,-0.38799098833466217,New / Low-Value
18093,93,4,2106.52,India,0,-0.02155958680558352,0.0021407914590864914,New / Low-Value
18094,82,7,3017.3,India,0,0.3475286287086415,-0.005014742150005755,New / Low-Value
18095,313,2,580.0500000000001,India,1,-1.1420229300680673,1.8900196003124166,At Risk / Lost
18096,12,3,849.06,India,0,0.11071568631562884,-0.8046083551030917,New / Low-Value
18097,8,6,2662.4,India,0,0.5166187632488626,-0.7077759099967077,New / Low-Value
18099,127,1,168.31,India,0,-0.5504730617635659,0.1711671747572951,New / Low-Value
18101,11,2,222.4,India,0,-0.0172628749367563,-0.8590013472861997,New / Low-Value
18102,1,60,259657.3,India,2,23.352101732085405,11.726106098927549,Champions (VIP)
18104,37,1,754.64,India,0,-0.16655362605989146,-0.6168755665377569,New / Low-Value
18105,38,1,113.48000000000002,India,0,-0.2154479230608459,-0.6366975874104438,New / Low-Value
18106,330,1,421.9,India,1,-1.3055933577322998,2.019612628416165,At Risk / Lost
18108,254,1,271.0,India,1,-1.026823346680582,1.325063916289394,At Risk / Lost
18109,2,26,8004.92,India,3,2.6695371599665254,-0.17899628316524466,Loyal Customers
18110,20,1,198.8,India,0,-0.14091049240553388,-0.7957446628904423,New / Low-Value
18112,12,2,352.69,India,0,-0.011908475522527807,-0.8440850026473566,New / Low-Value
18113,369,1,76.32000000000001,India,1,-1.478393023805844,2.356977409520472,At Risk / Lost
18114,290,1,220.1,India,1,-1.1674780395956472,1.6485499551051832,At Risk / Lost
18116,68,8,1403.1100000000001,India,0,0.375044395295723,-0.1872680041552256,New / Low-Value
18117,26,1,315.65,India,0,-0.155539447219004,-0.736186567634947,New / Low-Value
18118,11,26,5625.08,India,3,2.467916939955951,-0.2047158760315548,Loyal Customers
18119,368,1,180.7,India,1,-1.4672453277015673,2.3526282464677206,At Risk / Lost
18120,214,1,111.15,India,1,-0.8857580864678168,0.9558902499564518,At Risk / Lost
18121,149,2,653.3,India,1,-0.5124174360293853,0.4092179759622256,At Risk / Lost
18122,8,6,1793.06,India,0,0.4554863998532113,-0.7469222586567548,New / Low-Value
18123,24,2,574.4399999999999,India,0,-0.04200671429868254,-0.725506920202816,New / Low-Value
18125,30,4,1131.75,India,0,0.14977608698858577,-0.6118646782218834,New / Low-Value
18126,61,1,200.92000000000002,India,0,-0.2968750437109095,-0.4246241820691928,New / Low-Value
18127,19,3,347.08,India,0,0.048762689723125266,-0.7638667616304233,New / Low-Value
18129,243,1,112.55000000000001,India,1,-0.996081474155962,1.2183856212141166,At Risk / Lost
18130,15,3,1059.39,India,0,0.11408323396424193,-0.7679890308365095,New / Low-Value
18133,212,1,931.4999999999999,India,1,-0.8204554219272108,0.9747317993622551,At Risk / Lost
18135,29,5,681.9100000000001,India,0,0.20967000343535916,-0.6240452233146044,New / Low-Value
18136,63,3,784.33,India,0,-0.0880262810680813,-0.3460042206984125,New / Low-Value
18138,295,1,152.65,India,1,-1.1912594002960712,1.6907596373813365,At Risk / Lost
18139,18,6,8438.34,India,0,0.8847088576088805,-0.35719163469169973,New / Low-Value
18142,157,2,1019.52,India,1,-0.5171258840447494,0.4981039746021096,At Risk / Lost
18143,117,2,1000.16,India,0,-0.36618130649532077,0.13525656787214205,New / Low-Value
18144,8,12,2888.75,India,0,1.0588510501063728,-0.5948326309923319,New / Low-Value
18145,13,4,2861.55,India,0,0.3361464103174509,-0.6878114882983706,New / Low-Value
18146,141,2,160.35000000000002,India,0,-0.5166206962215475,0.31462533002014936,New / Low-Value
18147,46,2,179.33999999999997,India,0,-0.1535586061463024,-0.5442116642206576,New / Low-Value
18149,51,3,612.0799999999999,India,0,-0.05444718096254482,-0.46235331993883,New / Low-Value
18150,32,3,566.58,India,0,0.01469858045016354,-0.636340605938443,New / Low-Value
18151,135,2,653.35,India,0,-0.4591068266257851,0.2825287581390873,New / Low-Value
18154,3,2,399.19,India,0,0.025630270259771208,-0.9234356253266724,New / Low-Value
18155,75,3,371.62,India,0,-0.1627400204308936,-0.25599584903544587,New / Low-Value
18156,13,2,675.64,India,0,0.0069938581082398645,-0.8204931851982844,New / Low-Value
18158,9,2,453.4,India,0,0.006596443654937942,-0.8666982069985766,New / Low-Value
18159,301,1,530.15,India,1,-1.1875593347963422,1.7620547926803605,At Risk / Lost
18160,57,2,638.0600000000001,India,0,-0.16318536288559987,-0.4240122219392786,New / Low-Value
18161,15,5,1618.69,India,0,0.32885187007273253,-0.7085535232226279,New / Low-Value
18164,37,1,399.65000000000003,India,0,-0.1915166758238759,-0.6328607533585981,New / Low-Value
18165,177,1,302.46000000000004,India,1,-0.7314220523232704,0.629677477680731,At Risk / Lost
18167,23,3,1384.8600000000001,India,0,0.10650922838984139,-0.6809380032182015,New / Low-Value
18168,176,6,1160.04,India,1,-0.22871295989761975,0.7448705055653189,At Risk / Lost
18169,61,1,202.65,India,0,-0.2967533893654584,-0.4245462802319578,New / Low-Value
18170,33,3,980.31,India,0,0.03998460279772468,-0.6086609683829002,New / Low-Value
18171,59,5,1231.31,India,0,0.13407456235126167,-0.3278240412727583,New / Low-Value
18172,15,20,7561.68,India,3,2.0625536309970856,-0.18406403234526164,Loyal Customers
18173,87,4,2106.84,India,0,0.0013088128960414272,-0.05214114294737647,New / Low-Value
18174,7,1,104.0,India,0,-0.09807742539976597,-0.9176555821065813,New / Low-Value
18176,358,1,476.35,India,1,-1.4083785970340905,2.275447448583349,At Risk / Lost
18177,31,6,1340.8700000000001,India,0,0.3361122650784148,-0.5591483726375426,New / Low-Value
18178,129,4,1590.81,India,0,-0.19489991920569782,0.3046964528383414,New / Low-Value
18179,9,6,1793.17,India,0,0.45168648557332025,-0.7378679146949367,New / Low-Value
18180,5,6,1843.75,India,0,0.47047389107722903,-0.7717878617932319,New / Low-Value
18181,24,1,366.85,India,0,-0.14432374210251875,-0.7519798148241184,New / Low-Value
18183,227,2,632.07,India,1,-0.8109070019059144,1.1141144617655496,At Risk / Lost
18184,15,1,49.8,India,0,-0.13234998897267913,-0.8477010808137158,New / Low-Value
18185,249,1,304.25,India,1,-1.0054469447168217,1.2813142092540284,At Risk / Lost
18188,15,3,2001.04,India,0,0.18030046771802646,-0.7255865654998939,New / Low-Value
18189,78,2,1090.24,India,0,-0.2113485105158578,-0.21361336896253738,New / Low-Value
18190,192,2,284.46000000000004,India,1,-0.7020833534347435,0.7817329227736488,At Risk / Lost
18191,262,1,207.79999999999998,India,1,-1.0617287941315647,1.3946131479087829,At Risk / Lost
18192,72,1,957.97,India,0,-0.28552310630082395,-0.29099095071132836,New / Low-Value
18193,165,1,243.76,India,1,-0.6898580672894249,0.5184415308206806,At Risk / Lost
18194,82,1,973.8399999999999,India,0,-0.3224836163353916,-0.19978241852900858,New / Low-Value
18196,95,2,686.63,India,0,-0.3044605815939594,-0.07794827130067748,New / Low-Value
18198,4,17,5425.56,India,3,1.691067268288392,-0.43117210912821,Loyal Customers
18200,106,1,150.35,India,0,-0.4717753766293858,-0.019678767373096394,New / Low-Value
18202,200,3,1396.99,India,1,-0.5665917511136545,0.9213503580898891,At Risk / Lost
18203,157,1,160.42000000000002,India,1,-0.6652573757820301,0.4422936083178131,At Risk / Lost
18204,71,3,1975.35,India,0,-0.03473443767992872,-0.21997750798255483,New / Low-Value
18205,36,2,517.36,India,0,-0.09171239882173655,-0.6194845425422275,New / Low-Value
18209,29,1,139.10000000000002,India,0,-0.17937746787566794,-0.716988435732226,New / Low-Value
18210,2,6,2621.38,India,0,0.536580116337222,-0.7639193831033412,New / Low-Value
18211,26,5,600.07,India,0,0.2153379279526503,-0.6548786475428477,New / Low-Value
18212,326,1,216.07,India,1,-1.3048368139145887,1.9741465483205125,At Risk / Lost
18213,237,1,232.48000000000002,India,1,-0.9648020477147947,1.169489720768162,At Risk / Lost
18215,89,1,299.34000000000003,India,0,-0.39656829366617674,-0.1668093943972555,New / Low-Value
18216,31,1,481.75,India,0,-0.16289747128352688,-0.6834601373320676,New / Low-Value
18217,29,2,621.75,India,0,-0.05771810234941263,-0.6781295992901947,New / Low-Value
18218,211,2,641.92,India,1,-0.7492919532249481,0.9697677562552461,At Risk / Lost
18219,3,10,2069.77,India,0,0.8448598521391011,-0.7112084729139785,New / Low-Value
18220,227,1,305.28000000000003,India,1,-0.9216062250726255,1.0822739954688643,At Risk / Lost
18221,22,5,1041.61,India,0,0.26161780911989424,-0.6711936800253058,New / Low-Value
18222,93,1,443.0,India,0,-0.40169665867272975,-0.12414282714605397,New / Low-Value
18223,5,14,6484.54,India,3,1.498569920009953,-0.4258122608407738,Loyal Customers
18224,264,1,158.95000000000002,India,1,-1.0727792462354429,1.4105122155126952,At Risk / Lost
18225,3,12,5504.96,India,0,1.2618623122588182,-0.5222717429383709,New / Low-Value
18226,44,11,5228.05,India,0,0.998557041566353,-0.18084109734655582,New / Low-Value
18227,218,1,93.75,India,1,-0.9022122600745764,0.9913042912509653,At Risk / Lost
18228,57,2,779.9,India,0,-0.15321111296722595,-0.41762517188528236,New / Low-Value
18229,12,20,7276.900000000001,India,3,2.0539507272682207,-0.22403583741077243,Loyal Customers
18230,9,7,2810.2000000000003,India,0,0.6109236829621014,-0.6749459662403947,New / Low-Value
18231,192,5,2071.77,India,1,-0.313241315426907,0.9135908005876456,At Risk / Lost
18232,82,4,592.97,India,0,-0.0861089301889479,-0.16555760745269893,New / Low-Value
18233,326,1,440.0,India,1,-1.2890899598239127,1.9842301080962554,At Risk / Lost
18235,72,3,1796.48,India,0,-0.05112030268169343,-0.2189826269272811,New / Low-Value
18236,30,6,882.24,India,0,0.3076688553835963,-0.5888498555640981,New / Low-Value
18237,3,5,987.1,India,0,0.33012998345022426,-0.845586685998033,New / Low-Value
18239,219,5,1561.6100000000001,India,1,-0.4519225236899381,1.1349518622732648,At Risk / Lost
18240,46,1,422.58,India,0,-0.22417307408902387,-0.5503837002982266,New / Low-Value
18241,10,17,2073.09,India,3,1.4324742361567253,-0.5278373676045973,Loyal Customers
18242,72,4,2232.4900000000002,India,0,0.06725931794754442,-0.18222398799313463,New / Low-Value
18245,7,7,2567.06,India,0,0.601441272448481,-0.70399333295081,New / Low-Value
18246,24,2,596.1,India,0,-0.04048357376546218,-0.7245315711886483,New / Low-Value
18248,123,2,804.02,India,0,-0.40281985297511813,0.18072073478302167,New / Low-Value
18249,17,1,95.34,India,0,-0.13676289560422722,-0.8275516349343048,New / Low-Value
18250,310,1,349.27,India,1,-1.2345477400825264,1.835354288835029,At Risk / Lost
18251,87,1,4314.72,India,0,-0.10658974279800294,-0.004095760008234443,New / Low-Value
18252,51,2,518.27,India,0,-0.14876315013896568,-0.4837027052881096,New / Low-Value
18255,89,1,103.3,India,0,-0.41035391093914647,-0.1756370684848572,New / Low-Value
18257,39,8,2337.63,India,0,0.5511820806686152,-0.4076189317683886,New / Low-Value
18259,25,3,2338.6000000000004,India,0,0.16596133709858654,-0.6198923442885974,New / Low-Value
18260,173,6,2628.35,India,1,-0.11403781942596226,0.7838402795971027,At Risk / Lost
18261,43,2,324.24,India,0,-0.13194622712751586,-0.5648349944751058,New / Low-Value
18262,140,1,149.48,India,0,-0.6012966393321146,0.28796133919596933,New / Low-Value
18263,26,3,1213.1599999999999,India,0,0.08301226182302597,-0.6615214759914401,New / Low-Value
18265,72,2,801.51,India,0,-0.20880623136489543,-0.28091121438216743,New / Low-Value
18268,134,1,25.5,India,0,-0.5871690691909373,0.22808218029915292,New / Low-Value
18269,366,1,168.6,India,1,-1.460480905860837,2.333984602575095,At Risk / Lost
18270,38,2,283.15,India,0,-0.11579744599660884,-0.6119322290133908,New / Low-Value
18272,3,6,3078.58,India,0,0.5649229678158584,-0.7342822930249049,New / Low-Value
18273,2,3,204.0,India,0,0.10343128443436397,-0.9241492901581827,New / Low-Value
18274,30,1,175.92,India,0,-0.18059591913734477,-0.7062810418022594,New / Low-Value
18276,44,1,335.86,India,0,-0.22265596280179775,-0.572387480083613,New / Low-Value
18277,58,1,110.38,India,0,-0.2918189069424188,-0.4558493669817971,New / Low-Value
18278,74,1,173.9,India,0,-0.3482745456085014,-0.30819881303338253,New / Low-Value
18280,278,1,180.60000000000002,India,1,-1.124563902288587,1.5381785835485502,At Risk / Lost
18281,181,1,80.82,India,1,-0.7622384707363518,0.6558945991851416,At Risk / Lost
18282,8,2,178.05,India,0,-0.008958637465151525,-0.8881465981745932,New / Low-Value
18283,4,16,2045.53,India,3,1.3656628926909424,-0.6004998618523029,Loyal Customers
18287,43,3,1837.28,India,0,0.062170607190288316,-0.4795777337159765,New / Low-Value
